{
  "type": "File",
  "start": 0,
  "end": 219,
  "loc": {
    "start": {
      "line": 1,
      "column": 0
    },
    "end": {
      "line": 18,
      "column": 0
    }
  },
  "program": {
    "type": "Program",
    "start": 0,
    "end": 219,
    "loc": {
      "start": {
        "line": 1,
        "column": 0
      },
      "end": {
        "line": 18,
        "column": 0
      }
    },
    "sourceType": "module",
    "body": [
      {
        "type": "ExportNamedDeclaration",
        "start": 125,
        "end": 217,
        "loc": {
          "start": {
            "line": 9,
            "column": 0
          },
          "end": {
            "line": 17,
            "column": 1
          }
        },
        "specifiers": [],
        "source": null,
        "declaration": {
          "type": "ClassDeclaration",
          "start": 132,
          "end": 217,
          "loc": {
            "start": {
              "line": 9,
              "column": 7
            },
            "end": {
              "line": 17,
              "column": 1
            }
          },
          "id": {
            "type": "Identifier",
            "start": 138,
            "end": 148,
            "loc": {
              "start": {
                "line": 9,
                "column": 13
              },
              "end": {
                "line": 9,
                "column": 23
              },
              "identifierName": "Disposable"
            },
            "name": "Disposable",
            "leadingComments": null
          },
          "superClass": null,
          "body": {
            "type": "ClassBody",
            "start": 149,
            "end": 217,
            "loc": {
              "start": {
                "line": 9,
                "column": 24
              },
              "end": {
                "line": 17,
                "column": 1
              }
            },
            "body": [
              {
                "type": "ClassMethod",
                "start": 200,
                "end": 212,
                "loc": {
                  "start": {
                    "line": 15,
                    "column": 1
                  },
                  "end": {
                    "line": 15,
                    "column": 13
                  }
                },
                "static": false,
                "computed": false,
                "key": {
                  "type": "Identifier",
                  "start": 200,
                  "end": 207,
                  "loc": {
                    "start": {
                      "line": 15,
                      "column": 1
                    },
                    "end": {
                      "line": 15,
                      "column": 8
                    },
                    "identifierName": "dispose"
                  },
                  "name": "dispose",
                  "leadingComments": null
                },
                "kind": "method",
                "id": null,
                "generator": false,
                "expression": false,
                "async": false,
                "params": [],
                "body": {
                  "type": "BlockStatement",
                  "start": 210,
                  "end": 212,
                  "loc": {
                    "start": {
                      "line": 15,
                      "column": 11
                    },
                    "end": {
                      "line": 15,
                      "column": 13
                    }
                  },
                  "body": [],
                  "directives": []
                },
                "leadingComments": [
                  {
                    "type": "CommentBlock",
                    "value": "*\r\n\t * Frees internal resources.\r\n\t ",
                    "start": 155,
                    "end": 195,
                    "loc": {
                      "start": {
                        "line": 11,
                        "column": 1
                      },
                      "end": {
                        "line": 13,
                        "column": 4
                      }
                    }
                  }
                ]
              }
            ]
          },
          "leadingComments": [
            {
              "type": "CommentBlock",
              "value": "*\r\n * The Disposable contract.\r\n *\r\n * Implemented by objects that can free internal resources.\r\n *\r\n * @interface\r\n ",
              "start": 0,
              "end": 121,
              "loc": {
                "start": {
                  "line": 1,
                  "column": 0
                },
                "end": {
                  "line": 7,
                  "column": 3
                }
              }
            }
          ],
          "trailingComments": []
        },
        "leadingComments": [
          {
            "type": "CommentBlock",
            "value": "*\r\n * The Disposable contract.\r\n *\r\n * Implemented by objects that can free internal resources.\r\n *\r\n * @interface\r\n ",
            "start": 0,
            "end": 121,
            "loc": {
              "start": {
                "line": 1,
                "column": 0
              },
              "end": {
                "line": 7,
                "column": 3
              }
            }
          }
        ]
      }
    ],
    "directives": []
  },
  "comments": [
    {
      "type": "CommentBlock",
      "value": "*\r\n * The Disposable contract.\r\n *\r\n * Implemented by objects that can free internal resources.\r\n *\r\n * @interface\r\n ",
      "start": 0,
      "end": 121,
      "loc": {
        "start": {
          "line": 1,
          "column": 0
        },
        "end": {
          "line": 7,
          "column": 3
        }
      }
    },
    {
      "type": "CommentBlock",
      "value": "*\r\n\t * Frees internal resources.\r\n\t ",
      "start": 155,
      "end": 195,
      "loc": {
        "start": {
          "line": 11,
          "column": 1
        },
        "end": {
          "line": 13,
          "column": 4
        }
      }
    }
  ],
  "tokens": [
    {
      "type": "CommentBlock",
      "value": "*\r\n * The Disposable contract.\r\n *\r\n * Implemented by objects that can free internal resources.\r\n *\r\n * @interface\r\n ",
      "start": 0,
      "end": 121,
      "loc": {
        "start": {
          "line": 1,
          "column": 0
        },
        "end": {
          "line": 7,
          "column": 3
        }
      }
    },
    {
      "type": {
        "label": "export",
        "keyword": "export",
        "beforeExpr": false,
        "startsExpr": false,
        "rightAssociative": false,
        "isLoop": false,
        "isAssign": false,
        "prefix": false,
        "postfix": false,
        "binop": null,
        "updateContext": null
      },
      "value": "export",
      "start": 125,
      "end": 131,
      "loc": {
        "start": {
          "line": 9,
          "column": 0
        },
        "end": {
          "line": 9,
          "column": 6
        }
      }
    },
    {
      "type": {
        "label": "class",
        "keyword": "class",
        "beforeExpr": false,
        "startsExpr": false,
        "rightAssociative": false,
        "isLoop": false,
        "isAssign": false,
        "prefix": false,
        "postfix": false,
        "binop": null,
        "updateContext": null
      },
      "value": "class",
      "start": 132,
      "end": 137,
      "loc": {
        "start": {
          "line": 9,
          "column": 7
        },
        "end": {
          "line": 9,
          "column": 12
        }
      }
    },
    {
      "type": {
        "label": "name",
        "beforeExpr": false,
        "startsExpr": true,
        "rightAssociative": false,
        "isLoop": false,
        "isAssign": false,
        "prefix": false,
        "postfix": false,
        "binop": null
      },
      "value": "Disposable",
      "start": 138,
      "end": 148,
      "loc": {
        "start": {
          "line": 9,
          "column": 13
        },
        "end": {
          "line": 9,
          "column": 23
        }
      }
    },
    {
      "type": {
        "label": "{",
        "beforeExpr": true,
        "startsExpr": true,
        "rightAssociative": false,
        "isLoop": false,
        "isAssign": false,
        "prefix": false,
        "postfix": false,
        "binop": null
      },
      "start": 149,
      "end": 150,
      "loc": {
        "start": {
          "line": 9,
          "column": 24
        },
        "end": {
          "line": 9,
          "column": 25
        }
      }
    },
    {
      "type": "CommentBlock",
      "value": "*\r\n\t * Frees internal resources.\r\n\t ",
      "start": 155,
      "end": 195,
      "loc": {
        "start": {
          "line": 11,
          "column": 1
        },
        "end": {
          "line": 13,
          "column": 4
        }
      }
    },
    {
      "type": {
        "label": "name",
        "beforeExpr": false,
        "startsExpr": true,
        "rightAssociative": false,
        "isLoop": false,
        "isAssign": false,
        "prefix": false,
        "postfix": false,
        "binop": null
      },
      "value": "dispose",
      "start": 200,
      "end": 207,
      "loc": {
        "start": {
          "line": 15,
          "column": 1
        },
        "end": {
          "line": 15,
          "column": 8
        }
      }
    },
    {
      "type": {
        "label": "(",
        "beforeExpr": true,
        "startsExpr": true,
        "rightAssociative": false,
        "isLoop": false,
        "isAssign": false,
        "prefix": false,
        "postfix": false,
        "binop": null
      },
      "start": 207,
      "end": 208,
      "loc": {
        "start": {
          "line": 15,
          "column": 8
        },
        "end": {
          "line": 15,
          "column": 9
        }
      }
    },
    {
      "type": {
        "label": ")",
        "beforeExpr": false,
        "startsExpr": false,
        "rightAssociative": false,
        "isLoop": false,
        "isAssign": false,
        "prefix": false,
        "postfix": false,
        "binop": null
      },
      "start": 208,
      "end": 209,
      "loc": {
        "start": {
          "line": 15,
          "column": 9
        },
        "end": {
          "line": 15,
          "column": 10
        }
      }
    },
    {
      "type": {
        "label": "{",
        "beforeExpr": true,
        "startsExpr": true,
        "rightAssociative": false,
        "isLoop": false,
        "isAssign": false,
        "prefix": false,
        "postfix": false,
        "binop": null
      },
      "start": 210,
      "end": 211,
      "loc": {
        "start": {
          "line": 15,
          "column": 11
        },
        "end": {
          "line": 15,
          "column": 12
        }
      }
    },
    {
      "type": {
        "label": "}",
        "beforeExpr": false,
        "startsExpr": false,
        "rightAssociative": false,
        "isLoop": false,
        "isAssign": false,
        "prefix": false,
        "postfix": false,
        "binop": null
      },
      "start": 211,
      "end": 212,
      "loc": {
        "start": {
          "line": 15,
          "column": 12
        },
        "end": {
          "line": 15,
          "column": 13
        }
      }
    },
    {
      "type": {
        "label": "}",
        "beforeExpr": false,
        "startsExpr": false,
        "rightAssociative": false,
        "isLoop": false,
        "isAssign": false,
        "prefix": false,
        "postfix": false,
        "binop": null
      },
      "start": 216,
      "end": 217,
      "loc": {
        "start": {
          "line": 17,
          "column": 0
        },
        "end": {
          "line": 17,
          "column": 1
        }
      }
    },
    {
      "type": {
        "label": "eof",
        "beforeExpr": false,
        "startsExpr": false,
        "rightAssociative": false,
        "isLoop": false,
        "isAssign": false,
        "prefix": false,
        "postfix": false,
        "binop": null,
        "updateContext": null
      },
      "start": 219,
      "end": 219,
      "loc": {
        "start": {
          "line": 18,
          "column": 0
        },
        "end": {
          "line": 18,
          "column": 0
        }
      }
    }
  ]
}