{
  "type": "File",
  "start": 0,
  "end": 370,
  "loc": {
    "start": {
      "line": 1,
      "column": 0
    },
    "end": {
      "line": 21,
      "column": 0
    }
  },
  "program": {
    "type": "Program",
    "start": 0,
    "end": 370,
    "loc": {
      "start": {
        "line": 1,
        "column": 0
      },
      "end": {
        "line": 21,
        "column": 0
      }
    },
    "sourceType": "module",
    "body": [
      {
        "type": "ExportNamedDeclaration",
        "start": 119,
        "end": 368,
        "loc": {
          "start": {
            "line": 9,
            "column": 0
          },
          "end": {
            "line": 20,
            "column": 1
          }
        },
        "specifiers": [],
        "source": null,
        "declaration": {
          "type": "ClassDeclaration",
          "start": 126,
          "end": 368,
          "loc": {
            "start": {
              "line": 9,
              "column": 7
            },
            "end": {
              "line": 20,
              "column": 1
            }
          },
          "id": {
            "type": "Identifier",
            "start": 132,
            "end": 145,
            "loc": {
              "start": {
                "line": 9,
                "column": 13
              },
              "end": {
                "line": 9,
                "column": 26
              },
              "identifierName": "Initializable"
            },
            "name": "Initializable",
            "leadingComments": null
          },
          "superClass": null,
          "body": {
            "type": "ClassBody",
            "start": 146,
            "end": 368,
            "loc": {
              "start": {
                "line": 9,
                "column": 27
              },
              "end": {
                "line": 20,
                "column": 1
              }
            },
            "body": [
              {
                "type": "ClassMethod",
                "start": 333,
                "end": 363,
                "loc": {
                  "start": {
                    "line": 18,
                    "column": 1
                  },
                  "end": {
                    "line": 18,
                    "column": 31
                  }
                },
                "static": false,
                "computed": false,
                "key": {
                  "type": "Identifier",
                  "start": 333,
                  "end": 343,
                  "loc": {
                    "start": {
                      "line": 18,
                      "column": 1
                    },
                    "end": {
                      "line": 18,
                      "column": 11
                    },
                    "identifierName": "initialize"
                  },
                  "name": "initialize",
                  "leadingComments": null
                },
                "kind": "method",
                "id": null,
                "generator": false,
                "expression": false,
                "async": false,
                "params": [
                  {
                    "type": "Identifier",
                    "start": 344,
                    "end": 352,
                    "loc": {
                      "start": {
                        "line": 18,
                        "column": 12
                      },
                      "end": {
                        "line": 18,
                        "column": 20
                      },
                      "identifierName": "renderer"
                    },
                    "name": "renderer"
                  },
                  {
                    "type": "Identifier",
                    "start": 354,
                    "end": 359,
                    "loc": {
                      "start": {
                        "line": 18,
                        "column": 22
                      },
                      "end": {
                        "line": 18,
                        "column": 27
                      },
                      "identifierName": "alpha"
                    },
                    "name": "alpha"
                  }
                ],
                "body": {
                  "type": "BlockStatement",
                  "start": 361,
                  "end": 363,
                  "loc": {
                    "start": {
                      "line": 18,
                      "column": 29
                    },
                    "end": {
                      "line": 18,
                      "column": 31
                    }
                  },
                  "body": [],
                  "directives": []
                },
                "leadingComments": [
                  {
                    "type": "CommentBlock",
                    "value": "*\r\n\t * Performs initialization tasks.\r\n\t *\r\n\t * @param {WebGLRenderer} renderer - A renderer.\r\n\t * @param {Boolean} alpha - Whether the renderer uses the alpha channel.\r\n\t ",
                    "start": 152,
                    "end": 328,
                    "loc": {
                      "start": {
                        "line": 11,
                        "column": 1
                      },
                      "end": {
                        "line": 16,
                        "column": 4
                      }
                    }
                  }
                ]
              }
            ]
          },
          "leadingComments": [
            {
              "type": "CommentBlock",
              "value": "*\r\n * The initializable contract.\r\n *\r\n * Implemented by objects that can be initialized.\r\n *\r\n * @interface\r\n ",
              "start": 0,
              "end": 115,
              "loc": {
                "start": {
                  "line": 1,
                  "column": 0
                },
                "end": {
                  "line": 7,
                  "column": 3
                }
              }
            }
          ],
          "trailingComments": []
        },
        "leadingComments": [
          {
            "type": "CommentBlock",
            "value": "*\r\n * The initializable contract.\r\n *\r\n * Implemented by objects that can be initialized.\r\n *\r\n * @interface\r\n ",
            "start": 0,
            "end": 115,
            "loc": {
              "start": {
                "line": 1,
                "column": 0
              },
              "end": {
                "line": 7,
                "column": 3
              }
            }
          }
        ]
      }
    ],
    "directives": []
  },
  "comments": [
    {
      "type": "CommentBlock",
      "value": "*\r\n * The initializable contract.\r\n *\r\n * Implemented by objects that can be initialized.\r\n *\r\n * @interface\r\n ",
      "start": 0,
      "end": 115,
      "loc": {
        "start": {
          "line": 1,
          "column": 0
        },
        "end": {
          "line": 7,
          "column": 3
        }
      }
    },
    {
      "type": "CommentBlock",
      "value": "*\r\n\t * Performs initialization tasks.\r\n\t *\r\n\t * @param {WebGLRenderer} renderer - A renderer.\r\n\t * @param {Boolean} alpha - Whether the renderer uses the alpha channel.\r\n\t ",
      "start": 152,
      "end": 328,
      "loc": {
        "start": {
          "line": 11,
          "column": 1
        },
        "end": {
          "line": 16,
          "column": 4
        }
      }
    }
  ],
  "tokens": [
    {
      "type": "CommentBlock",
      "value": "*\r\n * The initializable contract.\r\n *\r\n * Implemented by objects that can be initialized.\r\n *\r\n * @interface\r\n ",
      "start": 0,
      "end": 115,
      "loc": {
        "start": {
          "line": 1,
          "column": 0
        },
        "end": {
          "line": 7,
          "column": 3
        }
      }
    },
    {
      "type": {
        "label": "export",
        "keyword": "export",
        "beforeExpr": false,
        "startsExpr": false,
        "rightAssociative": false,
        "isLoop": false,
        "isAssign": false,
        "prefix": false,
        "postfix": false,
        "binop": null,
        "updateContext": null
      },
      "value": "export",
      "start": 119,
      "end": 125,
      "loc": {
        "start": {
          "line": 9,
          "column": 0
        },
        "end": {
          "line": 9,
          "column": 6
        }
      }
    },
    {
      "type": {
        "label": "class",
        "keyword": "class",
        "beforeExpr": false,
        "startsExpr": false,
        "rightAssociative": false,
        "isLoop": false,
        "isAssign": false,
        "prefix": false,
        "postfix": false,
        "binop": null,
        "updateContext": null
      },
      "value": "class",
      "start": 126,
      "end": 131,
      "loc": {
        "start": {
          "line": 9,
          "column": 7
        },
        "end": {
          "line": 9,
          "column": 12
        }
      }
    },
    {
      "type": {
        "label": "name",
        "beforeExpr": false,
        "startsExpr": true,
        "rightAssociative": false,
        "isLoop": false,
        "isAssign": false,
        "prefix": false,
        "postfix": false,
        "binop": null
      },
      "value": "Initializable",
      "start": 132,
      "end": 145,
      "loc": {
        "start": {
          "line": 9,
          "column": 13
        },
        "end": {
          "line": 9,
          "column": 26
        }
      }
    },
    {
      "type": {
        "label": "{",
        "beforeExpr": true,
        "startsExpr": true,
        "rightAssociative": false,
        "isLoop": false,
        "isAssign": false,
        "prefix": false,
        "postfix": false,
        "binop": null
      },
      "start": 146,
      "end": 147,
      "loc": {
        "start": {
          "line": 9,
          "column": 27
        },
        "end": {
          "line": 9,
          "column": 28
        }
      }
    },
    {
      "type": "CommentBlock",
      "value": "*\r\n\t * Performs initialization tasks.\r\n\t *\r\n\t * @param {WebGLRenderer} renderer - A renderer.\r\n\t * @param {Boolean} alpha - Whether the renderer uses the alpha channel.\r\n\t ",
      "start": 152,
      "end": 328,
      "loc": {
        "start": {
          "line": 11,
          "column": 1
        },
        "end": {
          "line": 16,
          "column": 4
        }
      }
    },
    {
      "type": {
        "label": "name",
        "beforeExpr": false,
        "startsExpr": true,
        "rightAssociative": false,
        "isLoop": false,
        "isAssign": false,
        "prefix": false,
        "postfix": false,
        "binop": null
      },
      "value": "initialize",
      "start": 333,
      "end": 343,
      "loc": {
        "start": {
          "line": 18,
          "column": 1
        },
        "end": {
          "line": 18,
          "column": 11
        }
      }
    },
    {
      "type": {
        "label": "(",
        "beforeExpr": true,
        "startsExpr": true,
        "rightAssociative": false,
        "isLoop": false,
        "isAssign": false,
        "prefix": false,
        "postfix": false,
        "binop": null
      },
      "start": 343,
      "end": 344,
      "loc": {
        "start": {
          "line": 18,
          "column": 11
        },
        "end": {
          "line": 18,
          "column": 12
        }
      }
    },
    {
      "type": {
        "label": "name",
        "beforeExpr": false,
        "startsExpr": true,
        "rightAssociative": false,
        "isLoop": false,
        "isAssign": false,
        "prefix": false,
        "postfix": false,
        "binop": null
      },
      "value": "renderer",
      "start": 344,
      "end": 352,
      "loc": {
        "start": {
          "line": 18,
          "column": 12
        },
        "end": {
          "line": 18,
          "column": 20
        }
      }
    },
    {
      "type": {
        "label": ",",
        "beforeExpr": true,
        "startsExpr": false,
        "rightAssociative": false,
        "isLoop": false,
        "isAssign": false,
        "prefix": false,
        "postfix": false,
        "binop": null,
        "updateContext": null
      },
      "start": 352,
      "end": 353,
      "loc": {
        "start": {
          "line": 18,
          "column": 20
        },
        "end": {
          "line": 18,
          "column": 21
        }
      }
    },
    {
      "type": {
        "label": "name",
        "beforeExpr": false,
        "startsExpr": true,
        "rightAssociative": false,
        "isLoop": false,
        "isAssign": false,
        "prefix": false,
        "postfix": false,
        "binop": null
      },
      "value": "alpha",
      "start": 354,
      "end": 359,
      "loc": {
        "start": {
          "line": 18,
          "column": 22
        },
        "end": {
          "line": 18,
          "column": 27
        }
      }
    },
    {
      "type": {
        "label": ")",
        "beforeExpr": false,
        "startsExpr": false,
        "rightAssociative": false,
        "isLoop": false,
        "isAssign": false,
        "prefix": false,
        "postfix": false,
        "binop": null
      },
      "start": 359,
      "end": 360,
      "loc": {
        "start": {
          "line": 18,
          "column": 27
        },
        "end": {
          "line": 18,
          "column": 28
        }
      }
    },
    {
      "type": {
        "label": "{",
        "beforeExpr": true,
        "startsExpr": true,
        "rightAssociative": false,
        "isLoop": false,
        "isAssign": false,
        "prefix": false,
        "postfix": false,
        "binop": null
      },
      "start": 361,
      "end": 362,
      "loc": {
        "start": {
          "line": 18,
          "column": 29
        },
        "end": {
          "line": 18,
          "column": 30
        }
      }
    },
    {
      "type": {
        "label": "}",
        "beforeExpr": false,
        "startsExpr": false,
        "rightAssociative": false,
        "isLoop": false,
        "isAssign": false,
        "prefix": false,
        "postfix": false,
        "binop": null
      },
      "start": 362,
      "end": 363,
      "loc": {
        "start": {
          "line": 18,
          "column": 30
        },
        "end": {
          "line": 18,
          "column": 31
        }
      }
    },
    {
      "type": {
        "label": "}",
        "beforeExpr": false,
        "startsExpr": false,
        "rightAssociative": false,
        "isLoop": false,
        "isAssign": false,
        "prefix": false,
        "postfix": false,
        "binop": null
      },
      "start": 367,
      "end": 368,
      "loc": {
        "start": {
          "line": 20,
          "column": 0
        },
        "end": {
          "line": 20,
          "column": 1
        }
      }
    },
    {
      "type": {
        "label": "eof",
        "beforeExpr": false,
        "startsExpr": false,
        "rightAssociative": false,
        "isLoop": false,
        "isAssign": false,
        "prefix": false,
        "postfix": false,
        "binop": null,
        "updateContext": null
      },
      "start": 370,
      "end": 370,
      "loc": {
        "start": {
          "line": 21,
          "column": 0
        },
        "end": {
          "line": 21,
          "column": 0
        }
      }
    }
  ]
}