{
  "type": "File",
  "start": 0,
  "end": 316,
  "loc": {
    "start": {
      "line": 1,
      "column": 0
    },
    "end": {
      "line": 21,
      "column": 0
    }
  },
  "program": {
    "type": "Program",
    "start": 0,
    "end": 316,
    "loc": {
      "start": {
        "line": 1,
        "column": 0
      },
      "end": {
        "line": 21,
        "column": 0
      }
    },
    "sourceType": "module",
    "body": [
      {
        "type": "ExportNamedDeclaration",
        "start": 111,
        "end": 314,
        "loc": {
          "start": {
            "line": 9,
            "column": 0
          },
          "end": {
            "line": 20,
            "column": 1
          }
        },
        "specifiers": [],
        "source": null,
        "declaration": {
          "type": "ClassDeclaration",
          "start": 118,
          "end": 314,
          "loc": {
            "start": {
              "line": 9,
              "column": 7
            },
            "end": {
              "line": 20,
              "column": 1
            }
          },
          "id": {
            "type": "Identifier",
            "start": 124,
            "end": 133,
            "loc": {
              "start": {
                "line": 9,
                "column": 13
              },
              "end": {
                "line": 9,
                "column": 22
              },
              "identifierName": "Resizable"
            },
            "name": "Resizable",
            "leadingComments": null
          },
          "superClass": null,
          "body": {
            "type": "ClassBody",
            "start": 134,
            "end": 314,
            "loc": {
              "start": {
                "line": 9,
                "column": 23
              },
              "end": {
                "line": 20,
                "column": 1
              }
            },
            "body": [
              {
                "type": "ClassMethod",
                "start": 284,
                "end": 309,
                "loc": {
                  "start": {
                    "line": 18,
                    "column": 1
                  },
                  "end": {
                    "line": 18,
                    "column": 26
                  }
                },
                "static": false,
                "computed": false,
                "key": {
                  "type": "Identifier",
                  "start": 284,
                  "end": 291,
                  "loc": {
                    "start": {
                      "line": 18,
                      "column": 1
                    },
                    "end": {
                      "line": 18,
                      "column": 8
                    },
                    "identifierName": "setSize"
                  },
                  "name": "setSize",
                  "leadingComments": null
                },
                "kind": "method",
                "id": null,
                "generator": false,
                "expression": false,
                "async": false,
                "params": [
                  {
                    "type": "Identifier",
                    "start": 292,
                    "end": 297,
                    "loc": {
                      "start": {
                        "line": 18,
                        "column": 9
                      },
                      "end": {
                        "line": 18,
                        "column": 14
                      },
                      "identifierName": "width"
                    },
                    "name": "width"
                  },
                  {
                    "type": "Identifier",
                    "start": 299,
                    "end": 305,
                    "loc": {
                      "start": {
                        "line": 18,
                        "column": 16
                      },
                      "end": {
                        "line": 18,
                        "column": 22
                      },
                      "identifierName": "height"
                    },
                    "name": "height"
                  }
                ],
                "body": {
                  "type": "BlockStatement",
                  "start": 307,
                  "end": 309,
                  "loc": {
                    "start": {
                      "line": 18,
                      "column": 24
                    },
                    "end": {
                      "line": 18,
                      "column": 26
                    }
                  },
                  "body": [],
                  "directives": []
                },
                "leadingComments": [
                  {
                    "type": "CommentBlock",
                    "value": "*\r\n\t * Sets the size of this object.\r\n\t *\r\n\t * @param {Number} width - The new width.\r\n\t * @param {Number} height - The new height.\r\n\t ",
                    "start": 140,
                    "end": 279,
                    "loc": {
                      "start": {
                        "line": 11,
                        "column": 1
                      },
                      "end": {
                        "line": 16,
                        "column": 4
                      }
                    }
                  }
                ]
              }
            ]
          },
          "leadingComments": [
            {
              "type": "CommentBlock",
              "value": "*\r\n * The Resizable contract.\r\n *\r\n * Implemented by objects that can be resized.\r\n *\r\n * @interface\r\n ",
              "start": 0,
              "end": 107,
              "loc": {
                "start": {
                  "line": 1,
                  "column": 0
                },
                "end": {
                  "line": 7,
                  "column": 3
                }
              }
            }
          ],
          "trailingComments": []
        },
        "leadingComments": [
          {
            "type": "CommentBlock",
            "value": "*\r\n * The Resizable contract.\r\n *\r\n * Implemented by objects that can be resized.\r\n *\r\n * @interface\r\n ",
            "start": 0,
            "end": 107,
            "loc": {
              "start": {
                "line": 1,
                "column": 0
              },
              "end": {
                "line": 7,
                "column": 3
              }
            }
          }
        ]
      }
    ],
    "directives": []
  },
  "comments": [
    {
      "type": "CommentBlock",
      "value": "*\r\n * The Resizable contract.\r\n *\r\n * Implemented by objects that can be resized.\r\n *\r\n * @interface\r\n ",
      "start": 0,
      "end": 107,
      "loc": {
        "start": {
          "line": 1,
          "column": 0
        },
        "end": {
          "line": 7,
          "column": 3
        }
      }
    },
    {
      "type": "CommentBlock",
      "value": "*\r\n\t * Sets the size of this object.\r\n\t *\r\n\t * @param {Number} width - The new width.\r\n\t * @param {Number} height - The new height.\r\n\t ",
      "start": 140,
      "end": 279,
      "loc": {
        "start": {
          "line": 11,
          "column": 1
        },
        "end": {
          "line": 16,
          "column": 4
        }
      }
    }
  ],
  "tokens": [
    {
      "type": "CommentBlock",
      "value": "*\r\n * The Resizable contract.\r\n *\r\n * Implemented by objects that can be resized.\r\n *\r\n * @interface\r\n ",
      "start": 0,
      "end": 107,
      "loc": {
        "start": {
          "line": 1,
          "column": 0
        },
        "end": {
          "line": 7,
          "column": 3
        }
      }
    },
    {
      "type": {
        "label": "export",
        "keyword": "export",
        "beforeExpr": false,
        "startsExpr": false,
        "rightAssociative": false,
        "isLoop": false,
        "isAssign": false,
        "prefix": false,
        "postfix": false,
        "binop": null,
        "updateContext": null
      },
      "value": "export",
      "start": 111,
      "end": 117,
      "loc": {
        "start": {
          "line": 9,
          "column": 0
        },
        "end": {
          "line": 9,
          "column": 6
        }
      }
    },
    {
      "type": {
        "label": "class",
        "keyword": "class",
        "beforeExpr": false,
        "startsExpr": false,
        "rightAssociative": false,
        "isLoop": false,
        "isAssign": false,
        "prefix": false,
        "postfix": false,
        "binop": null,
        "updateContext": null
      },
      "value": "class",
      "start": 118,
      "end": 123,
      "loc": {
        "start": {
          "line": 9,
          "column": 7
        },
        "end": {
          "line": 9,
          "column": 12
        }
      }
    },
    {
      "type": {
        "label": "name",
        "beforeExpr": false,
        "startsExpr": true,
        "rightAssociative": false,
        "isLoop": false,
        "isAssign": false,
        "prefix": false,
        "postfix": false,
        "binop": null
      },
      "value": "Resizable",
      "start": 124,
      "end": 133,
      "loc": {
        "start": {
          "line": 9,
          "column": 13
        },
        "end": {
          "line": 9,
          "column": 22
        }
      }
    },
    {
      "type": {
        "label": "{",
        "beforeExpr": true,
        "startsExpr": true,
        "rightAssociative": false,
        "isLoop": false,
        "isAssign": false,
        "prefix": false,
        "postfix": false,
        "binop": null
      },
      "start": 134,
      "end": 135,
      "loc": {
        "start": {
          "line": 9,
          "column": 23
        },
        "end": {
          "line": 9,
          "column": 24
        }
      }
    },
    {
      "type": "CommentBlock",
      "value": "*\r\n\t * Sets the size of this object.\r\n\t *\r\n\t * @param {Number} width - The new width.\r\n\t * @param {Number} height - The new height.\r\n\t ",
      "start": 140,
      "end": 279,
      "loc": {
        "start": {
          "line": 11,
          "column": 1
        },
        "end": {
          "line": 16,
          "column": 4
        }
      }
    },
    {
      "type": {
        "label": "name",
        "beforeExpr": false,
        "startsExpr": true,
        "rightAssociative": false,
        "isLoop": false,
        "isAssign": false,
        "prefix": false,
        "postfix": false,
        "binop": null
      },
      "value": "setSize",
      "start": 284,
      "end": 291,
      "loc": {
        "start": {
          "line": 18,
          "column": 1
        },
        "end": {
          "line": 18,
          "column": 8
        }
      }
    },
    {
      "type": {
        "label": "(",
        "beforeExpr": true,
        "startsExpr": true,
        "rightAssociative": false,
        "isLoop": false,
        "isAssign": false,
        "prefix": false,
        "postfix": false,
        "binop": null
      },
      "start": 291,
      "end": 292,
      "loc": {
        "start": {
          "line": 18,
          "column": 8
        },
        "end": {
          "line": 18,
          "column": 9
        }
      }
    },
    {
      "type": {
        "label": "name",
        "beforeExpr": false,
        "startsExpr": true,
        "rightAssociative": false,
        "isLoop": false,
        "isAssign": false,
        "prefix": false,
        "postfix": false,
        "binop": null
      },
      "value": "width",
      "start": 292,
      "end": 297,
      "loc": {
        "start": {
          "line": 18,
          "column": 9
        },
        "end": {
          "line": 18,
          "column": 14
        }
      }
    },
    {
      "type": {
        "label": ",",
        "beforeExpr": true,
        "startsExpr": false,
        "rightAssociative": false,
        "isLoop": false,
        "isAssign": false,
        "prefix": false,
        "postfix": false,
        "binop": null,
        "updateContext": null
      },
      "start": 297,
      "end": 298,
      "loc": {
        "start": {
          "line": 18,
          "column": 14
        },
        "end": {
          "line": 18,
          "column": 15
        }
      }
    },
    {
      "type": {
        "label": "name",
        "beforeExpr": false,
        "startsExpr": true,
        "rightAssociative": false,
        "isLoop": false,
        "isAssign": false,
        "prefix": false,
        "postfix": false,
        "binop": null
      },
      "value": "height",
      "start": 299,
      "end": 305,
      "loc": {
        "start": {
          "line": 18,
          "column": 16
        },
        "end": {
          "line": 18,
          "column": 22
        }
      }
    },
    {
      "type": {
        "label": ")",
        "beforeExpr": false,
        "startsExpr": false,
        "rightAssociative": false,
        "isLoop": false,
        "isAssign": false,
        "prefix": false,
        "postfix": false,
        "binop": null
      },
      "start": 305,
      "end": 306,
      "loc": {
        "start": {
          "line": 18,
          "column": 22
        },
        "end": {
          "line": 18,
          "column": 23
        }
      }
    },
    {
      "type": {
        "label": "{",
        "beforeExpr": true,
        "startsExpr": true,
        "rightAssociative": false,
        "isLoop": false,
        "isAssign": false,
        "prefix": false,
        "postfix": false,
        "binop": null
      },
      "start": 307,
      "end": 308,
      "loc": {
        "start": {
          "line": 18,
          "column": 24
        },
        "end": {
          "line": 18,
          "column": 25
        }
      }
    },
    {
      "type": {
        "label": "}",
        "beforeExpr": false,
        "startsExpr": false,
        "rightAssociative": false,
        "isLoop": false,
        "isAssign": false,
        "prefix": false,
        "postfix": false,
        "binop": null
      },
      "start": 308,
      "end": 309,
      "loc": {
        "start": {
          "line": 18,
          "column": 25
        },
        "end": {
          "line": 18,
          "column": 26
        }
      }
    },
    {
      "type": {
        "label": "}",
        "beforeExpr": false,
        "startsExpr": false,
        "rightAssociative": false,
        "isLoop": false,
        "isAssign": false,
        "prefix": false,
        "postfix": false,
        "binop": null
      },
      "start": 313,
      "end": 314,
      "loc": {
        "start": {
          "line": 20,
          "column": 0
        },
        "end": {
          "line": 20,
          "column": 1
        }
      }
    },
    {
      "type": {
        "label": "eof",
        "beforeExpr": false,
        "startsExpr": false,
        "rightAssociative": false,
        "isLoop": false,
        "isAssign": false,
        "prefix": false,
        "postfix": false,
        "binop": null,
        "updateContext": null
      },
      "start": 316,
      "end": 316,
      "loc": {
        "start": {
          "line": 21,
          "column": 0
        },
        "end": {
          "line": 21,
          "column": 0
        }
      }
    }
  ]
}