{
  "type": "File",
  "start": 0,
  "end": 1018,
  "loc": {
    "start": {
      "line": 1,
      "column": 0
    },
    "end": {
      "line": 41,
      "column": 0
    }
  },
  "program": {
    "type": "Program",
    "start": 0,
    "end": 1018,
    "loc": {
      "start": {
        "line": 1,
        "column": 0
      },
      "end": {
        "line": 41,
        "column": 0
      }
    },
    "sourceType": "module",
    "body": [
      {
        "type": "ImportDeclaration",
        "start": 0,
        "end": 33,
        "loc": {
          "start": {
            "line": 1,
            "column": 0
          },
          "end": {
            "line": 1,
            "column": 33
          }
        },
        "specifiers": [
          {
            "type": "ImportSpecifier",
            "start": 9,
            "end": 13,
            "loc": {
              "start": {
                "line": 1,
                "column": 9
              },
              "end": {
                "line": 1,
                "column": 13
              }
            },
            "imported": {
              "type": "Identifier",
              "start": 9,
              "end": 13,
              "loc": {
                "start": {
                  "line": 1,
                  "column": 9
                },
                "end": {
                  "line": 1,
                  "column": 13
                },
                "identifierName": "Pass"
              },
              "name": "Pass"
            },
            "local": {
              "type": "Identifier",
              "start": 9,
              "end": 13,
              "loc": {
                "start": {
                  "line": 1,
                  "column": 9
                },
                "end": {
                  "line": 1,
                  "column": 13
                },
                "identifierName": "Pass"
              },
              "name": "Pass"
            }
          }
        ],
        "source": {
          "type": "StringLiteral",
          "start": 21,
          "end": 32,
          "loc": {
            "start": {
              "line": 1,
              "column": 21
            },
            "end": {
              "line": 1,
              "column": 32
            }
          },
          "extra": {
            "rawValue": "./Pass.js",
            "raw": "\"./Pass.js\""
          },
          "value": "./Pass.js"
        },
        "trailingComments": [
          {
            "type": "CommentBlock",
            "value": "*\r\n * A pass that disables the stencil test.\r\n ",
            "start": 37,
            "end": 88,
            "loc": {
              "start": {
                "line": 3,
                "column": 0
              },
              "end": {
                "line": 5,
                "column": 3
              }
            }
          }
        ]
      },
      {
        "type": "ExportNamedDeclaration",
        "start": 92,
        "end": 1016,
        "loc": {
          "start": {
            "line": 7,
            "column": 0
          },
          "end": {
            "line": 40,
            "column": 1
          }
        },
        "specifiers": [],
        "source": null,
        "declaration": {
          "type": "ClassDeclaration",
          "start": 99,
          "end": 1016,
          "loc": {
            "start": {
              "line": 7,
              "column": 7
            },
            "end": {
              "line": 40,
              "column": 1
            }
          },
          "id": {
            "type": "Identifier",
            "start": 105,
            "end": 118,
            "loc": {
              "start": {
                "line": 7,
                "column": 13
              },
              "end": {
                "line": 7,
                "column": 26
              },
              "identifierName": "ClearMaskPass"
            },
            "name": "ClearMaskPass",
            "leadingComments": null
          },
          "superClass": {
            "type": "Identifier",
            "start": 127,
            "end": 131,
            "loc": {
              "start": {
                "line": 7,
                "column": 35
              },
              "end": {
                "line": 7,
                "column": 39
              },
              "identifierName": "Pass"
            },
            "name": "Pass"
          },
          "body": {
            "type": "ClassBody",
            "start": 132,
            "end": 1016,
            "loc": {
              "start": {
                "line": 7,
                "column": 40
              },
              "end": {
                "line": 40,
                "column": 1
              }
            },
            "body": [
              {
                "type": "ClassMethod",
                "start": 191,
                "end": 282,
                "loc": {
                  "start": {
                    "line": 13,
                    "column": 1
                  },
                  "end": {
                    "line": 19,
                    "column": 2
                  }
                },
                "static": false,
                "computed": false,
                "key": {
                  "type": "Identifier",
                  "start": 191,
                  "end": 202,
                  "loc": {
                    "start": {
                      "line": 13,
                      "column": 1
                    },
                    "end": {
                      "line": 13,
                      "column": 12
                    },
                    "identifierName": "constructor"
                  },
                  "name": "constructor",
                  "leadingComments": null
                },
                "kind": "constructor",
                "id": null,
                "generator": false,
                "expression": false,
                "async": false,
                "params": [],
                "body": {
                  "type": "BlockStatement",
                  "start": 205,
                  "end": 282,
                  "loc": {
                    "start": {
                      "line": 13,
                      "column": 15
                    },
                    "end": {
                      "line": 19,
                      "column": 2
                    }
                  },
                  "body": [
                    {
                      "type": "ExpressionStatement",
                      "start": 212,
                      "end": 247,
                      "loc": {
                        "start": {
                          "line": 15,
                          "column": 2
                        },
                        "end": {
                          "line": 15,
                          "column": 37
                        }
                      },
                      "expression": {
                        "type": "CallExpression",
                        "start": 212,
                        "end": 246,
                        "loc": {
                          "start": {
                            "line": 15,
                            "column": 2
                          },
                          "end": {
                            "line": 15,
                            "column": 36
                          }
                        },
                        "callee": {
                          "type": "Super",
                          "start": 212,
                          "end": 217,
                          "loc": {
                            "start": {
                              "line": 15,
                              "column": 2
                            },
                            "end": {
                              "line": 15,
                              "column": 7
                            }
                          }
                        },
                        "arguments": [
                          {
                            "type": "StringLiteral",
                            "start": 218,
                            "end": 233,
                            "loc": {
                              "start": {
                                "line": 15,
                                "column": 8
                              },
                              "end": {
                                "line": 15,
                                "column": 23
                              }
                            },
                            "extra": {
                              "rawValue": "ClearMaskPass",
                              "raw": "\"ClearMaskPass\""
                            },
                            "value": "ClearMaskPass"
                          },
                          {
                            "type": "NullLiteral",
                            "start": 235,
                            "end": 239,
                            "loc": {
                              "start": {
                                "line": 15,
                                "column": 25
                              },
                              "end": {
                                "line": 15,
                                "column": 29
                              }
                            }
                          },
                          {
                            "type": "NullLiteral",
                            "start": 241,
                            "end": 245,
                            "loc": {
                              "start": {
                                "line": 15,
                                "column": 31
                              },
                              "end": {
                                "line": 15,
                                "column": 35
                              }
                            }
                          }
                        ]
                      }
                    },
                    {
                      "type": "ExpressionStatement",
                      "start": 253,
                      "end": 276,
                      "loc": {
                        "start": {
                          "line": 17,
                          "column": 2
                        },
                        "end": {
                          "line": 17,
                          "column": 25
                        }
                      },
                      "expression": {
                        "type": "AssignmentExpression",
                        "start": 253,
                        "end": 275,
                        "loc": {
                          "start": {
                            "line": 17,
                            "column": 2
                          },
                          "end": {
                            "line": 17,
                            "column": 24
                          }
                        },
                        "operator": "=",
                        "left": {
                          "type": "MemberExpression",
                          "start": 253,
                          "end": 267,
                          "loc": {
                            "start": {
                              "line": 17,
                              "column": 2
                            },
                            "end": {
                              "line": 17,
                              "column": 16
                            }
                          },
                          "object": {
                            "type": "ThisExpression",
                            "start": 253,
                            "end": 257,
                            "loc": {
                              "start": {
                                "line": 17,
                                "column": 2
                              },
                              "end": {
                                "line": 17,
                                "column": 6
                              }
                            }
                          },
                          "property": {
                            "type": "Identifier",
                            "start": 258,
                            "end": 267,
                            "loc": {
                              "start": {
                                "line": 17,
                                "column": 7
                              },
                              "end": {
                                "line": 17,
                                "column": 16
                              },
                              "identifierName": "needsSwap"
                            },
                            "name": "needsSwap"
                          },
                          "computed": false
                        },
                        "right": {
                          "type": "BooleanLiteral",
                          "start": 270,
                          "end": 275,
                          "loc": {
                            "start": {
                              "line": 17,
                              "column": 19
                            },
                            "end": {
                              "line": 17,
                              "column": 24
                            }
                          },
                          "value": false
                        }
                      }
                    }
                  ],
                  "directives": [],
                  "trailingComments": null
                },
                "leadingComments": [
                  {
                    "type": "CommentBlock",
                    "value": "*\r\n\t * Constructs a new clear mask pass.\r\n\t ",
                    "start": 138,
                    "end": 186,
                    "loc": {
                      "start": {
                        "line": 9,
                        "column": 1
                      },
                      "end": {
                        "line": 11,
                        "column": 4
                      }
                    }
                  }
                ],
                "trailingComments": [
                  {
                    "type": "CommentBlock",
                    "value": "*\r\n\t * Disables the global stencil test.\r\n\t *\r\n\t * @param {WebGLRenderer} renderer - The renderer.\r\n\t * @param {WebGLRenderTarget} inputBuffer - A frame buffer that contains the result of the previous pass.\r\n\t * @param {WebGLRenderTarget} outputBuffer - A frame buffer that serves as the output render target unless this pass renders to screen.\r\n\t * @param {Number} [deltaTime] - The time between the last frame and the current one in seconds.\r\n\t * @param {Boolean} [stencilTest] - Indicates whether a stencil mask is active.\r\n\t ",
                    "start": 287,
                    "end": 820,
                    "loc": {
                      "start": {
                        "line": 21,
                        "column": 1
                      },
                      "end": {
                        "line": 29,
                        "column": 4
                      }
                    }
                  }
                ]
              },
              {
                "type": "ClassMethod",
                "start": 825,
                "end": 1011,
                "loc": {
                  "start": {
                    "line": 31,
                    "column": 1
                  },
                  "end": {
                    "line": 38,
                    "column": 2
                  }
                },
                "static": false,
                "computed": false,
                "key": {
                  "type": "Identifier",
                  "start": 825,
                  "end": 831,
                  "loc": {
                    "start": {
                      "line": 31,
                      "column": 1
                    },
                    "end": {
                      "line": 31,
                      "column": 7
                    },
                    "identifierName": "render"
                  },
                  "name": "render",
                  "leadingComments": null
                },
                "kind": "method",
                "id": null,
                "generator": false,
                "expression": false,
                "async": false,
                "params": [
                  {
                    "type": "Identifier",
                    "start": 832,
                    "end": 840,
                    "loc": {
                      "start": {
                        "line": 31,
                        "column": 8
                      },
                      "end": {
                        "line": 31,
                        "column": 16
                      },
                      "identifierName": "renderer"
                    },
                    "name": "renderer"
                  },
                  {
                    "type": "Identifier",
                    "start": 842,
                    "end": 853,
                    "loc": {
                      "start": {
                        "line": 31,
                        "column": 18
                      },
                      "end": {
                        "line": 31,
                        "column": 29
                      },
                      "identifierName": "inputBuffer"
                    },
                    "name": "inputBuffer"
                  },
                  {
                    "type": "Identifier",
                    "start": 855,
                    "end": 867,
                    "loc": {
                      "start": {
                        "line": 31,
                        "column": 31
                      },
                      "end": {
                        "line": 31,
                        "column": 43
                      },
                      "identifierName": "outputBuffer"
                    },
                    "name": "outputBuffer"
                  },
                  {
                    "type": "Identifier",
                    "start": 869,
                    "end": 878,
                    "loc": {
                      "start": {
                        "line": 31,
                        "column": 45
                      },
                      "end": {
                        "line": 31,
                        "column": 54
                      },
                      "identifierName": "deltaTime"
                    },
                    "name": "deltaTime"
                  },
                  {
                    "type": "Identifier",
                    "start": 880,
                    "end": 891,
                    "loc": {
                      "start": {
                        "line": 31,
                        "column": 56
                      },
                      "end": {
                        "line": 31,
                        "column": 67
                      },
                      "identifierName": "stencilTest"
                    },
                    "name": "stencilTest"
                  }
                ],
                "body": {
                  "type": "BlockStatement",
                  "start": 893,
                  "end": 1011,
                  "loc": {
                    "start": {
                      "line": 31,
                      "column": 69
                    },
                    "end": {
                      "line": 38,
                      "column": 2
                    }
                  },
                  "body": [
                    {
                      "type": "VariableDeclaration",
                      "start": 900,
                      "end": 947,
                      "loc": {
                        "start": {
                          "line": 33,
                          "column": 2
                        },
                        "end": {
                          "line": 33,
                          "column": 49
                        }
                      },
                      "declarations": [
                        {
                          "type": "VariableDeclarator",
                          "start": 906,
                          "end": 946,
                          "loc": {
                            "start": {
                              "line": 33,
                              "column": 8
                            },
                            "end": {
                              "line": 33,
                              "column": 48
                            }
                          },
                          "id": {
                            "type": "Identifier",
                            "start": 906,
                            "end": 913,
                            "loc": {
                              "start": {
                                "line": 33,
                                "column": 8
                              },
                              "end": {
                                "line": 33,
                                "column": 15
                              },
                              "identifierName": "stencil"
                            },
                            "name": "stencil"
                          },
                          "init": {
                            "type": "MemberExpression",
                            "start": 916,
                            "end": 946,
                            "loc": {
                              "start": {
                                "line": 33,
                                "column": 18
                              },
                              "end": {
                                "line": 33,
                                "column": 48
                              }
                            },
                            "object": {
                              "type": "MemberExpression",
                              "start": 916,
                              "end": 938,
                              "loc": {
                                "start": {
                                  "line": 33,
                                  "column": 18
                                },
                                "end": {
                                  "line": 33,
                                  "column": 40
                                }
                              },
                              "object": {
                                "type": "MemberExpression",
                                "start": 916,
                                "end": 930,
                                "loc": {
                                  "start": {
                                    "line": 33,
                                    "column": 18
                                  },
                                  "end": {
                                    "line": 33,
                                    "column": 32
                                  }
                                },
                                "object": {
                                  "type": "Identifier",
                                  "start": 916,
                                  "end": 924,
                                  "loc": {
                                    "start": {
                                      "line": 33,
                                      "column": 18
                                    },
                                    "end": {
                                      "line": 33,
                                      "column": 26
                                    },
                                    "identifierName": "renderer"
                                  },
                                  "name": "renderer"
                                },
                                "property": {
                                  "type": "Identifier",
                                  "start": 925,
                                  "end": 930,
                                  "loc": {
                                    "start": {
                                      "line": 33,
                                      "column": 27
                                    },
                                    "end": {
                                      "line": 33,
                                      "column": 32
                                    },
                                    "identifierName": "state"
                                  },
                                  "name": "state"
                                },
                                "computed": false
                              },
                              "property": {
                                "type": "Identifier",
                                "start": 931,
                                "end": 938,
                                "loc": {
                                  "start": {
                                    "line": 33,
                                    "column": 33
                                  },
                                  "end": {
                                    "line": 33,
                                    "column": 40
                                  },
                                  "identifierName": "buffers"
                                },
                                "name": "buffers"
                              },
                              "computed": false
                            },
                            "property": {
                              "type": "Identifier",
                              "start": 939,
                              "end": 946,
                              "loc": {
                                "start": {
                                  "line": 33,
                                  "column": 41
                                },
                                "end": {
                                  "line": 33,
                                  "column": 48
                                },
                                "identifierName": "stencil"
                              },
                              "name": "stencil"
                            },
                            "computed": false
                          }
                        }
                      ],
                      "kind": "const"
                    },
                    {
                      "type": "ExpressionStatement",
                      "start": 953,
                      "end": 978,
                      "loc": {
                        "start": {
                          "line": 35,
                          "column": 2
                        },
                        "end": {
                          "line": 35,
                          "column": 27
                        }
                      },
                      "expression": {
                        "type": "CallExpression",
                        "start": 953,
                        "end": 977,
                        "loc": {
                          "start": {
                            "line": 35,
                            "column": 2
                          },
                          "end": {
                            "line": 35,
                            "column": 26
                          }
                        },
                        "callee": {
                          "type": "MemberExpression",
                          "start": 953,
                          "end": 970,
                          "loc": {
                            "start": {
                              "line": 35,
                              "column": 2
                            },
                            "end": {
                              "line": 35,
                              "column": 19
                            }
                          },
                          "object": {
                            "type": "Identifier",
                            "start": 953,
                            "end": 960,
                            "loc": {
                              "start": {
                                "line": 35,
                                "column": 2
                              },
                              "end": {
                                "line": 35,
                                "column": 9
                              },
                              "identifierName": "stencil"
                            },
                            "name": "stencil"
                          },
                          "property": {
                            "type": "Identifier",
                            "start": 961,
                            "end": 970,
                            "loc": {
                              "start": {
                                "line": 35,
                                "column": 10
                              },
                              "end": {
                                "line": 35,
                                "column": 19
                              },
                              "identifierName": "setLocked"
                            },
                            "name": "setLocked"
                          },
                          "computed": false
                        },
                        "arguments": [
                          {
                            "type": "BooleanLiteral",
                            "start": 971,
                            "end": 976,
                            "loc": {
                              "start": {
                                "line": 35,
                                "column": 20
                              },
                              "end": {
                                "line": 35,
                                "column": 25
                              }
                            },
                            "value": false
                          }
                        ]
                      }
                    },
                    {
                      "type": "ExpressionStatement",
                      "start": 982,
                      "end": 1005,
                      "loc": {
                        "start": {
                          "line": 36,
                          "column": 2
                        },
                        "end": {
                          "line": 36,
                          "column": 25
                        }
                      },
                      "expression": {
                        "type": "CallExpression",
                        "start": 982,
                        "end": 1004,
                        "loc": {
                          "start": {
                            "line": 36,
                            "column": 2
                          },
                          "end": {
                            "line": 36,
                            "column": 24
                          }
                        },
                        "callee": {
                          "type": "MemberExpression",
                          "start": 982,
                          "end": 997,
                          "loc": {
                            "start": {
                              "line": 36,
                              "column": 2
                            },
                            "end": {
                              "line": 36,
                              "column": 17
                            }
                          },
                          "object": {
                            "type": "Identifier",
                            "start": 982,
                            "end": 989,
                            "loc": {
                              "start": {
                                "line": 36,
                                "column": 2
                              },
                              "end": {
                                "line": 36,
                                "column": 9
                              },
                              "identifierName": "stencil"
                            },
                            "name": "stencil"
                          },
                          "property": {
                            "type": "Identifier",
                            "start": 990,
                            "end": 997,
                            "loc": {
                              "start": {
                                "line": 36,
                                "column": 10
                              },
                              "end": {
                                "line": 36,
                                "column": 17
                              },
                              "identifierName": "setTest"
                            },
                            "name": "setTest"
                          },
                          "computed": false
                        },
                        "arguments": [
                          {
                            "type": "BooleanLiteral",
                            "start": 998,
                            "end": 1003,
                            "loc": {
                              "start": {
                                "line": 36,
                                "column": 18
                              },
                              "end": {
                                "line": 36,
                                "column": 23
                              }
                            },
                            "value": false
                          }
                        ]
                      }
                    }
                  ],
                  "directives": []
                },
                "leadingComments": [
                  {
                    "type": "CommentBlock",
                    "value": "*\r\n\t * Disables the global stencil test.\r\n\t *\r\n\t * @param {WebGLRenderer} renderer - The renderer.\r\n\t * @param {WebGLRenderTarget} inputBuffer - A frame buffer that contains the result of the previous pass.\r\n\t * @param {WebGLRenderTarget} outputBuffer - A frame buffer that serves as the output render target unless this pass renders to screen.\r\n\t * @param {Number} [deltaTime] - The time between the last frame and the current one in seconds.\r\n\t * @param {Boolean} [stencilTest] - Indicates whether a stencil mask is active.\r\n\t ",
                    "start": 287,
                    "end": 820,
                    "loc": {
                      "start": {
                        "line": 21,
                        "column": 1
                      },
                      "end": {
                        "line": 29,
                        "column": 4
                      }
                    }
                  }
                ]
              }
            ]
          },
          "leadingComments": [
            {
              "type": "CommentBlock",
              "value": "*\r\n * A pass that disables the stencil test.\r\n ",
              "start": 37,
              "end": 88,
              "loc": {
                "start": {
                  "line": 3,
                  "column": 0
                },
                "end": {
                  "line": 5,
                  "column": 3
                }
              }
            }
          ],
          "trailingComments": []
        },
        "leadingComments": [
          {
            "type": "CommentBlock",
            "value": "*\r\n * A pass that disables the stencil test.\r\n ",
            "start": 37,
            "end": 88,
            "loc": {
              "start": {
                "line": 3,
                "column": 0
              },
              "end": {
                "line": 5,
                "column": 3
              }
            }
          }
        ]
      }
    ],
    "directives": []
  },
  "comments": [
    {
      "type": "CommentBlock",
      "value": "*\r\n * A pass that disables the stencil test.\r\n ",
      "start": 37,
      "end": 88,
      "loc": {
        "start": {
          "line": 3,
          "column": 0
        },
        "end": {
          "line": 5,
          "column": 3
        }
      }
    },
    {
      "type": "CommentBlock",
      "value": "*\r\n\t * Constructs a new clear mask pass.\r\n\t ",
      "start": 138,
      "end": 186,
      "loc": {
        "start": {
          "line": 9,
          "column": 1
        },
        "end": {
          "line": 11,
          "column": 4
        }
      }
    },
    {
      "type": "CommentBlock",
      "value": "*\r\n\t * Disables the global stencil test.\r\n\t *\r\n\t * @param {WebGLRenderer} renderer - The renderer.\r\n\t * @param {WebGLRenderTarget} inputBuffer - A frame buffer that contains the result of the previous pass.\r\n\t * @param {WebGLRenderTarget} outputBuffer - A frame buffer that serves as the output render target unless this pass renders to screen.\r\n\t * @param {Number} [deltaTime] - The time between the last frame and the current one in seconds.\r\n\t * @param {Boolean} [stencilTest] - Indicates whether a stencil mask is active.\r\n\t ",
      "start": 287,
      "end": 820,
      "loc": {
        "start": {
          "line": 21,
          "column": 1
        },
        "end": {
          "line": 29,
          "column": 4
        }
      }
    }
  ],
  "tokens": [
    {
      "type": {
        "label": "import",
        "keyword": "import",
        "beforeExpr": false,
        "startsExpr": true,
        "rightAssociative": false,
        "isLoop": false,
        "isAssign": false,
        "prefix": false,
        "postfix": false,
        "binop": null,
        "updateContext": null
      },
      "value": "import",
      "start": 0,
      "end": 6,
      "loc": {
        "start": {
          "line": 1,
          "column": 0
        },
        "end": {
          "line": 1,
          "column": 6
        }
      }
    },
    {
      "type": {
        "label": "{",
        "beforeExpr": true,
        "startsExpr": true,
        "rightAssociative": false,
        "isLoop": false,
        "isAssign": false,
        "prefix": false,
        "postfix": false,
        "binop": null
      },
      "start": 7,
      "end": 8,
      "loc": {
        "start": {
          "line": 1,
          "column": 7
        },
        "end": {
          "line": 1,
          "column": 8
        }
      }
    },
    {
      "type": {
        "label": "name",
        "beforeExpr": false,
        "startsExpr": true,
        "rightAssociative": false,
        "isLoop": false,
        "isAssign": false,
        "prefix": false,
        "postfix": false,
        "binop": null
      },
      "value": "Pass",
      "start": 9,
      "end": 13,
      "loc": {
        "start": {
          "line": 1,
          "column": 9
        },
        "end": {
          "line": 1,
          "column": 13
        }
      }
    },
    {
      "type": {
        "label": "}",
        "beforeExpr": false,
        "startsExpr": false,
        "rightAssociative": false,
        "isLoop": false,
        "isAssign": false,
        "prefix": false,
        "postfix": false,
        "binop": null
      },
      "start": 14,
      "end": 15,
      "loc": {
        "start": {
          "line": 1,
          "column": 14
        },
        "end": {
          "line": 1,
          "column": 15
        }
      }
    },
    {
      "type": {
        "label": "name",
        "beforeExpr": false,
        "startsExpr": true,
        "rightAssociative": false,
        "isLoop": false,
        "isAssign": false,
        "prefix": false,
        "postfix": false,
        "binop": null
      },
      "value": "from",
      "start": 16,
      "end": 20,
      "loc": {
        "start": {
          "line": 1,
          "column": 16
        },
        "end": {
          "line": 1,
          "column": 20
        }
      }
    },
    {
      "type": {
        "label": "string",
        "beforeExpr": false,
        "startsExpr": true,
        "rightAssociative": false,
        "isLoop": false,
        "isAssign": false,
        "prefix": false,
        "postfix": false,
        "binop": null,
        "updateContext": null
      },
      "value": "./Pass.js",
      "start": 21,
      "end": 32,
      "loc": {
        "start": {
          "line": 1,
          "column": 21
        },
        "end": {
          "line": 1,
          "column": 32
        }
      }
    },
    {
      "type": {
        "label": ";",
        "beforeExpr": true,
        "startsExpr": false,
        "rightAssociative": false,
        "isLoop": false,
        "isAssign": false,
        "prefix": false,
        "postfix": false,
        "binop": null,
        "updateContext": null
      },
      "start": 32,
      "end": 33,
      "loc": {
        "start": {
          "line": 1,
          "column": 32
        },
        "end": {
          "line": 1,
          "column": 33
        }
      }
    },
    {
      "type": "CommentBlock",
      "value": "*\r\n * A pass that disables the stencil test.\r\n ",
      "start": 37,
      "end": 88,
      "loc": {
        "start": {
          "line": 3,
          "column": 0
        },
        "end": {
          "line": 5,
          "column": 3
        }
      }
    },
    {
      "type": {
        "label": "export",
        "keyword": "export",
        "beforeExpr": false,
        "startsExpr": false,
        "rightAssociative": false,
        "isLoop": false,
        "isAssign": false,
        "prefix": false,
        "postfix": false,
        "binop": null,
        "updateContext": null
      },
      "value": "export",
      "start": 92,
      "end": 98,
      "loc": {
        "start": {
          "line": 7,
          "column": 0
        },
        "end": {
          "line": 7,
          "column": 6
        }
      }
    },
    {
      "type": {
        "label": "class",
        "keyword": "class",
        "beforeExpr": false,
        "startsExpr": false,
        "rightAssociative": false,
        "isLoop": false,
        "isAssign": false,
        "prefix": false,
        "postfix": false,
        "binop": null,
        "updateContext": null
      },
      "value": "class",
      "start": 99,
      "end": 104,
      "loc": {
        "start": {
          "line": 7,
          "column": 7
        },
        "end": {
          "line": 7,
          "column": 12
        }
      }
    },
    {
      "type": {
        "label": "name",
        "beforeExpr": false,
        "startsExpr": true,
        "rightAssociative": false,
        "isLoop": false,
        "isAssign": false,
        "prefix": false,
        "postfix": false,
        "binop": null
      },
      "value": "ClearMaskPass",
      "start": 105,
      "end": 118,
      "loc": {
        "start": {
          "line": 7,
          "column": 13
        },
        "end": {
          "line": 7,
          "column": 26
        }
      }
    },
    {
      "type": {
        "label": "extends",
        "keyword": "extends",
        "beforeExpr": true,
        "startsExpr": false,
        "rightAssociative": false,
        "isLoop": false,
        "isAssign": false,
        "prefix": false,
        "postfix": false,
        "binop": null,
        "updateContext": null
      },
      "value": "extends",
      "start": 119,
      "end": 126,
      "loc": {
        "start": {
          "line": 7,
          "column": 27
        },
        "end": {
          "line": 7,
          "column": 34
        }
      }
    },
    {
      "type": {
        "label": "name",
        "beforeExpr": false,
        "startsExpr": true,
        "rightAssociative": false,
        "isLoop": false,
        "isAssign": false,
        "prefix": false,
        "postfix": false,
        "binop": null
      },
      "value": "Pass",
      "start": 127,
      "end": 131,
      "loc": {
        "start": {
          "line": 7,
          "column": 35
        },
        "end": {
          "line": 7,
          "column": 39
        }
      }
    },
    {
      "type": {
        "label": "{",
        "beforeExpr": true,
        "startsExpr": true,
        "rightAssociative": false,
        "isLoop": false,
        "isAssign": false,
        "prefix": false,
        "postfix": false,
        "binop": null
      },
      "start": 132,
      "end": 133,
      "loc": {
        "start": {
          "line": 7,
          "column": 40
        },
        "end": {
          "line": 7,
          "column": 41
        }
      }
    },
    {
      "type": "CommentBlock",
      "value": "*\r\n\t * Constructs a new clear mask pass.\r\n\t ",
      "start": 138,
      "end": 186,
      "loc": {
        "start": {
          "line": 9,
          "column": 1
        },
        "end": {
          "line": 11,
          "column": 4
        }
      }
    },
    {
      "type": {
        "label": "name",
        "beforeExpr": false,
        "startsExpr": true,
        "rightAssociative": false,
        "isLoop": false,
        "isAssign": false,
        "prefix": false,
        "postfix": false,
        "binop": null
      },
      "value": "constructor",
      "start": 191,
      "end": 202,
      "loc": {
        "start": {
          "line": 13,
          "column": 1
        },
        "end": {
          "line": 13,
          "column": 12
        }
      }
    },
    {
      "type": {
        "label": "(",
        "beforeExpr": true,
        "startsExpr": true,
        "rightAssociative": false,
        "isLoop": false,
        "isAssign": false,
        "prefix": false,
        "postfix": false,
        "binop": null
      },
      "start": 202,
      "end": 203,
      "loc": {
        "start": {
          "line": 13,
          "column": 12
        },
        "end": {
          "line": 13,
          "column": 13
        }
      }
    },
    {
      "type": {
        "label": ")",
        "beforeExpr": false,
        "startsExpr": false,
        "rightAssociative": false,
        "isLoop": false,
        "isAssign": false,
        "prefix": false,
        "postfix": false,
        "binop": null
      },
      "start": 203,
      "end": 204,
      "loc": {
        "start": {
          "line": 13,
          "column": 13
        },
        "end": {
          "line": 13,
          "column": 14
        }
      }
    },
    {
      "type": {
        "label": "{",
        "beforeExpr": true,
        "startsExpr": true,
        "rightAssociative": false,
        "isLoop": false,
        "isAssign": false,
        "prefix": false,
        "postfix": false,
        "binop": null
      },
      "start": 205,
      "end": 206,
      "loc": {
        "start": {
          "line": 13,
          "column": 15
        },
        "end": {
          "line": 13,
          "column": 16
        }
      }
    },
    {
      "type": {
        "label": "super",
        "keyword": "super",
        "beforeExpr": false,
        "startsExpr": true,
        "rightAssociative": false,
        "isLoop": false,
        "isAssign": false,
        "prefix": false,
        "postfix": false,
        "binop": null,
        "updateContext": null
      },
      "value": "super",
      "start": 212,
      "end": 217,
      "loc": {
        "start": {
          "line": 15,
          "column": 2
        },
        "end": {
          "line": 15,
          "column": 7
        }
      }
    },
    {
      "type": {
        "label": "(",
        "beforeExpr": true,
        "startsExpr": true,
        "rightAssociative": false,
        "isLoop": false,
        "isAssign": false,
        "prefix": false,
        "postfix": false,
        "binop": null
      },
      "start": 217,
      "end": 218,
      "loc": {
        "start": {
          "line": 15,
          "column": 7
        },
        "end": {
          "line": 15,
          "column": 8
        }
      }
    },
    {
      "type": {
        "label": "string",
        "beforeExpr": false,
        "startsExpr": true,
        "rightAssociative": false,
        "isLoop": false,
        "isAssign": false,
        "prefix": false,
        "postfix": false,
        "binop": null,
        "updateContext": null
      },
      "value": "ClearMaskPass",
      "start": 218,
      "end": 233,
      "loc": {
        "start": {
          "line": 15,
          "column": 8
        },
        "end": {
          "line": 15,
          "column": 23
        }
      }
    },
    {
      "type": {
        "label": ",",
        "beforeExpr": true,
        "startsExpr": false,
        "rightAssociative": false,
        "isLoop": false,
        "isAssign": false,
        "prefix": false,
        "postfix": false,
        "binop": null,
        "updateContext": null
      },
      "start": 233,
      "end": 234,
      "loc": {
        "start": {
          "line": 15,
          "column": 23
        },
        "end": {
          "line": 15,
          "column": 24
        }
      }
    },
    {
      "type": {
        "label": "null",
        "keyword": "null",
        "beforeExpr": false,
        "startsExpr": true,
        "rightAssociative": false,
        "isLoop": false,
        "isAssign": false,
        "prefix": false,
        "postfix": false,
        "binop": null,
        "updateContext": null
      },
      "value": "null",
      "start": 235,
      "end": 239,
      "loc": {
        "start": {
          "line": 15,
          "column": 25
        },
        "end": {
          "line": 15,
          "column": 29
        }
      }
    },
    {
      "type": {
        "label": ",",
        "beforeExpr": true,
        "startsExpr": false,
        "rightAssociative": false,
        "isLoop": false,
        "isAssign": false,
        "prefix": false,
        "postfix": false,
        "binop": null,
        "updateContext": null
      },
      "start": 239,
      "end": 240,
      "loc": {
        "start": {
          "line": 15,
          "column": 29
        },
        "end": {
          "line": 15,
          "column": 30
        }
      }
    },
    {
      "type": {
        "label": "null",
        "keyword": "null",
        "beforeExpr": false,
        "startsExpr": true,
        "rightAssociative": false,
        "isLoop": false,
        "isAssign": false,
        "prefix": false,
        "postfix": false,
        "binop": null,
        "updateContext": null
      },
      "value": "null",
      "start": 241,
      "end": 245,
      "loc": {
        "start": {
          "line": 15,
          "column": 31
        },
        "end": {
          "line": 15,
          "column": 35
        }
      }
    },
    {
      "type": {
        "label": ")",
        "beforeExpr": false,
        "startsExpr": false,
        "rightAssociative": false,
        "isLoop": false,
        "isAssign": false,
        "prefix": false,
        "postfix": false,
        "binop": null
      },
      "start": 245,
      "end": 246,
      "loc": {
        "start": {
          "line": 15,
          "column": 35
        },
        "end": {
          "line": 15,
          "column": 36
        }
      }
    },
    {
      "type": {
        "label": ";",
        "beforeExpr": true,
        "startsExpr": false,
        "rightAssociative": false,
        "isLoop": false,
        "isAssign": false,
        "prefix": false,
        "postfix": false,
        "binop": null,
        "updateContext": null
      },
      "start": 246,
      "end": 247,
      "loc": {
        "start": {
          "line": 15,
          "column": 36
        },
        "end": {
          "line": 15,
          "column": 37
        }
      }
    },
    {
      "type": {
        "label": "this",
        "keyword": "this",
        "beforeExpr": false,
        "startsExpr": true,
        "rightAssociative": false,
        "isLoop": false,
        "isAssign": false,
        "prefix": false,
        "postfix": false,
        "binop": null,
        "updateContext": null
      },
      "value": "this",
      "start": 253,
      "end": 257,
      "loc": {
        "start": {
          "line": 17,
          "column": 2
        },
        "end": {
          "line": 17,
          "column": 6
        }
      }
    },
    {
      "type": {
        "label": ".",
        "beforeExpr": false,
        "startsExpr": false,
        "rightAssociative": false,
        "isLoop": false,
        "isAssign": false,
        "prefix": false,
        "postfix": false,
        "binop": null,
        "updateContext": null
      },
      "start": 257,
      "end": 258,
      "loc": {
        "start": {
          "line": 17,
          "column": 6
        },
        "end": {
          "line": 17,
          "column": 7
        }
      }
    },
    {
      "type": {
        "label": "name",
        "beforeExpr": false,
        "startsExpr": true,
        "rightAssociative": false,
        "isLoop": false,
        "isAssign": false,
        "prefix": false,
        "postfix": false,
        "binop": null
      },
      "value": "needsSwap",
      "start": 258,
      "end": 267,
      "loc": {
        "start": {
          "line": 17,
          "column": 7
        },
        "end": {
          "line": 17,
          "column": 16
        }
      }
    },
    {
      "type": {
        "label": "=",
        "beforeExpr": true,
        "startsExpr": false,
        "rightAssociative": false,
        "isLoop": false,
        "isAssign": true,
        "prefix": false,
        "postfix": false,
        "binop": null,
        "updateContext": null
      },
      "value": "=",
      "start": 268,
      "end": 269,
      "loc": {
        "start": {
          "line": 17,
          "column": 17
        },
        "end": {
          "line": 17,
          "column": 18
        }
      }
    },
    {
      "type": {
        "label": "false",
        "keyword": "false",
        "beforeExpr": false,
        "startsExpr": true,
        "rightAssociative": false,
        "isLoop": false,
        "isAssign": false,
        "prefix": false,
        "postfix": false,
        "binop": null,
        "updateContext": null
      },
      "value": "false",
      "start": 270,
      "end": 275,
      "loc": {
        "start": {
          "line": 17,
          "column": 19
        },
        "end": {
          "line": 17,
          "column": 24
        }
      }
    },
    {
      "type": {
        "label": ";",
        "beforeExpr": true,
        "startsExpr": false,
        "rightAssociative": false,
        "isLoop": false,
        "isAssign": false,
        "prefix": false,
        "postfix": false,
        "binop": null,
        "updateContext": null
      },
      "start": 275,
      "end": 276,
      "loc": {
        "start": {
          "line": 17,
          "column": 24
        },
        "end": {
          "line": 17,
          "column": 25
        }
      }
    },
    {
      "type": {
        "label": "}",
        "beforeExpr": false,
        "startsExpr": false,
        "rightAssociative": false,
        "isLoop": false,
        "isAssign": false,
        "prefix": false,
        "postfix": false,
        "binop": null
      },
      "start": 281,
      "end": 282,
      "loc": {
        "start": {
          "line": 19,
          "column": 1
        },
        "end": {
          "line": 19,
          "column": 2
        }
      }
    },
    {
      "type": "CommentBlock",
      "value": "*\r\n\t * Disables the global stencil test.\r\n\t *\r\n\t * @param {WebGLRenderer} renderer - The renderer.\r\n\t * @param {WebGLRenderTarget} inputBuffer - A frame buffer that contains the result of the previous pass.\r\n\t * @param {WebGLRenderTarget} outputBuffer - A frame buffer that serves as the output render target unless this pass renders to screen.\r\n\t * @param {Number} [deltaTime] - The time between the last frame and the current one in seconds.\r\n\t * @param {Boolean} [stencilTest] - Indicates whether a stencil mask is active.\r\n\t ",
      "start": 287,
      "end": 820,
      "loc": {
        "start": {
          "line": 21,
          "column": 1
        },
        "end": {
          "line": 29,
          "column": 4
        }
      }
    },
    {
      "type": {
        "label": "name",
        "beforeExpr": false,
        "startsExpr": true,
        "rightAssociative": false,
        "isLoop": false,
        "isAssign": false,
        "prefix": false,
        "postfix": false,
        "binop": null
      },
      "value": "render",
      "start": 825,
      "end": 831,
      "loc": {
        "start": {
          "line": 31,
          "column": 1
        },
        "end": {
          "line": 31,
          "column": 7
        }
      }
    },
    {
      "type": {
        "label": "(",
        "beforeExpr": true,
        "startsExpr": true,
        "rightAssociative": false,
        "isLoop": false,
        "isAssign": false,
        "prefix": false,
        "postfix": false,
        "binop": null
      },
      "start": 831,
      "end": 832,
      "loc": {
        "start": {
          "line": 31,
          "column": 7
        },
        "end": {
          "line": 31,
          "column": 8
        }
      }
    },
    {
      "type": {
        "label": "name",
        "beforeExpr": false,
        "startsExpr": true,
        "rightAssociative": false,
        "isLoop": false,
        "isAssign": false,
        "prefix": false,
        "postfix": false,
        "binop": null
      },
      "value": "renderer",
      "start": 832,
      "end": 840,
      "loc": {
        "start": {
          "line": 31,
          "column": 8
        },
        "end": {
          "line": 31,
          "column": 16
        }
      }
    },
    {
      "type": {
        "label": ",",
        "beforeExpr": true,
        "startsExpr": false,
        "rightAssociative": false,
        "isLoop": false,
        "isAssign": false,
        "prefix": false,
        "postfix": false,
        "binop": null,
        "updateContext": null
      },
      "start": 840,
      "end": 841,
      "loc": {
        "start": {
          "line": 31,
          "column": 16
        },
        "end": {
          "line": 31,
          "column": 17
        }
      }
    },
    {
      "type": {
        "label": "name",
        "beforeExpr": false,
        "startsExpr": true,
        "rightAssociative": false,
        "isLoop": false,
        "isAssign": false,
        "prefix": false,
        "postfix": false,
        "binop": null
      },
      "value": "inputBuffer",
      "start": 842,
      "end": 853,
      "loc": {
        "start": {
          "line": 31,
          "column": 18
        },
        "end": {
          "line": 31,
          "column": 29
        }
      }
    },
    {
      "type": {
        "label": ",",
        "beforeExpr": true,
        "startsExpr": false,
        "rightAssociative": false,
        "isLoop": false,
        "isAssign": false,
        "prefix": false,
        "postfix": false,
        "binop": null,
        "updateContext": null
      },
      "start": 853,
      "end": 854,
      "loc": {
        "start": {
          "line": 31,
          "column": 29
        },
        "end": {
          "line": 31,
          "column": 30
        }
      }
    },
    {
      "type": {
        "label": "name",
        "beforeExpr": false,
        "startsExpr": true,
        "rightAssociative": false,
        "isLoop": false,
        "isAssign": false,
        "prefix": false,
        "postfix": false,
        "binop": null
      },
      "value": "outputBuffer",
      "start": 855,
      "end": 867,
      "loc": {
        "start": {
          "line": 31,
          "column": 31
        },
        "end": {
          "line": 31,
          "column": 43
        }
      }
    },
    {
      "type": {
        "label": ",",
        "beforeExpr": true,
        "startsExpr": false,
        "rightAssociative": false,
        "isLoop": false,
        "isAssign": false,
        "prefix": false,
        "postfix": false,
        "binop": null,
        "updateContext": null
      },
      "start": 867,
      "end": 868,
      "loc": {
        "start": {
          "line": 31,
          "column": 43
        },
        "end": {
          "line": 31,
          "column": 44
        }
      }
    },
    {
      "type": {
        "label": "name",
        "beforeExpr": false,
        "startsExpr": true,
        "rightAssociative": false,
        "isLoop": false,
        "isAssign": false,
        "prefix": false,
        "postfix": false,
        "binop": null
      },
      "value": "deltaTime",
      "start": 869,
      "end": 878,
      "loc": {
        "start": {
          "line": 31,
          "column": 45
        },
        "end": {
          "line": 31,
          "column": 54
        }
      }
    },
    {
      "type": {
        "label": ",",
        "beforeExpr": true,
        "startsExpr": false,
        "rightAssociative": false,
        "isLoop": false,
        "isAssign": false,
        "prefix": false,
        "postfix": false,
        "binop": null,
        "updateContext": null
      },
      "start": 878,
      "end": 879,
      "loc": {
        "start": {
          "line": 31,
          "column": 54
        },
        "end": {
          "line": 31,
          "column": 55
        }
      }
    },
    {
      "type": {
        "label": "name",
        "beforeExpr": false,
        "startsExpr": true,
        "rightAssociative": false,
        "isLoop": false,
        "isAssign": false,
        "prefix": false,
        "postfix": false,
        "binop": null
      },
      "value": "stencilTest",
      "start": 880,
      "end": 891,
      "loc": {
        "start": {
          "line": 31,
          "column": 56
        },
        "end": {
          "line": 31,
          "column": 67
        }
      }
    },
    {
      "type": {
        "label": ")",
        "beforeExpr": false,
        "startsExpr": false,
        "rightAssociative": false,
        "isLoop": false,
        "isAssign": false,
        "prefix": false,
        "postfix": false,
        "binop": null
      },
      "start": 891,
      "end": 892,
      "loc": {
        "start": {
          "line": 31,
          "column": 67
        },
        "end": {
          "line": 31,
          "column": 68
        }
      }
    },
    {
      "type": {
        "label": "{",
        "beforeExpr": true,
        "startsExpr": true,
        "rightAssociative": false,
        "isLoop": false,
        "isAssign": false,
        "prefix": false,
        "postfix": false,
        "binop": null
      },
      "start": 893,
      "end": 894,
      "loc": {
        "start": {
          "line": 31,
          "column": 69
        },
        "end": {
          "line": 31,
          "column": 70
        }
      }
    },
    {
      "type": {
        "label": "const",
        "keyword": "const",
        "beforeExpr": false,
        "startsExpr": false,
        "rightAssociative": false,
        "isLoop": false,
        "isAssign": false,
        "prefix": false,
        "postfix": false,
        "binop": null,
        "updateContext": null
      },
      "value": "const",
      "start": 900,
      "end": 905,
      "loc": {
        "start": {
          "line": 33,
          "column": 2
        },
        "end": {
          "line": 33,
          "column": 7
        }
      }
    },
    {
      "type": {
        "label": "name",
        "beforeExpr": false,
        "startsExpr": true,
        "rightAssociative": false,
        "isLoop": false,
        "isAssign": false,
        "prefix": false,
        "postfix": false,
        "binop": null
      },
      "value": "stencil",
      "start": 906,
      "end": 913,
      "loc": {
        "start": {
          "line": 33,
          "column": 8
        },
        "end": {
          "line": 33,
          "column": 15
        }
      }
    },
    {
      "type": {
        "label": "=",
        "beforeExpr": true,
        "startsExpr": false,
        "rightAssociative": false,
        "isLoop": false,
        "isAssign": true,
        "prefix": false,
        "postfix": false,
        "binop": null,
        "updateContext": null
      },
      "value": "=",
      "start": 914,
      "end": 915,
      "loc": {
        "start": {
          "line": 33,
          "column": 16
        },
        "end": {
          "line": 33,
          "column": 17
        }
      }
    },
    {
      "type": {
        "label": "name",
        "beforeExpr": false,
        "startsExpr": true,
        "rightAssociative": false,
        "isLoop": false,
        "isAssign": false,
        "prefix": false,
        "postfix": false,
        "binop": null
      },
      "value": "renderer",
      "start": 916,
      "end": 924,
      "loc": {
        "start": {
          "line": 33,
          "column": 18
        },
        "end": {
          "line": 33,
          "column": 26
        }
      }
    },
    {
      "type": {
        "label": ".",
        "beforeExpr": false,
        "startsExpr": false,
        "rightAssociative": false,
        "isLoop": false,
        "isAssign": false,
        "prefix": false,
        "postfix": false,
        "binop": null,
        "updateContext": null
      },
      "start": 924,
      "end": 925,
      "loc": {
        "start": {
          "line": 33,
          "column": 26
        },
        "end": {
          "line": 33,
          "column": 27
        }
      }
    },
    {
      "type": {
        "label": "name",
        "beforeExpr": false,
        "startsExpr": true,
        "rightAssociative": false,
        "isLoop": false,
        "isAssign": false,
        "prefix": false,
        "postfix": false,
        "binop": null
      },
      "value": "state",
      "start": 925,
      "end": 930,
      "loc": {
        "start": {
          "line": 33,
          "column": 27
        },
        "end": {
          "line": 33,
          "column": 32
        }
      }
    },
    {
      "type": {
        "label": ".",
        "beforeExpr": false,
        "startsExpr": false,
        "rightAssociative": false,
        "isLoop": false,
        "isAssign": false,
        "prefix": false,
        "postfix": false,
        "binop": null,
        "updateContext": null
      },
      "start": 930,
      "end": 931,
      "loc": {
        "start": {
          "line": 33,
          "column": 32
        },
        "end": {
          "line": 33,
          "column": 33
        }
      }
    },
    {
      "type": {
        "label": "name",
        "beforeExpr": false,
        "startsExpr": true,
        "rightAssociative": false,
        "isLoop": false,
        "isAssign": false,
        "prefix": false,
        "postfix": false,
        "binop": null
      },
      "value": "buffers",
      "start": 931,
      "end": 938,
      "loc": {
        "start": {
          "line": 33,
          "column": 33
        },
        "end": {
          "line": 33,
          "column": 40
        }
      }
    },
    {
      "type": {
        "label": ".",
        "beforeExpr": false,
        "startsExpr": false,
        "rightAssociative": false,
        "isLoop": false,
        "isAssign": false,
        "prefix": false,
        "postfix": false,
        "binop": null,
        "updateContext": null
      },
      "start": 938,
      "end": 939,
      "loc": {
        "start": {
          "line": 33,
          "column": 40
        },
        "end": {
          "line": 33,
          "column": 41
        }
      }
    },
    {
      "type": {
        "label": "name",
        "beforeExpr": false,
        "startsExpr": true,
        "rightAssociative": false,
        "isLoop": false,
        "isAssign": false,
        "prefix": false,
        "postfix": false,
        "binop": null
      },
      "value": "stencil",
      "start": 939,
      "end": 946,
      "loc": {
        "start": {
          "line": 33,
          "column": 41
        },
        "end": {
          "line": 33,
          "column": 48
        }
      }
    },
    {
      "type": {
        "label": ";",
        "beforeExpr": true,
        "startsExpr": false,
        "rightAssociative": false,
        "isLoop": false,
        "isAssign": false,
        "prefix": false,
        "postfix": false,
        "binop": null,
        "updateContext": null
      },
      "start": 946,
      "end": 947,
      "loc": {
        "start": {
          "line": 33,
          "column": 48
        },
        "end": {
          "line": 33,
          "column": 49
        }
      }
    },
    {
      "type": {
        "label": "name",
        "beforeExpr": false,
        "startsExpr": true,
        "rightAssociative": false,
        "isLoop": false,
        "isAssign": false,
        "prefix": false,
        "postfix": false,
        "binop": null
      },
      "value": "stencil",
      "start": 953,
      "end": 960,
      "loc": {
        "start": {
          "line": 35,
          "column": 2
        },
        "end": {
          "line": 35,
          "column": 9
        }
      }
    },
    {
      "type": {
        "label": ".",
        "beforeExpr": false,
        "startsExpr": false,
        "rightAssociative": false,
        "isLoop": false,
        "isAssign": false,
        "prefix": false,
        "postfix": false,
        "binop": null,
        "updateContext": null
      },
      "start": 960,
      "end": 961,
      "loc": {
        "start": {
          "line": 35,
          "column": 9
        },
        "end": {
          "line": 35,
          "column": 10
        }
      }
    },
    {
      "type": {
        "label": "name",
        "beforeExpr": false,
        "startsExpr": true,
        "rightAssociative": false,
        "isLoop": false,
        "isAssign": false,
        "prefix": false,
        "postfix": false,
        "binop": null
      },
      "value": "setLocked",
      "start": 961,
      "end": 970,
      "loc": {
        "start": {
          "line": 35,
          "column": 10
        },
        "end": {
          "line": 35,
          "column": 19
        }
      }
    },
    {
      "type": {
        "label": "(",
        "beforeExpr": true,
        "startsExpr": true,
        "rightAssociative": false,
        "isLoop": false,
        "isAssign": false,
        "prefix": false,
        "postfix": false,
        "binop": null
      },
      "start": 970,
      "end": 971,
      "loc": {
        "start": {
          "line": 35,
          "column": 19
        },
        "end": {
          "line": 35,
          "column": 20
        }
      }
    },
    {
      "type": {
        "label": "false",
        "keyword": "false",
        "beforeExpr": false,
        "startsExpr": true,
        "rightAssociative": false,
        "isLoop": false,
        "isAssign": false,
        "prefix": false,
        "postfix": false,
        "binop": null,
        "updateContext": null
      },
      "value": "false",
      "start": 971,
      "end": 976,
      "loc": {
        "start": {
          "line": 35,
          "column": 20
        },
        "end": {
          "line": 35,
          "column": 25
        }
      }
    },
    {
      "type": {
        "label": ")",
        "beforeExpr": false,
        "startsExpr": false,
        "rightAssociative": false,
        "isLoop": false,
        "isAssign": false,
        "prefix": false,
        "postfix": false,
        "binop": null
      },
      "start": 976,
      "end": 977,
      "loc": {
        "start": {
          "line": 35,
          "column": 25
        },
        "end": {
          "line": 35,
          "column": 26
        }
      }
    },
    {
      "type": {
        "label": ";",
        "beforeExpr": true,
        "startsExpr": false,
        "rightAssociative": false,
        "isLoop": false,
        "isAssign": false,
        "prefix": false,
        "postfix": false,
        "binop": null,
        "updateContext": null
      },
      "start": 977,
      "end": 978,
      "loc": {
        "start": {
          "line": 35,
          "column": 26
        },
        "end": {
          "line": 35,
          "column": 27
        }
      }
    },
    {
      "type": {
        "label": "name",
        "beforeExpr": false,
        "startsExpr": true,
        "rightAssociative": false,
        "isLoop": false,
        "isAssign": false,
        "prefix": false,
        "postfix": false,
        "binop": null
      },
      "value": "stencil",
      "start": 982,
      "end": 989,
      "loc": {
        "start": {
          "line": 36,
          "column": 2
        },
        "end": {
          "line": 36,
          "column": 9
        }
      }
    },
    {
      "type": {
        "label": ".",
        "beforeExpr": false,
        "startsExpr": false,
        "rightAssociative": false,
        "isLoop": false,
        "isAssign": false,
        "prefix": false,
        "postfix": false,
        "binop": null,
        "updateContext": null
      },
      "start": 989,
      "end": 990,
      "loc": {
        "start": {
          "line": 36,
          "column": 9
        },
        "end": {
          "line": 36,
          "column": 10
        }
      }
    },
    {
      "type": {
        "label": "name",
        "beforeExpr": false,
        "startsExpr": true,
        "rightAssociative": false,
        "isLoop": false,
        "isAssign": false,
        "prefix": false,
        "postfix": false,
        "binop": null
      },
      "value": "setTest",
      "start": 990,
      "end": 997,
      "loc": {
        "start": {
          "line": 36,
          "column": 10
        },
        "end": {
          "line": 36,
          "column": 17
        }
      }
    },
    {
      "type": {
        "label": "(",
        "beforeExpr": true,
        "startsExpr": true,
        "rightAssociative": false,
        "isLoop": false,
        "isAssign": false,
        "prefix": false,
        "postfix": false,
        "binop": null
      },
      "start": 997,
      "end": 998,
      "loc": {
        "start": {
          "line": 36,
          "column": 17
        },
        "end": {
          "line": 36,
          "column": 18
        }
      }
    },
    {
      "type": {
        "label": "false",
        "keyword": "false",
        "beforeExpr": false,
        "startsExpr": true,
        "rightAssociative": false,
        "isLoop": false,
        "isAssign": false,
        "prefix": false,
        "postfix": false,
        "binop": null,
        "updateContext": null
      },
      "value": "false",
      "start": 998,
      "end": 1003,
      "loc": {
        "start": {
          "line": 36,
          "column": 18
        },
        "end": {
          "line": 36,
          "column": 23
        }
      }
    },
    {
      "type": {
        "label": ")",
        "beforeExpr": false,
        "startsExpr": false,
        "rightAssociative": false,
        "isLoop": false,
        "isAssign": false,
        "prefix": false,
        "postfix": false,
        "binop": null
      },
      "start": 1003,
      "end": 1004,
      "loc": {
        "start": {
          "line": 36,
          "column": 23
        },
        "end": {
          "line": 36,
          "column": 24
        }
      }
    },
    {
      "type": {
        "label": ";",
        "beforeExpr": true,
        "startsExpr": false,
        "rightAssociative": false,
        "isLoop": false,
        "isAssign": false,
        "prefix": false,
        "postfix": false,
        "binop": null,
        "updateContext": null
      },
      "start": 1004,
      "end": 1005,
      "loc": {
        "start": {
          "line": 36,
          "column": 24
        },
        "end": {
          "line": 36,
          "column": 25
        }
      }
    },
    {
      "type": {
        "label": "}",
        "beforeExpr": false,
        "startsExpr": false,
        "rightAssociative": false,
        "isLoop": false,
        "isAssign": false,
        "prefix": false,
        "postfix": false,
        "binop": null
      },
      "start": 1010,
      "end": 1011,
      "loc": {
        "start": {
          "line": 38,
          "column": 1
        },
        "end": {
          "line": 38,
          "column": 2
        }
      }
    },
    {
      "type": {
        "label": "}",
        "beforeExpr": false,
        "startsExpr": false,
        "rightAssociative": false,
        "isLoop": false,
        "isAssign": false,
        "prefix": false,
        "postfix": false,
        "binop": null
      },
      "start": 1015,
      "end": 1016,
      "loc": {
        "start": {
          "line": 40,
          "column": 0
        },
        "end": {
          "line": 40,
          "column": 1
        }
      }
    },
    {
      "type": {
        "label": "eof",
        "beforeExpr": false,
        "startsExpr": false,
        "rightAssociative": false,
        "isLoop": false,
        "isAssign": false,
        "prefix": false,
        "postfix": false,
        "binop": null,
        "updateContext": null
      },
      "start": 1018,
      "end": 1018,
      "loc": {
        "start": {
          "line": 41,
          "column": 0
        },
        "end": {
          "line": 41,
          "column": 0
        }
      }
    }
  ]
}