{
  "coverage": "96.76%",
  "expectCount": 588,
  "actualCount": 569,
  "files": {
    "src/core/Disposable.js": {
      "expectCount": 2,
      "actualCount": 2,
      "undocumentLines": []
    },
    "src/core/EffectComposer.js": {
      "expectCount": 18,
      "actualCount": 18,
      "undocumentLines": []
    },
    "src/core/Initializable.js": {
      "expectCount": 2,
      "actualCount": 2,
      "undocumentLines": []
    },
    "src/core/Resizable.js": {
      "expectCount": 2,
      "actualCount": 2,
      "undocumentLines": []
    },
    "src/core/Selection.js": {
      "expectCount": 11,
      "actualCount": 11,
      "undocumentLines": []
    },
    "src/effects/blending/BlendFunction.js": {
      "expectCount": 1,
      "actualCount": 1,
      "undocumentLines": []
    },
    "src/effects/blending/BlendMode.js": {
      "expectCount": 6,
      "actualCount": 6,
      "undocumentLines": []
    },
    "src/effects/BloomEffect.js": {
      "expectCount": 22,
      "actualCount": 22,
      "undocumentLines": []
    },
    "src/effects/BokehEffect.js": {
      "expectCount": 2,
      "actualCount": 2,
      "undocumentLines": []
    },
    "src/effects/BrightnessContrastEffect.js": {
      "expectCount": 2,
      "actualCount": 2,
      "undocumentLines": []
    },
    "src/effects/ChromaticAberrationEffect.js": {
      "expectCount": 5,
      "actualCount": 5,
      "undocumentLines": []
    },
    "src/effects/ColorAverageEffect.js": {
      "expectCount": 2,
      "actualCount": 2,
      "undocumentLines": []
    },
    "src/effects/ColorDepthEffect.js": {
      "expectCount": 5,
      "actualCount": 5,
      "undocumentLines": []
    },
    "src/effects/DepthEffect.js": {
      "expectCount": 4,
      "actualCount": 4,
      "undocumentLines": []
    },
    "src/effects/DotScreenEffect.js": {
      "expectCount": 3,
      "actualCount": 3,
      "undocumentLines": []
    },
    "src/effects/Effect.js": {
      "expectCount": 17,
      "actualCount": 17,
      "undocumentLines": []
    },
    "src/effects/GammaCorrectionEffect.js": {
      "expectCount": 2,
      "actualCount": 2,
      "undocumentLines": []
    },
    "src/effects/GlitchEffect.js": {
      "expectCount": 21,
      "actualCount": 21,
      "undocumentLines": []
    },
    "src/effects/GodRaysEffect.js": {
      "expectCount": 36,
      "actualCount": 36,
      "undocumentLines": []
    },
    "src/effects/GridEffect.js": {
      "expectCount": 10,
      "actualCount": 10,
      "undocumentLines": []
    },
    "src/effects/HueSaturationEffect.js": {
      "expectCount": 3,
      "actualCount": 3,
      "undocumentLines": []
    },
    "src/effects/NoiseEffect.js": {
      "expectCount": 4,
      "actualCount": 4,
      "undocumentLines": []
    },
    "src/effects/OutlineEffect.js": {
      "expectCount": 41,
      "actualCount": 39,
      "undocumentLines": [
        76,
        446
      ]
    },
    "src/effects/PixelationEffect.js": {
      "expectCount": 7,
      "actualCount": 7,
      "undocumentLines": []
    },
    "src/effects/RealisticBokehEffect.js": {
      "expectCount": 12,
      "actualCount": 12,
      "undocumentLines": []
    },
    "src/effects/ScanlineEffect.js": {
      "expectCount": 7,
      "actualCount": 7,
      "undocumentLines": []
    },
    "src/effects/SelectiveBloomEffect.js": {
      "expectCount": 20,
      "actualCount": 20,
      "undocumentLines": []
    },
    "src/effects/SepiaEffect.js": {
      "expectCount": 2,
      "actualCount": 2,
      "undocumentLines": []
    },
    "src/effects/ShockWaveEffect.js": {
      "expectCount": 13,
      "actualCount": 13,
      "undocumentLines": []
    },
    "src/effects/SMAAEffect.js": {
      "expectCount": 17,
      "actualCount": 17,
      "undocumentLines": []
    },
    "src/effects/SSAOEffect.js": {
      "expectCount": 16,
      "actualCount": 16,
      "undocumentLines": []
    },
    "src/effects/TextureEffect.js": {
      "expectCount": 5,
      "actualCount": 4,
      "undocumentLines": [
        67
      ]
    },
    "src/effects/ToneMappingEffect.js": {
      "expectCount": 19,
      "actualCount": 19,
      "undocumentLines": []
    },
    "src/effects/VignetteEffect.js": {
      "expectCount": 4,
      "actualCount": 4,
      "undocumentLines": []
    },
    "src/images/RawImageData.js": {
      "expectCount": 8,
      "actualCount": 8,
      "undocumentLines": []
    },
    "src/images/smaa/utils/SMAAAreaImageData.js": {
      "expectCount": 23,
      "actualCount": 23,
      "undocumentLines": []
    },
    "src/images/smaa/utils/SMAASearchImageData.js": {
      "expectCount": 7,
      "actualCount": 7,
      "undocumentLines": []
    },
    "src/materials/AdaptiveLuminanceMaterial.js": {
      "expectCount": 2,
      "actualCount": 2,
      "undocumentLines": []
    },
    "src/materials/ColorEdgesMaterial.js": {
      "expectCount": 5,
      "actualCount": 4,
      "undocumentLines": [
        66
      ]
    },
    "src/materials/ConvolutionMaterial.js": {
      "expectCount": 7,
      "actualCount": 7,
      "undocumentLines": []
    },
    "src/materials/CopyMaterial.js": {
      "expectCount": 2,
      "actualCount": 2,
      "undocumentLines": []
    },
    "src/materials/DepthComparisonMaterial.js": {
      "expectCount": 3,
      "actualCount": 3,
      "undocumentLines": []
    },
    "src/materials/DepthMaskMaterial.js": {
      "expectCount": 2,
      "actualCount": 2,
      "undocumentLines": []
    },
    "src/materials/EffectMaterial.js": {
      "expectCount": 13,
      "actualCount": 10,
      "undocumentLines": [
        119,
        123,
        126
      ]
    },
    "src/materials/GodRaysMaterial.js": {
      "expectCount": 5,
      "actualCount": 4,
      "undocumentLines": [
        90
      ]
    },
    "src/materials/LuminanceMaterial.js": {
      "expectCount": 17,
      "actualCount": 16,
      "undocumentLines": [
        136
      ]
    },
    "src/materials/OutlineEdgesMaterial.js": {
      "expectCount": 3,
      "actualCount": 3,
      "undocumentLines": []
    },
    "src/materials/SMAAWeightsMaterial.js": {
      "expectCount": 10,
      "actualCount": 9,
      "undocumentLines": [
        84
      ]
    },
    "src/passes/BlurPass.js": {
      "expectCount": 26,
      "actualCount": 26,
      "undocumentLines": []
    },
    "src/passes/ClearMaskPass.js": {
      "expectCount": 4,
      "actualCount": 3,
      "undocumentLines": [
        17
      ]
    },
    "src/passes/ClearPass.js": {
      "expectCount": 10,
      "actualCount": 9,
      "undocumentLines": [
        31
      ]
    },
    "src/passes/DepthPass.js": {
      "expectCount": 11,
      "actualCount": 10,
      "undocumentLines": [
        33
      ]
    },
    "src/passes/EffectPass.js": {
      "expectCount": 24,
      "actualCount": 22,
      "undocumentLines": [
        418,
        442
      ]
    },
    "src/passes/MaskPass.js": {
      "expectCount": 8,
      "actualCount": 7,
      "undocumentLines": [
        24
      ]
    },
    "src/passes/NormalPass.js": {
      "expectCount": 11,
      "actualCount": 10,
      "undocumentLines": [
        33
      ]
    },
    "src/passes/Pass.js": {
      "expectCount": 20,
      "actualCount": 20,
      "undocumentLines": []
    },
    "src/passes/RenderPass.js": {
      "expectCount": 12,
      "actualCount": 11,
      "undocumentLines": [
        24
      ]
    },
    "src/passes/SavePass.js": {
      "expectCount": 7,
      "actualCount": 6,
      "undocumentLines": [
        24
      ]
    },
    "src/passes/ShaderPass.js": {
      "expectCount": 5,
      "actualCount": 5,
      "undocumentLines": []
    }
  }
}