{
  "type": "File",
  "start": 0,
  "end": 1618,
  "loc": {
    "start": {
      "line": 1,
      "column": 0
    },
    "end": {
      "line": 49,
      "column": 0
    }
  },
  "program": {
    "type": "Program",
    "start": 0,
    "end": 1618,
    "loc": {
      "start": {
        "line": 1,
        "column": 0
      },
      "end": {
        "line": 49,
        "column": 0
      }
    },
    "sourceType": "module",
    "body": [
      {
        "type": "ExportNamedDeclaration",
        "start": 1299,
        "end": 1616,
        "loc": {
          "start": {
            "line": 26,
            "column": 0
          },
          "end": {
            "line": 48,
            "column": 2
          }
        },
        "specifiers": [],
        "source": null,
        "declaration": {
          "type": "VariableDeclaration",
          "start": 1306,
          "end": 1616,
          "loc": {
            "start": {
              "line": 26,
              "column": 7
            },
            "end": {
              "line": 48,
              "column": 2
            }
          },
          "declarations": [
            {
              "type": "VariableDeclarator",
              "start": 1312,
              "end": 1615,
              "loc": {
                "start": {
                  "line": 26,
                  "column": 13
                },
                "end": {
                  "line": 48,
                  "column": 1
                }
              },
              "id": {
                "type": "Identifier",
                "start": 1312,
                "end": 1325,
                "loc": {
                  "start": {
                    "line": 26,
                    "column": 13
                  },
                  "end": {
                    "line": 26,
                    "column": 26
                  },
                  "identifierName": "BlendFunction"
                },
                "name": "BlendFunction",
                "leadingComments": null
              },
              "init": {
                "type": "ObjectExpression",
                "start": 1328,
                "end": 1615,
                "loc": {
                  "start": {
                    "line": 26,
                    "column": 29
                  },
                  "end": {
                    "line": 48,
                    "column": 1
                  }
                },
                "properties": [
                  {
                    "type": "ObjectProperty",
                    "start": 1334,
                    "end": 1341,
                    "loc": {
                      "start": {
                        "line": 28,
                        "column": 1
                      },
                      "end": {
                        "line": 28,
                        "column": 8
                      }
                    },
                    "method": false,
                    "shorthand": false,
                    "computed": false,
                    "key": {
                      "type": "Identifier",
                      "start": 1334,
                      "end": 1338,
                      "loc": {
                        "start": {
                          "line": 28,
                          "column": 1
                        },
                        "end": {
                          "line": 28,
                          "column": 5
                        },
                        "identifierName": "SKIP"
                      },
                      "name": "SKIP"
                    },
                    "value": {
                      "type": "NumericLiteral",
                      "start": 1340,
                      "end": 1341,
                      "loc": {
                        "start": {
                          "line": 28,
                          "column": 7
                        },
                        "end": {
                          "line": 28,
                          "column": 8
                        }
                      },
                      "extra": {
                        "rawValue": 0,
                        "raw": "0"
                      },
                      "value": 0
                    }
                  },
                  {
                    "type": "ObjectProperty",
                    "start": 1345,
                    "end": 1351,
                    "loc": {
                      "start": {
                        "line": 29,
                        "column": 1
                      },
                      "end": {
                        "line": 29,
                        "column": 7
                      }
                    },
                    "method": false,
                    "shorthand": false,
                    "computed": false,
                    "key": {
                      "type": "Identifier",
                      "start": 1345,
                      "end": 1348,
                      "loc": {
                        "start": {
                          "line": 29,
                          "column": 1
                        },
                        "end": {
                          "line": 29,
                          "column": 4
                        },
                        "identifierName": "ADD"
                      },
                      "name": "ADD"
                    },
                    "value": {
                      "type": "NumericLiteral",
                      "start": 1350,
                      "end": 1351,
                      "loc": {
                        "start": {
                          "line": 29,
                          "column": 6
                        },
                        "end": {
                          "line": 29,
                          "column": 7
                        }
                      },
                      "extra": {
                        "rawValue": 1,
                        "raw": "1"
                      },
                      "value": 1
                    }
                  },
                  {
                    "type": "ObjectProperty",
                    "start": 1355,
                    "end": 1363,
                    "loc": {
                      "start": {
                        "line": 30,
                        "column": 1
                      },
                      "end": {
                        "line": 30,
                        "column": 9
                      }
                    },
                    "method": false,
                    "shorthand": false,
                    "computed": false,
                    "key": {
                      "type": "Identifier",
                      "start": 1355,
                      "end": 1360,
                      "loc": {
                        "start": {
                          "line": 30,
                          "column": 1
                        },
                        "end": {
                          "line": 30,
                          "column": 6
                        },
                        "identifierName": "ALPHA"
                      },
                      "name": "ALPHA"
                    },
                    "value": {
                      "type": "NumericLiteral",
                      "start": 1362,
                      "end": 1363,
                      "loc": {
                        "start": {
                          "line": 30,
                          "column": 8
                        },
                        "end": {
                          "line": 30,
                          "column": 9
                        }
                      },
                      "extra": {
                        "rawValue": 2,
                        "raw": "2"
                      },
                      "value": 2
                    }
                  },
                  {
                    "type": "ObjectProperty",
                    "start": 1367,
                    "end": 1377,
                    "loc": {
                      "start": {
                        "line": 31,
                        "column": 1
                      },
                      "end": {
                        "line": 31,
                        "column": 11
                      }
                    },
                    "method": false,
                    "shorthand": false,
                    "computed": false,
                    "key": {
                      "type": "Identifier",
                      "start": 1367,
                      "end": 1374,
                      "loc": {
                        "start": {
                          "line": 31,
                          "column": 1
                        },
                        "end": {
                          "line": 31,
                          "column": 8
                        },
                        "identifierName": "AVERAGE"
                      },
                      "name": "AVERAGE"
                    },
                    "value": {
                      "type": "NumericLiteral",
                      "start": 1376,
                      "end": 1377,
                      "loc": {
                        "start": {
                          "line": 31,
                          "column": 10
                        },
                        "end": {
                          "line": 31,
                          "column": 11
                        }
                      },
                      "extra": {
                        "rawValue": 3,
                        "raw": "3"
                      },
                      "value": 3
                    }
                  },
                  {
                    "type": "ObjectProperty",
                    "start": 1381,
                    "end": 1394,
                    "loc": {
                      "start": {
                        "line": 32,
                        "column": 1
                      },
                      "end": {
                        "line": 32,
                        "column": 14
                      }
                    },
                    "method": false,
                    "shorthand": false,
                    "computed": false,
                    "key": {
                      "type": "Identifier",
                      "start": 1381,
                      "end": 1391,
                      "loc": {
                        "start": {
                          "line": 32,
                          "column": 1
                        },
                        "end": {
                          "line": 32,
                          "column": 11
                        },
                        "identifierName": "COLOR_BURN"
                      },
                      "name": "COLOR_BURN"
                    },
                    "value": {
                      "type": "NumericLiteral",
                      "start": 1393,
                      "end": 1394,
                      "loc": {
                        "start": {
                          "line": 32,
                          "column": 13
                        },
                        "end": {
                          "line": 32,
                          "column": 14
                        }
                      },
                      "extra": {
                        "rawValue": 4,
                        "raw": "4"
                      },
                      "value": 4
                    }
                  },
                  {
                    "type": "ObjectProperty",
                    "start": 1398,
                    "end": 1412,
                    "loc": {
                      "start": {
                        "line": 33,
                        "column": 1
                      },
                      "end": {
                        "line": 33,
                        "column": 15
                      }
                    },
                    "method": false,
                    "shorthand": false,
                    "computed": false,
                    "key": {
                      "type": "Identifier",
                      "start": 1398,
                      "end": 1409,
                      "loc": {
                        "start": {
                          "line": 33,
                          "column": 1
                        },
                        "end": {
                          "line": 33,
                          "column": 12
                        },
                        "identifierName": "COLOR_DODGE"
                      },
                      "name": "COLOR_DODGE"
                    },
                    "value": {
                      "type": "NumericLiteral",
                      "start": 1411,
                      "end": 1412,
                      "loc": {
                        "start": {
                          "line": 33,
                          "column": 14
                        },
                        "end": {
                          "line": 33,
                          "column": 15
                        }
                      },
                      "extra": {
                        "rawValue": 5,
                        "raw": "5"
                      },
                      "value": 5
                    }
                  },
                  {
                    "type": "ObjectProperty",
                    "start": 1416,
                    "end": 1425,
                    "loc": {
                      "start": {
                        "line": 34,
                        "column": 1
                      },
                      "end": {
                        "line": 34,
                        "column": 10
                      }
                    },
                    "method": false,
                    "shorthand": false,
                    "computed": false,
                    "key": {
                      "type": "Identifier",
                      "start": 1416,
                      "end": 1422,
                      "loc": {
                        "start": {
                          "line": 34,
                          "column": 1
                        },
                        "end": {
                          "line": 34,
                          "column": 7
                        },
                        "identifierName": "DARKEN"
                      },
                      "name": "DARKEN"
                    },
                    "value": {
                      "type": "NumericLiteral",
                      "start": 1424,
                      "end": 1425,
                      "loc": {
                        "start": {
                          "line": 34,
                          "column": 9
                        },
                        "end": {
                          "line": 34,
                          "column": 10
                        }
                      },
                      "extra": {
                        "rawValue": 6,
                        "raw": "6"
                      },
                      "value": 6
                    }
                  },
                  {
                    "type": "ObjectProperty",
                    "start": 1429,
                    "end": 1442,
                    "loc": {
                      "start": {
                        "line": 35,
                        "column": 1
                      },
                      "end": {
                        "line": 35,
                        "column": 14
                      }
                    },
                    "method": false,
                    "shorthand": false,
                    "computed": false,
                    "key": {
                      "type": "Identifier",
                      "start": 1429,
                      "end": 1439,
                      "loc": {
                        "start": {
                          "line": 35,
                          "column": 1
                        },
                        "end": {
                          "line": 35,
                          "column": 11
                        },
                        "identifierName": "DIFFERENCE"
                      },
                      "name": "DIFFERENCE"
                    },
                    "value": {
                      "type": "NumericLiteral",
                      "start": 1441,
                      "end": 1442,
                      "loc": {
                        "start": {
                          "line": 35,
                          "column": 13
                        },
                        "end": {
                          "line": 35,
                          "column": 14
                        }
                      },
                      "extra": {
                        "rawValue": 7,
                        "raw": "7"
                      },
                      "value": 7
                    }
                  },
                  {
                    "type": "ObjectProperty",
                    "start": 1446,
                    "end": 1458,
                    "loc": {
                      "start": {
                        "line": 36,
                        "column": 1
                      },
                      "end": {
                        "line": 36,
                        "column": 13
                      }
                    },
                    "method": false,
                    "shorthand": false,
                    "computed": false,
                    "key": {
                      "type": "Identifier",
                      "start": 1446,
                      "end": 1455,
                      "loc": {
                        "start": {
                          "line": 36,
                          "column": 1
                        },
                        "end": {
                          "line": 36,
                          "column": 10
                        },
                        "identifierName": "EXCLUSION"
                      },
                      "name": "EXCLUSION"
                    },
                    "value": {
                      "type": "NumericLiteral",
                      "start": 1457,
                      "end": 1458,
                      "loc": {
                        "start": {
                          "line": 36,
                          "column": 12
                        },
                        "end": {
                          "line": 36,
                          "column": 13
                        }
                      },
                      "extra": {
                        "rawValue": 8,
                        "raw": "8"
                      },
                      "value": 8
                    }
                  },
                  {
                    "type": "ObjectProperty",
                    "start": 1462,
                    "end": 1472,
                    "loc": {
                      "start": {
                        "line": 37,
                        "column": 1
                      },
                      "end": {
                        "line": 37,
                        "column": 11
                      }
                    },
                    "method": false,
                    "shorthand": false,
                    "computed": false,
                    "key": {
                      "type": "Identifier",
                      "start": 1462,
                      "end": 1469,
                      "loc": {
                        "start": {
                          "line": 37,
                          "column": 1
                        },
                        "end": {
                          "line": 37,
                          "column": 8
                        },
                        "identifierName": "LIGHTEN"
                      },
                      "name": "LIGHTEN"
                    },
                    "value": {
                      "type": "NumericLiteral",
                      "start": 1471,
                      "end": 1472,
                      "loc": {
                        "start": {
                          "line": 37,
                          "column": 10
                        },
                        "end": {
                          "line": 37,
                          "column": 11
                        }
                      },
                      "extra": {
                        "rawValue": 9,
                        "raw": "9"
                      },
                      "value": 9
                    }
                  },
                  {
                    "type": "ObjectProperty",
                    "start": 1476,
                    "end": 1488,
                    "loc": {
                      "start": {
                        "line": 38,
                        "column": 1
                      },
                      "end": {
                        "line": 38,
                        "column": 13
                      }
                    },
                    "method": false,
                    "shorthand": false,
                    "computed": false,
                    "key": {
                      "type": "Identifier",
                      "start": 1476,
                      "end": 1484,
                      "loc": {
                        "start": {
                          "line": 38,
                          "column": 1
                        },
                        "end": {
                          "line": 38,
                          "column": 9
                        },
                        "identifierName": "MULTIPLY"
                      },
                      "name": "MULTIPLY"
                    },
                    "value": {
                      "type": "NumericLiteral",
                      "start": 1486,
                      "end": 1488,
                      "loc": {
                        "start": {
                          "line": 38,
                          "column": 11
                        },
                        "end": {
                          "line": 38,
                          "column": 13
                        }
                      },
                      "extra": {
                        "rawValue": 10,
                        "raw": "10"
                      },
                      "value": 10
                    }
                  },
                  {
                    "type": "ObjectProperty",
                    "start": 1492,
                    "end": 1502,
                    "loc": {
                      "start": {
                        "line": 39,
                        "column": 1
                      },
                      "end": {
                        "line": 39,
                        "column": 11
                      }
                    },
                    "method": false,
                    "shorthand": false,
                    "computed": false,
                    "key": {
                      "type": "Identifier",
                      "start": 1492,
                      "end": 1498,
                      "loc": {
                        "start": {
                          "line": 39,
                          "column": 1
                        },
                        "end": {
                          "line": 39,
                          "column": 7
                        },
                        "identifierName": "DIVIDE"
                      },
                      "name": "DIVIDE"
                    },
                    "value": {
                      "type": "NumericLiteral",
                      "start": 1500,
                      "end": 1502,
                      "loc": {
                        "start": {
                          "line": 39,
                          "column": 9
                        },
                        "end": {
                          "line": 39,
                          "column": 11
                        }
                      },
                      "extra": {
                        "rawValue": 11,
                        "raw": "11"
                      },
                      "value": 11
                    }
                  },
                  {
                    "type": "ObjectProperty",
                    "start": 1506,
                    "end": 1518,
                    "loc": {
                      "start": {
                        "line": 40,
                        "column": 1
                      },
                      "end": {
                        "line": 40,
                        "column": 13
                      }
                    },
                    "method": false,
                    "shorthand": false,
                    "computed": false,
                    "key": {
                      "type": "Identifier",
                      "start": 1506,
                      "end": 1514,
                      "loc": {
                        "start": {
                          "line": 40,
                          "column": 1
                        },
                        "end": {
                          "line": 40,
                          "column": 9
                        },
                        "identifierName": "NEGATION"
                      },
                      "name": "NEGATION"
                    },
                    "value": {
                      "type": "NumericLiteral",
                      "start": 1516,
                      "end": 1518,
                      "loc": {
                        "start": {
                          "line": 40,
                          "column": 11
                        },
                        "end": {
                          "line": 40,
                          "column": 13
                        }
                      },
                      "extra": {
                        "rawValue": 12,
                        "raw": "12"
                      },
                      "value": 12
                    }
                  },
                  {
                    "type": "ObjectProperty",
                    "start": 1522,
                    "end": 1532,
                    "loc": {
                      "start": {
                        "line": 41,
                        "column": 1
                      },
                      "end": {
                        "line": 41,
                        "column": 11
                      }
                    },
                    "method": false,
                    "shorthand": false,
                    "computed": false,
                    "key": {
                      "type": "Identifier",
                      "start": 1522,
                      "end": 1528,
                      "loc": {
                        "start": {
                          "line": 41,
                          "column": 1
                        },
                        "end": {
                          "line": 41,
                          "column": 7
                        },
                        "identifierName": "NORMAL"
                      },
                      "name": "NORMAL"
                    },
                    "value": {
                      "type": "NumericLiteral",
                      "start": 1530,
                      "end": 1532,
                      "loc": {
                        "start": {
                          "line": 41,
                          "column": 9
                        },
                        "end": {
                          "line": 41,
                          "column": 11
                        }
                      },
                      "extra": {
                        "rawValue": 13,
                        "raw": "13"
                      },
                      "value": 13
                    }
                  },
                  {
                    "type": "ObjectProperty",
                    "start": 1536,
                    "end": 1547,
                    "loc": {
                      "start": {
                        "line": 42,
                        "column": 1
                      },
                      "end": {
                        "line": 42,
                        "column": 12
                      }
                    },
                    "method": false,
                    "shorthand": false,
                    "computed": false,
                    "key": {
                      "type": "Identifier",
                      "start": 1536,
                      "end": 1543,
                      "loc": {
                        "start": {
                          "line": 42,
                          "column": 1
                        },
                        "end": {
                          "line": 42,
                          "column": 8
                        },
                        "identifierName": "OVERLAY"
                      },
                      "name": "OVERLAY"
                    },
                    "value": {
                      "type": "NumericLiteral",
                      "start": 1545,
                      "end": 1547,
                      "loc": {
                        "start": {
                          "line": 42,
                          "column": 10
                        },
                        "end": {
                          "line": 42,
                          "column": 12
                        }
                      },
                      "extra": {
                        "rawValue": 14,
                        "raw": "14"
                      },
                      "value": 14
                    }
                  },
                  {
                    "type": "ObjectProperty",
                    "start": 1551,
                    "end": 1562,
                    "loc": {
                      "start": {
                        "line": 43,
                        "column": 1
                      },
                      "end": {
                        "line": 43,
                        "column": 12
                      }
                    },
                    "method": false,
                    "shorthand": false,
                    "computed": false,
                    "key": {
                      "type": "Identifier",
                      "start": 1551,
                      "end": 1558,
                      "loc": {
                        "start": {
                          "line": 43,
                          "column": 1
                        },
                        "end": {
                          "line": 43,
                          "column": 8
                        },
                        "identifierName": "REFLECT"
                      },
                      "name": "REFLECT"
                    },
                    "value": {
                      "type": "NumericLiteral",
                      "start": 1560,
                      "end": 1562,
                      "loc": {
                        "start": {
                          "line": 43,
                          "column": 10
                        },
                        "end": {
                          "line": 43,
                          "column": 12
                        }
                      },
                      "extra": {
                        "rawValue": 15,
                        "raw": "15"
                      },
                      "value": 15
                    }
                  },
                  {
                    "type": "ObjectProperty",
                    "start": 1566,
                    "end": 1576,
                    "loc": {
                      "start": {
                        "line": 44,
                        "column": 1
                      },
                      "end": {
                        "line": 44,
                        "column": 11
                      }
                    },
                    "method": false,
                    "shorthand": false,
                    "computed": false,
                    "key": {
                      "type": "Identifier",
                      "start": 1566,
                      "end": 1572,
                      "loc": {
                        "start": {
                          "line": 44,
                          "column": 1
                        },
                        "end": {
                          "line": 44,
                          "column": 7
                        },
                        "identifierName": "SCREEN"
                      },
                      "name": "SCREEN"
                    },
                    "value": {
                      "type": "NumericLiteral",
                      "start": 1574,
                      "end": 1576,
                      "loc": {
                        "start": {
                          "line": 44,
                          "column": 9
                        },
                        "end": {
                          "line": 44,
                          "column": 11
                        }
                      },
                      "extra": {
                        "rawValue": 16,
                        "raw": "16"
                      },
                      "value": 16
                    }
                  },
                  {
                    "type": "ObjectProperty",
                    "start": 1580,
                    "end": 1594,
                    "loc": {
                      "start": {
                        "line": 45,
                        "column": 1
                      },
                      "end": {
                        "line": 45,
                        "column": 15
                      }
                    },
                    "method": false,
                    "shorthand": false,
                    "computed": false,
                    "key": {
                      "type": "Identifier",
                      "start": 1580,
                      "end": 1590,
                      "loc": {
                        "start": {
                          "line": 45,
                          "column": 1
                        },
                        "end": {
                          "line": 45,
                          "column": 11
                        },
                        "identifierName": "SOFT_LIGHT"
                      },
                      "name": "SOFT_LIGHT"
                    },
                    "value": {
                      "type": "NumericLiteral",
                      "start": 1592,
                      "end": 1594,
                      "loc": {
                        "start": {
                          "line": 45,
                          "column": 13
                        },
                        "end": {
                          "line": 45,
                          "column": 15
                        }
                      },
                      "extra": {
                        "rawValue": 17,
                        "raw": "17"
                      },
                      "value": 17
                    }
                  },
                  {
                    "type": "ObjectProperty",
                    "start": 1598,
                    "end": 1610,
                    "loc": {
                      "start": {
                        "line": 46,
                        "column": 1
                      },
                      "end": {
                        "line": 46,
                        "column": 13
                      }
                    },
                    "method": false,
                    "shorthand": false,
                    "computed": false,
                    "key": {
                      "type": "Identifier",
                      "start": 1598,
                      "end": 1606,
                      "loc": {
                        "start": {
                          "line": 46,
                          "column": 1
                        },
                        "end": {
                          "line": 46,
                          "column": 9
                        },
                        "identifierName": "SUBTRACT"
                      },
                      "name": "SUBTRACT"
                    },
                    "value": {
                      "type": "NumericLiteral",
                      "start": 1608,
                      "end": 1610,
                      "loc": {
                        "start": {
                          "line": 46,
                          "column": 11
                        },
                        "end": {
                          "line": 46,
                          "column": 13
                        }
                      },
                      "extra": {
                        "rawValue": 18,
                        "raw": "18"
                      },
                      "value": 18
                    }
                  }
                ]
              },
              "leadingComments": null
            }
          ],
          "kind": "const",
          "leadingComments": [
            {
              "type": "CommentBlock",
              "value": "*\r\n * A blend function enumeration.\r\n *\r\n * @type {Object}\r\n * @property {Number} SKIP - No blending. The effect will not be included in the final shader.\r\n * @property {Number} ADD - Additive blending. Fast, but may produce washed out results.\r\n * @property {Number} ALPHA - Alpha blending. Blends based on the alpha value of the new color.\r\n * @property {Number} AVERAGE - Average blending.\r\n * @property {Number} COLOR_BURN - Color burn.\r\n * @property {Number} COLOR_DODGE - Color dodge.\r\n * @property {Number} DARKEN - Prioritize darker colors.\r\n * @property {Number} DIFFERENCE - Color difference.\r\n * @property {Number} EXCLUSION - Color exclusion.\r\n * @property {Number} LIGHTEN - Prioritize lighter colors.\r\n * @property {Number} MULTIPLY - Color multiplication.\r\n * @property {Number} DIVIDE - Color division.\r\n * @property {Number} NEGATION - Color negation.\r\n * @property {Number} NORMAL - Normal blending. The new color overwrites the old one.\r\n * @property {Number} OVERLAY - Color overlay.\r\n * @property {Number} REFLECT - Color reflection.\r\n * @property {Number} SCREEN - Screen blending. The two colors are effectively projected on a white screen simultaneously.\r\n * @property {Number} SOFT_LIGHT - Soft light blending.\r\n * @property {Number} SUBTRACT - Color subtraction.\r\n ",
              "start": 0,
              "end": 1295,
              "loc": {
                "start": {
                  "line": 1,
                  "column": 0
                },
                "end": {
                  "line": 24,
                  "column": 3
                }
              }
            }
          ],
          "trailingComments": []
        },
        "leadingComments": [
          {
            "type": "CommentBlock",
            "value": "*\r\n * A blend function enumeration.\r\n *\r\n * @type {Object}\r\n * @property {Number} SKIP - No blending. The effect will not be included in the final shader.\r\n * @property {Number} ADD - Additive blending. Fast, but may produce washed out results.\r\n * @property {Number} ALPHA - Alpha blending. Blends based on the alpha value of the new color.\r\n * @property {Number} AVERAGE - Average blending.\r\n * @property {Number} COLOR_BURN - Color burn.\r\n * @property {Number} COLOR_DODGE - Color dodge.\r\n * @property {Number} DARKEN - Prioritize darker colors.\r\n * @property {Number} DIFFERENCE - Color difference.\r\n * @property {Number} EXCLUSION - Color exclusion.\r\n * @property {Number} LIGHTEN - Prioritize lighter colors.\r\n * @property {Number} MULTIPLY - Color multiplication.\r\n * @property {Number} DIVIDE - Color division.\r\n * @property {Number} NEGATION - Color negation.\r\n * @property {Number} NORMAL - Normal blending. The new color overwrites the old one.\r\n * @property {Number} OVERLAY - Color overlay.\r\n * @property {Number} REFLECT - Color reflection.\r\n * @property {Number} SCREEN - Screen blending. The two colors are effectively projected on a white screen simultaneously.\r\n * @property {Number} SOFT_LIGHT - Soft light blending.\r\n * @property {Number} SUBTRACT - Color subtraction.\r\n ",
            "start": 0,
            "end": 1295,
            "loc": {
              "start": {
                "line": 1,
                "column": 0
              },
              "end": {
                "line": 24,
                "column": 3
              }
            }
          }
        ]
      }
    ],
    "directives": []
  },
  "comments": [
    {
      "type": "CommentBlock",
      "value": "*\r\n * A blend function enumeration.\r\n *\r\n * @type {Object}\r\n * @property {Number} SKIP - No blending. The effect will not be included in the final shader.\r\n * @property {Number} ADD - Additive blending. Fast, but may produce washed out results.\r\n * @property {Number} ALPHA - Alpha blending. Blends based on the alpha value of the new color.\r\n * @property {Number} AVERAGE - Average blending.\r\n * @property {Number} COLOR_BURN - Color burn.\r\n * @property {Number} COLOR_DODGE - Color dodge.\r\n * @property {Number} DARKEN - Prioritize darker colors.\r\n * @property {Number} DIFFERENCE - Color difference.\r\n * @property {Number} EXCLUSION - Color exclusion.\r\n * @property {Number} LIGHTEN - Prioritize lighter colors.\r\n * @property {Number} MULTIPLY - Color multiplication.\r\n * @property {Number} DIVIDE - Color division.\r\n * @property {Number} NEGATION - Color negation.\r\n * @property {Number} NORMAL - Normal blending. The new color overwrites the old one.\r\n * @property {Number} OVERLAY - Color overlay.\r\n * @property {Number} REFLECT - Color reflection.\r\n * @property {Number} SCREEN - Screen blending. The two colors are effectively projected on a white screen simultaneously.\r\n * @property {Number} SOFT_LIGHT - Soft light blending.\r\n * @property {Number} SUBTRACT - Color subtraction.\r\n ",
      "start": 0,
      "end": 1295,
      "loc": {
        "start": {
          "line": 1,
          "column": 0
        },
        "end": {
          "line": 24,
          "column": 3
        }
      }
    }
  ],
  "tokens": [
    {
      "type": "CommentBlock",
      "value": "*\r\n * A blend function enumeration.\r\n *\r\n * @type {Object}\r\n * @property {Number} SKIP - No blending. The effect will not be included in the final shader.\r\n * @property {Number} ADD - Additive blending. Fast, but may produce washed out results.\r\n * @property {Number} ALPHA - Alpha blending. Blends based on the alpha value of the new color.\r\n * @property {Number} AVERAGE - Average blending.\r\n * @property {Number} COLOR_BURN - Color burn.\r\n * @property {Number} COLOR_DODGE - Color dodge.\r\n * @property {Number} DARKEN - Prioritize darker colors.\r\n * @property {Number} DIFFERENCE - Color difference.\r\n * @property {Number} EXCLUSION - Color exclusion.\r\n * @property {Number} LIGHTEN - Prioritize lighter colors.\r\n * @property {Number} MULTIPLY - Color multiplication.\r\n * @property {Number} DIVIDE - Color division.\r\n * @property {Number} NEGATION - Color negation.\r\n * @property {Number} NORMAL - Normal blending. The new color overwrites the old one.\r\n * @property {Number} OVERLAY - Color overlay.\r\n * @property {Number} REFLECT - Color reflection.\r\n * @property {Number} SCREEN - Screen blending. The two colors are effectively projected on a white screen simultaneously.\r\n * @property {Number} SOFT_LIGHT - Soft light blending.\r\n * @property {Number} SUBTRACT - Color subtraction.\r\n ",
      "start": 0,
      "end": 1295,
      "loc": {
        "start": {
          "line": 1,
          "column": 0
        },
        "end": {
          "line": 24,
          "column": 3
        }
      }
    },
    {
      "type": {
        "label": "export",
        "keyword": "export",
        "beforeExpr": false,
        "startsExpr": false,
        "rightAssociative": false,
        "isLoop": false,
        "isAssign": false,
        "prefix": false,
        "postfix": false,
        "binop": null,
        "updateContext": null
      },
      "value": "export",
      "start": 1299,
      "end": 1305,
      "loc": {
        "start": {
          "line": 26,
          "column": 0
        },
        "end": {
          "line": 26,
          "column": 6
        }
      }
    },
    {
      "type": {
        "label": "const",
        "keyword": "const",
        "beforeExpr": false,
        "startsExpr": false,
        "rightAssociative": false,
        "isLoop": false,
        "isAssign": false,
        "prefix": false,
        "postfix": false,
        "binop": null,
        "updateContext": null
      },
      "value": "const",
      "start": 1306,
      "end": 1311,
      "loc": {
        "start": {
          "line": 26,
          "column": 7
        },
        "end": {
          "line": 26,
          "column": 12
        }
      }
    },
    {
      "type": {
        "label": "name",
        "beforeExpr": false,
        "startsExpr": true,
        "rightAssociative": false,
        "isLoop": false,
        "isAssign": false,
        "prefix": false,
        "postfix": false,
        "binop": null
      },
      "value": "BlendFunction",
      "start": 1312,
      "end": 1325,
      "loc": {
        "start": {
          "line": 26,
          "column": 13
        },
        "end": {
          "line": 26,
          "column": 26
        }
      }
    },
    {
      "type": {
        "label": "=",
        "beforeExpr": true,
        "startsExpr": false,
        "rightAssociative": false,
        "isLoop": false,
        "isAssign": true,
        "prefix": false,
        "postfix": false,
        "binop": null,
        "updateContext": null
      },
      "value": "=",
      "start": 1326,
      "end": 1327,
      "loc": {
        "start": {
          "line": 26,
          "column": 27
        },
        "end": {
          "line": 26,
          "column": 28
        }
      }
    },
    {
      "type": {
        "label": "{",
        "beforeExpr": true,
        "startsExpr": true,
        "rightAssociative": false,
        "isLoop": false,
        "isAssign": false,
        "prefix": false,
        "postfix": false,
        "binop": null
      },
      "start": 1328,
      "end": 1329,
      "loc": {
        "start": {
          "line": 26,
          "column": 29
        },
        "end": {
          "line": 26,
          "column": 30
        }
      }
    },
    {
      "type": {
        "label": "name",
        "beforeExpr": false,
        "startsExpr": true,
        "rightAssociative": false,
        "isLoop": false,
        "isAssign": false,
        "prefix": false,
        "postfix": false,
        "binop": null
      },
      "value": "SKIP",
      "start": 1334,
      "end": 1338,
      "loc": {
        "start": {
          "line": 28,
          "column": 1
        },
        "end": {
          "line": 28,
          "column": 5
        }
      }
    },
    {
      "type": {
        "label": ":",
        "beforeExpr": true,
        "startsExpr": false,
        "rightAssociative": false,
        "isLoop": false,
        "isAssign": false,
        "prefix": false,
        "postfix": false,
        "binop": null,
        "updateContext": null
      },
      "start": 1338,
      "end": 1339,
      "loc": {
        "start": {
          "line": 28,
          "column": 5
        },
        "end": {
          "line": 28,
          "column": 6
        }
      }
    },
    {
      "type": {
        "label": "num",
        "beforeExpr": false,
        "startsExpr": true,
        "rightAssociative": false,
        "isLoop": false,
        "isAssign": false,
        "prefix": false,
        "postfix": false,
        "binop": null,
        "updateContext": null
      },
      "value": 0,
      "start": 1340,
      "end": 1341,
      "loc": {
        "start": {
          "line": 28,
          "column": 7
        },
        "end": {
          "line": 28,
          "column": 8
        }
      }
    },
    {
      "type": {
        "label": ",",
        "beforeExpr": true,
        "startsExpr": false,
        "rightAssociative": false,
        "isLoop": false,
        "isAssign": false,
        "prefix": false,
        "postfix": false,
        "binop": null,
        "updateContext": null
      },
      "start": 1341,
      "end": 1342,
      "loc": {
        "start": {
          "line": 28,
          "column": 8
        },
        "end": {
          "line": 28,
          "column": 9
        }
      }
    },
    {
      "type": {
        "label": "name",
        "beforeExpr": false,
        "startsExpr": true,
        "rightAssociative": false,
        "isLoop": false,
        "isAssign": false,
        "prefix": false,
        "postfix": false,
        "binop": null
      },
      "value": "ADD",
      "start": 1345,
      "end": 1348,
      "loc": {
        "start": {
          "line": 29,
          "column": 1
        },
        "end": {
          "line": 29,
          "column": 4
        }
      }
    },
    {
      "type": {
        "label": ":",
        "beforeExpr": true,
        "startsExpr": false,
        "rightAssociative": false,
        "isLoop": false,
        "isAssign": false,
        "prefix": false,
        "postfix": false,
        "binop": null,
        "updateContext": null
      },
      "start": 1348,
      "end": 1349,
      "loc": {
        "start": {
          "line": 29,
          "column": 4
        },
        "end": {
          "line": 29,
          "column": 5
        }
      }
    },
    {
      "type": {
        "label": "num",
        "beforeExpr": false,
        "startsExpr": true,
        "rightAssociative": false,
        "isLoop": false,
        "isAssign": false,
        "prefix": false,
        "postfix": false,
        "binop": null,
        "updateContext": null
      },
      "value": 1,
      "start": 1350,
      "end": 1351,
      "loc": {
        "start": {
          "line": 29,
          "column": 6
        },
        "end": {
          "line": 29,
          "column": 7
        }
      }
    },
    {
      "type": {
        "label": ",",
        "beforeExpr": true,
        "startsExpr": false,
        "rightAssociative": false,
        "isLoop": false,
        "isAssign": false,
        "prefix": false,
        "postfix": false,
        "binop": null,
        "updateContext": null
      },
      "start": 1351,
      "end": 1352,
      "loc": {
        "start": {
          "line": 29,
          "column": 7
        },
        "end": {
          "line": 29,
          "column": 8
        }
      }
    },
    {
      "type": {
        "label": "name",
        "beforeExpr": false,
        "startsExpr": true,
        "rightAssociative": false,
        "isLoop": false,
        "isAssign": false,
        "prefix": false,
        "postfix": false,
        "binop": null
      },
      "value": "ALPHA",
      "start": 1355,
      "end": 1360,
      "loc": {
        "start": {
          "line": 30,
          "column": 1
        },
        "end": {
          "line": 30,
          "column": 6
        }
      }
    },
    {
      "type": {
        "label": ":",
        "beforeExpr": true,
        "startsExpr": false,
        "rightAssociative": false,
        "isLoop": false,
        "isAssign": false,
        "prefix": false,
        "postfix": false,
        "binop": null,
        "updateContext": null
      },
      "start": 1360,
      "end": 1361,
      "loc": {
        "start": {
          "line": 30,
          "column": 6
        },
        "end": {
          "line": 30,
          "column": 7
        }
      }
    },
    {
      "type": {
        "label": "num",
        "beforeExpr": false,
        "startsExpr": true,
        "rightAssociative": false,
        "isLoop": false,
        "isAssign": false,
        "prefix": false,
        "postfix": false,
        "binop": null,
        "updateContext": null
      },
      "value": 2,
      "start": 1362,
      "end": 1363,
      "loc": {
        "start": {
          "line": 30,
          "column": 8
        },
        "end": {
          "line": 30,
          "column": 9
        }
      }
    },
    {
      "type": {
        "label": ",",
        "beforeExpr": true,
        "startsExpr": false,
        "rightAssociative": false,
        "isLoop": false,
        "isAssign": false,
        "prefix": false,
        "postfix": false,
        "binop": null,
        "updateContext": null
      },
      "start": 1363,
      "end": 1364,
      "loc": {
        "start": {
          "line": 30,
          "column": 9
        },
        "end": {
          "line": 30,
          "column": 10
        }
      }
    },
    {
      "type": {
        "label": "name",
        "beforeExpr": false,
        "startsExpr": true,
        "rightAssociative": false,
        "isLoop": false,
        "isAssign": false,
        "prefix": false,
        "postfix": false,
        "binop": null
      },
      "value": "AVERAGE",
      "start": 1367,
      "end": 1374,
      "loc": {
        "start": {
          "line": 31,
          "column": 1
        },
        "end": {
          "line": 31,
          "column": 8
        }
      }
    },
    {
      "type": {
        "label": ":",
        "beforeExpr": true,
        "startsExpr": false,
        "rightAssociative": false,
        "isLoop": false,
        "isAssign": false,
        "prefix": false,
        "postfix": false,
        "binop": null,
        "updateContext": null
      },
      "start": 1374,
      "end": 1375,
      "loc": {
        "start": {
          "line": 31,
          "column": 8
        },
        "end": {
          "line": 31,
          "column": 9
        }
      }
    },
    {
      "type": {
        "label": "num",
        "beforeExpr": false,
        "startsExpr": true,
        "rightAssociative": false,
        "isLoop": false,
        "isAssign": false,
        "prefix": false,
        "postfix": false,
        "binop": null,
        "updateContext": null
      },
      "value": 3,
      "start": 1376,
      "end": 1377,
      "loc": {
        "start": {
          "line": 31,
          "column": 10
        },
        "end": {
          "line": 31,
          "column": 11
        }
      }
    },
    {
      "type": {
        "label": ",",
        "beforeExpr": true,
        "startsExpr": false,
        "rightAssociative": false,
        "isLoop": false,
        "isAssign": false,
        "prefix": false,
        "postfix": false,
        "binop": null,
        "updateContext": null
      },
      "start": 1377,
      "end": 1378,
      "loc": {
        "start": {
          "line": 31,
          "column": 11
        },
        "end": {
          "line": 31,
          "column": 12
        }
      }
    },
    {
      "type": {
        "label": "name",
        "beforeExpr": false,
        "startsExpr": true,
        "rightAssociative": false,
        "isLoop": false,
        "isAssign": false,
        "prefix": false,
        "postfix": false,
        "binop": null
      },
      "value": "COLOR_BURN",
      "start": 1381,
      "end": 1391,
      "loc": {
        "start": {
          "line": 32,
          "column": 1
        },
        "end": {
          "line": 32,
          "column": 11
        }
      }
    },
    {
      "type": {
        "label": ":",
        "beforeExpr": true,
        "startsExpr": false,
        "rightAssociative": false,
        "isLoop": false,
        "isAssign": false,
        "prefix": false,
        "postfix": false,
        "binop": null,
        "updateContext": null
      },
      "start": 1391,
      "end": 1392,
      "loc": {
        "start": {
          "line": 32,
          "column": 11
        },
        "end": {
          "line": 32,
          "column": 12
        }
      }
    },
    {
      "type": {
        "label": "num",
        "beforeExpr": false,
        "startsExpr": true,
        "rightAssociative": false,
        "isLoop": false,
        "isAssign": false,
        "prefix": false,
        "postfix": false,
        "binop": null,
        "updateContext": null
      },
      "value": 4,
      "start": 1393,
      "end": 1394,
      "loc": {
        "start": {
          "line": 32,
          "column": 13
        },
        "end": {
          "line": 32,
          "column": 14
        }
      }
    },
    {
      "type": {
        "label": ",",
        "beforeExpr": true,
        "startsExpr": false,
        "rightAssociative": false,
        "isLoop": false,
        "isAssign": false,
        "prefix": false,
        "postfix": false,
        "binop": null,
        "updateContext": null
      },
      "start": 1394,
      "end": 1395,
      "loc": {
        "start": {
          "line": 32,
          "column": 14
        },
        "end": {
          "line": 32,
          "column": 15
        }
      }
    },
    {
      "type": {
        "label": "name",
        "beforeExpr": false,
        "startsExpr": true,
        "rightAssociative": false,
        "isLoop": false,
        "isAssign": false,
        "prefix": false,
        "postfix": false,
        "binop": null
      },
      "value": "COLOR_DODGE",
      "start": 1398,
      "end": 1409,
      "loc": {
        "start": {
          "line": 33,
          "column": 1
        },
        "end": {
          "line": 33,
          "column": 12
        }
      }
    },
    {
      "type": {
        "label": ":",
        "beforeExpr": true,
        "startsExpr": false,
        "rightAssociative": false,
        "isLoop": false,
        "isAssign": false,
        "prefix": false,
        "postfix": false,
        "binop": null,
        "updateContext": null
      },
      "start": 1409,
      "end": 1410,
      "loc": {
        "start": {
          "line": 33,
          "column": 12
        },
        "end": {
          "line": 33,
          "column": 13
        }
      }
    },
    {
      "type": {
        "label": "num",
        "beforeExpr": false,
        "startsExpr": true,
        "rightAssociative": false,
        "isLoop": false,
        "isAssign": false,
        "prefix": false,
        "postfix": false,
        "binop": null,
        "updateContext": null
      },
      "value": 5,
      "start": 1411,
      "end": 1412,
      "loc": {
        "start": {
          "line": 33,
          "column": 14
        },
        "end": {
          "line": 33,
          "column": 15
        }
      }
    },
    {
      "type": {
        "label": ",",
        "beforeExpr": true,
        "startsExpr": false,
        "rightAssociative": false,
        "isLoop": false,
        "isAssign": false,
        "prefix": false,
        "postfix": false,
        "binop": null,
        "updateContext": null
      },
      "start": 1412,
      "end": 1413,
      "loc": {
        "start": {
          "line": 33,
          "column": 15
        },
        "end": {
          "line": 33,
          "column": 16
        }
      }
    },
    {
      "type": {
        "label": "name",
        "beforeExpr": false,
        "startsExpr": true,
        "rightAssociative": false,
        "isLoop": false,
        "isAssign": false,
        "prefix": false,
        "postfix": false,
        "binop": null
      },
      "value": "DARKEN",
      "start": 1416,
      "end": 1422,
      "loc": {
        "start": {
          "line": 34,
          "column": 1
        },
        "end": {
          "line": 34,
          "column": 7
        }
      }
    },
    {
      "type": {
        "label": ":",
        "beforeExpr": true,
        "startsExpr": false,
        "rightAssociative": false,
        "isLoop": false,
        "isAssign": false,
        "prefix": false,
        "postfix": false,
        "binop": null,
        "updateContext": null
      },
      "start": 1422,
      "end": 1423,
      "loc": {
        "start": {
          "line": 34,
          "column": 7
        },
        "end": {
          "line": 34,
          "column": 8
        }
      }
    },
    {
      "type": {
        "label": "num",
        "beforeExpr": false,
        "startsExpr": true,
        "rightAssociative": false,
        "isLoop": false,
        "isAssign": false,
        "prefix": false,
        "postfix": false,
        "binop": null,
        "updateContext": null
      },
      "value": 6,
      "start": 1424,
      "end": 1425,
      "loc": {
        "start": {
          "line": 34,
          "column": 9
        },
        "end": {
          "line": 34,
          "column": 10
        }
      }
    },
    {
      "type": {
        "label": ",",
        "beforeExpr": true,
        "startsExpr": false,
        "rightAssociative": false,
        "isLoop": false,
        "isAssign": false,
        "prefix": false,
        "postfix": false,
        "binop": null,
        "updateContext": null
      },
      "start": 1425,
      "end": 1426,
      "loc": {
        "start": {
          "line": 34,
          "column": 10
        },
        "end": {
          "line": 34,
          "column": 11
        }
      }
    },
    {
      "type": {
        "label": "name",
        "beforeExpr": false,
        "startsExpr": true,
        "rightAssociative": false,
        "isLoop": false,
        "isAssign": false,
        "prefix": false,
        "postfix": false,
        "binop": null
      },
      "value": "DIFFERENCE",
      "start": 1429,
      "end": 1439,
      "loc": {
        "start": {
          "line": 35,
          "column": 1
        },
        "end": {
          "line": 35,
          "column": 11
        }
      }
    },
    {
      "type": {
        "label": ":",
        "beforeExpr": true,
        "startsExpr": false,
        "rightAssociative": false,
        "isLoop": false,
        "isAssign": false,
        "prefix": false,
        "postfix": false,
        "binop": null,
        "updateContext": null
      },
      "start": 1439,
      "end": 1440,
      "loc": {
        "start": {
          "line": 35,
          "column": 11
        },
        "end": {
          "line": 35,
          "column": 12
        }
      }
    },
    {
      "type": {
        "label": "num",
        "beforeExpr": false,
        "startsExpr": true,
        "rightAssociative": false,
        "isLoop": false,
        "isAssign": false,
        "prefix": false,
        "postfix": false,
        "binop": null,
        "updateContext": null
      },
      "value": 7,
      "start": 1441,
      "end": 1442,
      "loc": {
        "start": {
          "line": 35,
          "column": 13
        },
        "end": {
          "line": 35,
          "column": 14
        }
      }
    },
    {
      "type": {
        "label": ",",
        "beforeExpr": true,
        "startsExpr": false,
        "rightAssociative": false,
        "isLoop": false,
        "isAssign": false,
        "prefix": false,
        "postfix": false,
        "binop": null,
        "updateContext": null
      },
      "start": 1442,
      "end": 1443,
      "loc": {
        "start": {
          "line": 35,
          "column": 14
        },
        "end": {
          "line": 35,
          "column": 15
        }
      }
    },
    {
      "type": {
        "label": "name",
        "beforeExpr": false,
        "startsExpr": true,
        "rightAssociative": false,
        "isLoop": false,
        "isAssign": false,
        "prefix": false,
        "postfix": false,
        "binop": null
      },
      "value": "EXCLUSION",
      "start": 1446,
      "end": 1455,
      "loc": {
        "start": {
          "line": 36,
          "column": 1
        },
        "end": {
          "line": 36,
          "column": 10
        }
      }
    },
    {
      "type": {
        "label": ":",
        "beforeExpr": true,
        "startsExpr": false,
        "rightAssociative": false,
        "isLoop": false,
        "isAssign": false,
        "prefix": false,
        "postfix": false,
        "binop": null,
        "updateContext": null
      },
      "start": 1455,
      "end": 1456,
      "loc": {
        "start": {
          "line": 36,
          "column": 10
        },
        "end": {
          "line": 36,
          "column": 11
        }
      }
    },
    {
      "type": {
        "label": "num",
        "beforeExpr": false,
        "startsExpr": true,
        "rightAssociative": false,
        "isLoop": false,
        "isAssign": false,
        "prefix": false,
        "postfix": false,
        "binop": null,
        "updateContext": null
      },
      "value": 8,
      "start": 1457,
      "end": 1458,
      "loc": {
        "start": {
          "line": 36,
          "column": 12
        },
        "end": {
          "line": 36,
          "column": 13
        }
      }
    },
    {
      "type": {
        "label": ",",
        "beforeExpr": true,
        "startsExpr": false,
        "rightAssociative": false,
        "isLoop": false,
        "isAssign": false,
        "prefix": false,
        "postfix": false,
        "binop": null,
        "updateContext": null
      },
      "start": 1458,
      "end": 1459,
      "loc": {
        "start": {
          "line": 36,
          "column": 13
        },
        "end": {
          "line": 36,
          "column": 14
        }
      }
    },
    {
      "type": {
        "label": "name",
        "beforeExpr": false,
        "startsExpr": true,
        "rightAssociative": false,
        "isLoop": false,
        "isAssign": false,
        "prefix": false,
        "postfix": false,
        "binop": null
      },
      "value": "LIGHTEN",
      "start": 1462,
      "end": 1469,
      "loc": {
        "start": {
          "line": 37,
          "column": 1
        },
        "end": {
          "line": 37,
          "column": 8
        }
      }
    },
    {
      "type": {
        "label": ":",
        "beforeExpr": true,
        "startsExpr": false,
        "rightAssociative": false,
        "isLoop": false,
        "isAssign": false,
        "prefix": false,
        "postfix": false,
        "binop": null,
        "updateContext": null
      },
      "start": 1469,
      "end": 1470,
      "loc": {
        "start": {
          "line": 37,
          "column": 8
        },
        "end": {
          "line": 37,
          "column": 9
        }
      }
    },
    {
      "type": {
        "label": "num",
        "beforeExpr": false,
        "startsExpr": true,
        "rightAssociative": false,
        "isLoop": false,
        "isAssign": false,
        "prefix": false,
        "postfix": false,
        "binop": null,
        "updateContext": null
      },
      "value": 9,
      "start": 1471,
      "end": 1472,
      "loc": {
        "start": {
          "line": 37,
          "column": 10
        },
        "end": {
          "line": 37,
          "column": 11
        }
      }
    },
    {
      "type": {
        "label": ",",
        "beforeExpr": true,
        "startsExpr": false,
        "rightAssociative": false,
        "isLoop": false,
        "isAssign": false,
        "prefix": false,
        "postfix": false,
        "binop": null,
        "updateContext": null
      },
      "start": 1472,
      "end": 1473,
      "loc": {
        "start": {
          "line": 37,
          "column": 11
        },
        "end": {
          "line": 37,
          "column": 12
        }
      }
    },
    {
      "type": {
        "label": "name",
        "beforeExpr": false,
        "startsExpr": true,
        "rightAssociative": false,
        "isLoop": false,
        "isAssign": false,
        "prefix": false,
        "postfix": false,
        "binop": null
      },
      "value": "MULTIPLY",
      "start": 1476,
      "end": 1484,
      "loc": {
        "start": {
          "line": 38,
          "column": 1
        },
        "end": {
          "line": 38,
          "column": 9
        }
      }
    },
    {
      "type": {
        "label": ":",
        "beforeExpr": true,
        "startsExpr": false,
        "rightAssociative": false,
        "isLoop": false,
        "isAssign": false,
        "prefix": false,
        "postfix": false,
        "binop": null,
        "updateContext": null
      },
      "start": 1484,
      "end": 1485,
      "loc": {
        "start": {
          "line": 38,
          "column": 9
        },
        "end": {
          "line": 38,
          "column": 10
        }
      }
    },
    {
      "type": {
        "label": "num",
        "beforeExpr": false,
        "startsExpr": true,
        "rightAssociative": false,
        "isLoop": false,
        "isAssign": false,
        "prefix": false,
        "postfix": false,
        "binop": null,
        "updateContext": null
      },
      "value": 10,
      "start": 1486,
      "end": 1488,
      "loc": {
        "start": {
          "line": 38,
          "column": 11
        },
        "end": {
          "line": 38,
          "column": 13
        }
      }
    },
    {
      "type": {
        "label": ",",
        "beforeExpr": true,
        "startsExpr": false,
        "rightAssociative": false,
        "isLoop": false,
        "isAssign": false,
        "prefix": false,
        "postfix": false,
        "binop": null,
        "updateContext": null
      },
      "start": 1488,
      "end": 1489,
      "loc": {
        "start": {
          "line": 38,
          "column": 13
        },
        "end": {
          "line": 38,
          "column": 14
        }
      }
    },
    {
      "type": {
        "label": "name",
        "beforeExpr": false,
        "startsExpr": true,
        "rightAssociative": false,
        "isLoop": false,
        "isAssign": false,
        "prefix": false,
        "postfix": false,
        "binop": null
      },
      "value": "DIVIDE",
      "start": 1492,
      "end": 1498,
      "loc": {
        "start": {
          "line": 39,
          "column": 1
        },
        "end": {
          "line": 39,
          "column": 7
        }
      }
    },
    {
      "type": {
        "label": ":",
        "beforeExpr": true,
        "startsExpr": false,
        "rightAssociative": false,
        "isLoop": false,
        "isAssign": false,
        "prefix": false,
        "postfix": false,
        "binop": null,
        "updateContext": null
      },
      "start": 1498,
      "end": 1499,
      "loc": {
        "start": {
          "line": 39,
          "column": 7
        },
        "end": {
          "line": 39,
          "column": 8
        }
      }
    },
    {
      "type": {
        "label": "num",
        "beforeExpr": false,
        "startsExpr": true,
        "rightAssociative": false,
        "isLoop": false,
        "isAssign": false,
        "prefix": false,
        "postfix": false,
        "binop": null,
        "updateContext": null
      },
      "value": 11,
      "start": 1500,
      "end": 1502,
      "loc": {
        "start": {
          "line": 39,
          "column": 9
        },
        "end": {
          "line": 39,
          "column": 11
        }
      }
    },
    {
      "type": {
        "label": ",",
        "beforeExpr": true,
        "startsExpr": false,
        "rightAssociative": false,
        "isLoop": false,
        "isAssign": false,
        "prefix": false,
        "postfix": false,
        "binop": null,
        "updateContext": null
      },
      "start": 1502,
      "end": 1503,
      "loc": {
        "start": {
          "line": 39,
          "column": 11
        },
        "end": {
          "line": 39,
          "column": 12
        }
      }
    },
    {
      "type": {
        "label": "name",
        "beforeExpr": false,
        "startsExpr": true,
        "rightAssociative": false,
        "isLoop": false,
        "isAssign": false,
        "prefix": false,
        "postfix": false,
        "binop": null
      },
      "value": "NEGATION",
      "start": 1506,
      "end": 1514,
      "loc": {
        "start": {
          "line": 40,
          "column": 1
        },
        "end": {
          "line": 40,
          "column": 9
        }
      }
    },
    {
      "type": {
        "label": ":",
        "beforeExpr": true,
        "startsExpr": false,
        "rightAssociative": false,
        "isLoop": false,
        "isAssign": false,
        "prefix": false,
        "postfix": false,
        "binop": null,
        "updateContext": null
      },
      "start": 1514,
      "end": 1515,
      "loc": {
        "start": {
          "line": 40,
          "column": 9
        },
        "end": {
          "line": 40,
          "column": 10
        }
      }
    },
    {
      "type": {
        "label": "num",
        "beforeExpr": false,
        "startsExpr": true,
        "rightAssociative": false,
        "isLoop": false,
        "isAssign": false,
        "prefix": false,
        "postfix": false,
        "binop": null,
        "updateContext": null
      },
      "value": 12,
      "start": 1516,
      "end": 1518,
      "loc": {
        "start": {
          "line": 40,
          "column": 11
        },
        "end": {
          "line": 40,
          "column": 13
        }
      }
    },
    {
      "type": {
        "label": ",",
        "beforeExpr": true,
        "startsExpr": false,
        "rightAssociative": false,
        "isLoop": false,
        "isAssign": false,
        "prefix": false,
        "postfix": false,
        "binop": null,
        "updateContext": null
      },
      "start": 1518,
      "end": 1519,
      "loc": {
        "start": {
          "line": 40,
          "column": 13
        },
        "end": {
          "line": 40,
          "column": 14
        }
      }
    },
    {
      "type": {
        "label": "name",
        "beforeExpr": false,
        "startsExpr": true,
        "rightAssociative": false,
        "isLoop": false,
        "isAssign": false,
        "prefix": false,
        "postfix": false,
        "binop": null
      },
      "value": "NORMAL",
      "start": 1522,
      "end": 1528,
      "loc": {
        "start": {
          "line": 41,
          "column": 1
        },
        "end": {
          "line": 41,
          "column": 7
        }
      }
    },
    {
      "type": {
        "label": ":",
        "beforeExpr": true,
        "startsExpr": false,
        "rightAssociative": false,
        "isLoop": false,
        "isAssign": false,
        "prefix": false,
        "postfix": false,
        "binop": null,
        "updateContext": null
      },
      "start": 1528,
      "end": 1529,
      "loc": {
        "start": {
          "line": 41,
          "column": 7
        },
        "end": {
          "line": 41,
          "column": 8
        }
      }
    },
    {
      "type": {
        "label": "num",
        "beforeExpr": false,
        "startsExpr": true,
        "rightAssociative": false,
        "isLoop": false,
        "isAssign": false,
        "prefix": false,
        "postfix": false,
        "binop": null,
        "updateContext": null
      },
      "value": 13,
      "start": 1530,
      "end": 1532,
      "loc": {
        "start": {
          "line": 41,
          "column": 9
        },
        "end": {
          "line": 41,
          "column": 11
        }
      }
    },
    {
      "type": {
        "label": ",",
        "beforeExpr": true,
        "startsExpr": false,
        "rightAssociative": false,
        "isLoop": false,
        "isAssign": false,
        "prefix": false,
        "postfix": false,
        "binop": null,
        "updateContext": null
      },
      "start": 1532,
      "end": 1533,
      "loc": {
        "start": {
          "line": 41,
          "column": 11
        },
        "end": {
          "line": 41,
          "column": 12
        }
      }
    },
    {
      "type": {
        "label": "name",
        "beforeExpr": false,
        "startsExpr": true,
        "rightAssociative": false,
        "isLoop": false,
        "isAssign": false,
        "prefix": false,
        "postfix": false,
        "binop": null
      },
      "value": "OVERLAY",
      "start": 1536,
      "end": 1543,
      "loc": {
        "start": {
          "line": 42,
          "column": 1
        },
        "end": {
          "line": 42,
          "column": 8
        }
      }
    },
    {
      "type": {
        "label": ":",
        "beforeExpr": true,
        "startsExpr": false,
        "rightAssociative": false,
        "isLoop": false,
        "isAssign": false,
        "prefix": false,
        "postfix": false,
        "binop": null,
        "updateContext": null
      },
      "start": 1543,
      "end": 1544,
      "loc": {
        "start": {
          "line": 42,
          "column": 8
        },
        "end": {
          "line": 42,
          "column": 9
        }
      }
    },
    {
      "type": {
        "label": "num",
        "beforeExpr": false,
        "startsExpr": true,
        "rightAssociative": false,
        "isLoop": false,
        "isAssign": false,
        "prefix": false,
        "postfix": false,
        "binop": null,
        "updateContext": null
      },
      "value": 14,
      "start": 1545,
      "end": 1547,
      "loc": {
        "start": {
          "line": 42,
          "column": 10
        },
        "end": {
          "line": 42,
          "column": 12
        }
      }
    },
    {
      "type": {
        "label": ",",
        "beforeExpr": true,
        "startsExpr": false,
        "rightAssociative": false,
        "isLoop": false,
        "isAssign": false,
        "prefix": false,
        "postfix": false,
        "binop": null,
        "updateContext": null
      },
      "start": 1547,
      "end": 1548,
      "loc": {
        "start": {
          "line": 42,
          "column": 12
        },
        "end": {
          "line": 42,
          "column": 13
        }
      }
    },
    {
      "type": {
        "label": "name",
        "beforeExpr": false,
        "startsExpr": true,
        "rightAssociative": false,
        "isLoop": false,
        "isAssign": false,
        "prefix": false,
        "postfix": false,
        "binop": null
      },
      "value": "REFLECT",
      "start": 1551,
      "end": 1558,
      "loc": {
        "start": {
          "line": 43,
          "column": 1
        },
        "end": {
          "line": 43,
          "column": 8
        }
      }
    },
    {
      "type": {
        "label": ":",
        "beforeExpr": true,
        "startsExpr": false,
        "rightAssociative": false,
        "isLoop": false,
        "isAssign": false,
        "prefix": false,
        "postfix": false,
        "binop": null,
        "updateContext": null
      },
      "start": 1558,
      "end": 1559,
      "loc": {
        "start": {
          "line": 43,
          "column": 8
        },
        "end": {
          "line": 43,
          "column": 9
        }
      }
    },
    {
      "type": {
        "label": "num",
        "beforeExpr": false,
        "startsExpr": true,
        "rightAssociative": false,
        "isLoop": false,
        "isAssign": false,
        "prefix": false,
        "postfix": false,
        "binop": null,
        "updateContext": null
      },
      "value": 15,
      "start": 1560,
      "end": 1562,
      "loc": {
        "start": {
          "line": 43,
          "column": 10
        },
        "end": {
          "line": 43,
          "column": 12
        }
      }
    },
    {
      "type": {
        "label": ",",
        "beforeExpr": true,
        "startsExpr": false,
        "rightAssociative": false,
        "isLoop": false,
        "isAssign": false,
        "prefix": false,
        "postfix": false,
        "binop": null,
        "updateContext": null
      },
      "start": 1562,
      "end": 1563,
      "loc": {
        "start": {
          "line": 43,
          "column": 12
        },
        "end": {
          "line": 43,
          "column": 13
        }
      }
    },
    {
      "type": {
        "label": "name",
        "beforeExpr": false,
        "startsExpr": true,
        "rightAssociative": false,
        "isLoop": false,
        "isAssign": false,
        "prefix": false,
        "postfix": false,
        "binop": null
      },
      "value": "SCREEN",
      "start": 1566,
      "end": 1572,
      "loc": {
        "start": {
          "line": 44,
          "column": 1
        },
        "end": {
          "line": 44,
          "column": 7
        }
      }
    },
    {
      "type": {
        "label": ":",
        "beforeExpr": true,
        "startsExpr": false,
        "rightAssociative": false,
        "isLoop": false,
        "isAssign": false,
        "prefix": false,
        "postfix": false,
        "binop": null,
        "updateContext": null
      },
      "start": 1572,
      "end": 1573,
      "loc": {
        "start": {
          "line": 44,
          "column": 7
        },
        "end": {
          "line": 44,
          "column": 8
        }
      }
    },
    {
      "type": {
        "label": "num",
        "beforeExpr": false,
        "startsExpr": true,
        "rightAssociative": false,
        "isLoop": false,
        "isAssign": false,
        "prefix": false,
        "postfix": false,
        "binop": null,
        "updateContext": null
      },
      "value": 16,
      "start": 1574,
      "end": 1576,
      "loc": {
        "start": {
          "line": 44,
          "column": 9
        },
        "end": {
          "line": 44,
          "column": 11
        }
      }
    },
    {
      "type": {
        "label": ",",
        "beforeExpr": true,
        "startsExpr": false,
        "rightAssociative": false,
        "isLoop": false,
        "isAssign": false,
        "prefix": false,
        "postfix": false,
        "binop": null,
        "updateContext": null
      },
      "start": 1576,
      "end": 1577,
      "loc": {
        "start": {
          "line": 44,
          "column": 11
        },
        "end": {
          "line": 44,
          "column": 12
        }
      }
    },
    {
      "type": {
        "label": "name",
        "beforeExpr": false,
        "startsExpr": true,
        "rightAssociative": false,
        "isLoop": false,
        "isAssign": false,
        "prefix": false,
        "postfix": false,
        "binop": null
      },
      "value": "SOFT_LIGHT",
      "start": 1580,
      "end": 1590,
      "loc": {
        "start": {
          "line": 45,
          "column": 1
        },
        "end": {
          "line": 45,
          "column": 11
        }
      }
    },
    {
      "type": {
        "label": ":",
        "beforeExpr": true,
        "startsExpr": false,
        "rightAssociative": false,
        "isLoop": false,
        "isAssign": false,
        "prefix": false,
        "postfix": false,
        "binop": null,
        "updateContext": null
      },
      "start": 1590,
      "end": 1591,
      "loc": {
        "start": {
          "line": 45,
          "column": 11
        },
        "end": {
          "line": 45,
          "column": 12
        }
      }
    },
    {
      "type": {
        "label": "num",
        "beforeExpr": false,
        "startsExpr": true,
        "rightAssociative": false,
        "isLoop": false,
        "isAssign": false,
        "prefix": false,
        "postfix": false,
        "binop": null,
        "updateContext": null
      },
      "value": 17,
      "start": 1592,
      "end": 1594,
      "loc": {
        "start": {
          "line": 45,
          "column": 13
        },
        "end": {
          "line": 45,
          "column": 15
        }
      }
    },
    {
      "type": {
        "label": ",",
        "beforeExpr": true,
        "startsExpr": false,
        "rightAssociative": false,
        "isLoop": false,
        "isAssign": false,
        "prefix": false,
        "postfix": false,
        "binop": null,
        "updateContext": null
      },
      "start": 1594,
      "end": 1595,
      "loc": {
        "start": {
          "line": 45,
          "column": 15
        },
        "end": {
          "line": 45,
          "column": 16
        }
      }
    },
    {
      "type": {
        "label": "name",
        "beforeExpr": false,
        "startsExpr": true,
        "rightAssociative": false,
        "isLoop": false,
        "isAssign": false,
        "prefix": false,
        "postfix": false,
        "binop": null
      },
      "value": "SUBTRACT",
      "start": 1598,
      "end": 1606,
      "loc": {
        "start": {
          "line": 46,
          "column": 1
        },
        "end": {
          "line": 46,
          "column": 9
        }
      }
    },
    {
      "type": {
        "label": ":",
        "beforeExpr": true,
        "startsExpr": false,
        "rightAssociative": false,
        "isLoop": false,
        "isAssign": false,
        "prefix": false,
        "postfix": false,
        "binop": null,
        "updateContext": null
      },
      "start": 1606,
      "end": 1607,
      "loc": {
        "start": {
          "line": 46,
          "column": 9
        },
        "end": {
          "line": 46,
          "column": 10
        }
      }
    },
    {
      "type": {
        "label": "num",
        "beforeExpr": false,
        "startsExpr": true,
        "rightAssociative": false,
        "isLoop": false,
        "isAssign": false,
        "prefix": false,
        "postfix": false,
        "binop": null,
        "updateContext": null
      },
      "value": 18,
      "start": 1608,
      "end": 1610,
      "loc": {
        "start": {
          "line": 46,
          "column": 11
        },
        "end": {
          "line": 46,
          "column": 13
        }
      }
    },
    {
      "type": {
        "label": "}",
        "beforeExpr": false,
        "startsExpr": false,
        "rightAssociative": false,
        "isLoop": false,
        "isAssign": false,
        "prefix": false,
        "postfix": false,
        "binop": null
      },
      "start": 1614,
      "end": 1615,
      "loc": {
        "start": {
          "line": 48,
          "column": 0
        },
        "end": {
          "line": 48,
          "column": 1
        }
      }
    },
    {
      "type": {
        "label": ";",
        "beforeExpr": true,
        "startsExpr": false,
        "rightAssociative": false,
        "isLoop": false,
        "isAssign": false,
        "prefix": false,
        "postfix": false,
        "binop": null,
        "updateContext": null
      },
      "start": 1615,
      "end": 1616,
      "loc": {
        "start": {
          "line": 48,
          "column": 1
        },
        "end": {
          "line": 48,
          "column": 2
        }
      }
    },
    {
      "type": {
        "label": "eof",
        "beforeExpr": false,
        "startsExpr": false,
        "rightAssociative": false,
        "isLoop": false,
        "isAssign": false,
        "prefix": false,
        "postfix": false,
        "binop": null,
        "updateContext": null
      },
      "start": 1618,
      "end": 1618,
      "loc": {
        "start": {
          "line": 49,
          "column": 0
        },
        "end": {
          "line": 49,
          "column": 0
        }
      }
    }
  ]
}