{
  "type": "File",
  "start": 0,
  "end": 560,
  "loc": {
    "start": {
      "line": 1,
      "column": 0
    },
    "end": {
      "line": 25,
      "column": 0
    }
  },
  "program": {
    "type": "Program",
    "start": 0,
    "end": 560,
    "loc": {
      "start": {
        "line": 1,
        "column": 0
      },
      "end": {
        "line": 25,
        "column": 0
      }
    },
    "sourceType": "module",
    "body": [
      {
        "type": "ImportDeclaration",
        "start": 0,
        "end": 60,
        "loc": {
          "start": {
            "line": 1,
            "column": 0
          },
          "end": {
            "line": 1,
            "column": 60
          }
        },
        "specifiers": [
          {
            "type": "ImportSpecifier",
            "start": 9,
            "end": 22,
            "loc": {
              "start": {
                "line": 1,
                "column": 9
              },
              "end": {
                "line": 1,
                "column": 22
              }
            },
            "imported": {
              "type": "Identifier",
              "start": 9,
              "end": 22,
              "loc": {
                "start": {
                  "line": 1,
                  "column": 9
                },
                "end": {
                  "line": 1,
                  "column": 22
                },
                "identifierName": "BlendFunction"
              },
              "name": "BlendFunction"
            },
            "local": {
              "type": "Identifier",
              "start": 9,
              "end": 22,
              "loc": {
                "start": {
                  "line": 1,
                  "column": 9
                },
                "end": {
                  "line": 1,
                  "column": 22
                },
                "identifierName": "BlendFunction"
              },
              "name": "BlendFunction"
            }
          }
        ],
        "source": {
          "type": "StringLiteral",
          "start": 30,
          "end": 59,
          "loc": {
            "start": {
              "line": 1,
              "column": 30
            },
            "end": {
              "line": 1,
              "column": 59
            }
          },
          "extra": {
            "rawValue": "./blending/BlendFunction.js",
            "raw": "\"./blending/BlendFunction.js\""
          },
          "value": "./blending/BlendFunction.js"
        }
      },
      {
        "type": "ImportDeclaration",
        "start": 62,
        "end": 99,
        "loc": {
          "start": {
            "line": 2,
            "column": 0
          },
          "end": {
            "line": 2,
            "column": 37
          }
        },
        "specifiers": [
          {
            "type": "ImportSpecifier",
            "start": 71,
            "end": 77,
            "loc": {
              "start": {
                "line": 2,
                "column": 9
              },
              "end": {
                "line": 2,
                "column": 15
              }
            },
            "imported": {
              "type": "Identifier",
              "start": 71,
              "end": 77,
              "loc": {
                "start": {
                  "line": 2,
                  "column": 9
                },
                "end": {
                  "line": 2,
                  "column": 15
                },
                "identifierName": "Effect"
              },
              "name": "Effect"
            },
            "local": {
              "type": "Identifier",
              "start": 71,
              "end": 77,
              "loc": {
                "start": {
                  "line": 2,
                  "column": 9
                },
                "end": {
                  "line": 2,
                  "column": 15
                },
                "identifierName": "Effect"
              },
              "name": "Effect"
            }
          }
        ],
        "source": {
          "type": "StringLiteral",
          "start": 85,
          "end": 98,
          "loc": {
            "start": {
              "line": 2,
              "column": 23
            },
            "end": {
              "line": 2,
              "column": 36
            }
          },
          "extra": {
            "rawValue": "./Effect.js",
            "raw": "\"./Effect.js\""
          },
          "value": "./Effect.js"
        }
      },
      {
        "type": "ImportDeclaration",
        "start": 103,
        "end": 165,
        "loc": {
          "start": {
            "line": 4,
            "column": 0
          },
          "end": {
            "line": 4,
            "column": 62
          }
        },
        "specifiers": [
          {
            "type": "ImportDefaultSpecifier",
            "start": 110,
            "end": 124,
            "loc": {
              "start": {
                "line": 4,
                "column": 7
              },
              "end": {
                "line": 4,
                "column": 21
              }
            },
            "local": {
              "type": "Identifier",
              "start": 110,
              "end": 124,
              "loc": {
                "start": {
                  "line": 4,
                  "column": 7
                },
                "end": {
                  "line": 4,
                  "column": 21
                },
                "identifierName": "fragmentShader"
              },
              "name": "fragmentShader"
            }
          }
        ],
        "source": {
          "type": "StringLiteral",
          "start": 130,
          "end": 164,
          "loc": {
            "start": {
              "line": 4,
              "column": 27
            },
            "end": {
              "line": 4,
              "column": 61
            }
          },
          "extra": {
            "rawValue": "./glsl/color-average/shader.frag",
            "raw": "\"./glsl/color-average/shader.frag\""
          },
          "value": "./glsl/color-average/shader.frag"
        },
        "trailingComments": [
          {
            "type": "CommentBlock",
            "value": "*\r\n * A color average effect.\r\n ",
            "start": 169,
            "end": 205,
            "loc": {
              "start": {
                "line": 6,
                "column": 0
              },
              "end": {
                "line": 8,
                "column": 3
              }
            }
          }
        ]
      },
      {
        "type": "ExportNamedDeclaration",
        "start": 209,
        "end": 558,
        "loc": {
          "start": {
            "line": 10,
            "column": 0
          },
          "end": {
            "line": 24,
            "column": 1
          }
        },
        "specifiers": [],
        "source": null,
        "declaration": {
          "type": "ClassDeclaration",
          "start": 216,
          "end": 558,
          "loc": {
            "start": {
              "line": 10,
              "column": 7
            },
            "end": {
              "line": 24,
              "column": 1
            }
          },
          "id": {
            "type": "Identifier",
            "start": 222,
            "end": 240,
            "loc": {
              "start": {
                "line": 10,
                "column": 13
              },
              "end": {
                "line": 10,
                "column": 31
              },
              "identifierName": "ColorAverageEffect"
            },
            "name": "ColorAverageEffect",
            "leadingComments": null
          },
          "superClass": {
            "type": "Identifier",
            "start": 249,
            "end": 255,
            "loc": {
              "start": {
                "line": 10,
                "column": 40
              },
              "end": {
                "line": 10,
                "column": 46
              },
              "identifierName": "Effect"
            },
            "name": "Effect"
          },
          "body": {
            "type": "ClassBody",
            "start": 256,
            "end": 558,
            "loc": {
              "start": {
                "line": 10,
                "column": 47
              },
              "end": {
                "line": 24,
                "column": 1
              }
            },
            "body": [
              {
                "type": "ClassMethod",
                "start": 427,
                "end": 553,
                "loc": {
                  "start": {
                    "line": 18,
                    "column": 1
                  },
                  "end": {
                    "line": 22,
                    "column": 2
                  }
                },
                "static": false,
                "computed": false,
                "key": {
                  "type": "Identifier",
                  "start": 427,
                  "end": 438,
                  "loc": {
                    "start": {
                      "line": 18,
                      "column": 1
                    },
                    "end": {
                      "line": 18,
                      "column": 12
                    },
                    "identifierName": "constructor"
                  },
                  "name": "constructor",
                  "leadingComments": null
                },
                "kind": "constructor",
                "id": null,
                "generator": false,
                "expression": false,
                "async": false,
                "params": [
                  {
                    "type": "AssignmentPattern",
                    "start": 439,
                    "end": 475,
                    "loc": {
                      "start": {
                        "line": 18,
                        "column": 13
                      },
                      "end": {
                        "line": 18,
                        "column": 49
                      }
                    },
                    "left": {
                      "type": "Identifier",
                      "start": 439,
                      "end": 452,
                      "loc": {
                        "start": {
                          "line": 18,
                          "column": 13
                        },
                        "end": {
                          "line": 18,
                          "column": 26
                        },
                        "identifierName": "blendFunction"
                      },
                      "name": "blendFunction"
                    },
                    "right": {
                      "type": "MemberExpression",
                      "start": 455,
                      "end": 475,
                      "loc": {
                        "start": {
                          "line": 18,
                          "column": 29
                        },
                        "end": {
                          "line": 18,
                          "column": 49
                        }
                      },
                      "object": {
                        "type": "Identifier",
                        "start": 455,
                        "end": 468,
                        "loc": {
                          "start": {
                            "line": 18,
                            "column": 29
                          },
                          "end": {
                            "line": 18,
                            "column": 42
                          },
                          "identifierName": "BlendFunction"
                        },
                        "name": "BlendFunction"
                      },
                      "property": {
                        "type": "Identifier",
                        "start": 469,
                        "end": 475,
                        "loc": {
                          "start": {
                            "line": 18,
                            "column": 43
                          },
                          "end": {
                            "line": 18,
                            "column": 49
                          },
                          "identifierName": "NORMAL"
                        },
                        "name": "NORMAL"
                      },
                      "computed": false
                    }
                  }
                ],
                "body": {
                  "type": "BlockStatement",
                  "start": 477,
                  "end": 553,
                  "loc": {
                    "start": {
                      "line": 18,
                      "column": 51
                    },
                    "end": {
                      "line": 22,
                      "column": 2
                    }
                  },
                  "body": [
                    {
                      "type": "ExpressionStatement",
                      "start": 484,
                      "end": 547,
                      "loc": {
                        "start": {
                          "line": 20,
                          "column": 2
                        },
                        "end": {
                          "line": 20,
                          "column": 65
                        }
                      },
                      "expression": {
                        "type": "CallExpression",
                        "start": 484,
                        "end": 546,
                        "loc": {
                          "start": {
                            "line": 20,
                            "column": 2
                          },
                          "end": {
                            "line": 20,
                            "column": 64
                          }
                        },
                        "callee": {
                          "type": "Super",
                          "start": 484,
                          "end": 489,
                          "loc": {
                            "start": {
                              "line": 20,
                              "column": 2
                            },
                            "end": {
                              "line": 20,
                              "column": 7
                            }
                          }
                        },
                        "arguments": [
                          {
                            "type": "StringLiteral",
                            "start": 490,
                            "end": 510,
                            "loc": {
                              "start": {
                                "line": 20,
                                "column": 8
                              },
                              "end": {
                                "line": 20,
                                "column": 28
                              }
                            },
                            "extra": {
                              "rawValue": "ColorAverageEffect",
                              "raw": "\"ColorAverageEffect\""
                            },
                            "value": "ColorAverageEffect"
                          },
                          {
                            "type": "Identifier",
                            "start": 512,
                            "end": 526,
                            "loc": {
                              "start": {
                                "line": 20,
                                "column": 30
                              },
                              "end": {
                                "line": 20,
                                "column": 44
                              },
                              "identifierName": "fragmentShader"
                            },
                            "name": "fragmentShader"
                          },
                          {
                            "type": "ObjectExpression",
                            "start": 528,
                            "end": 545,
                            "loc": {
                              "start": {
                                "line": 20,
                                "column": 46
                              },
                              "end": {
                                "line": 20,
                                "column": 63
                              }
                            },
                            "properties": [
                              {
                                "type": "ObjectProperty",
                                "start": 530,
                                "end": 543,
                                "loc": {
                                  "start": {
                                    "line": 20,
                                    "column": 48
                                  },
                                  "end": {
                                    "line": 20,
                                    "column": 61
                                  }
                                },
                                "method": false,
                                "shorthand": true,
                                "computed": false,
                                "key": {
                                  "type": "Identifier",
                                  "start": 530,
                                  "end": 543,
                                  "loc": {
                                    "start": {
                                      "line": 20,
                                      "column": 48
                                    },
                                    "end": {
                                      "line": 20,
                                      "column": 61
                                    },
                                    "identifierName": "blendFunction"
                                  },
                                  "name": "blendFunction"
                                },
                                "value": {
                                  "type": "Identifier",
                                  "start": 530,
                                  "end": 543,
                                  "loc": {
                                    "start": {
                                      "line": 20,
                                      "column": 48
                                    },
                                    "end": {
                                      "line": 20,
                                      "column": 61
                                    },
                                    "identifierName": "blendFunction"
                                  },
                                  "name": "blendFunction"
                                },
                                "extra": {
                                  "shorthand": true
                                }
                              }
                            ]
                          }
                        ]
                      }
                    }
                  ],
                  "directives": []
                },
                "leadingComments": [
                  {
                    "type": "CommentBlock",
                    "value": "*\r\n\t * Constructs a new color average effect.\r\n\t *\r\n\t * @param {BlendFunction} [blendFunction=BlendFunction.NORMAL] - The blend function of this effect.\r\n\t ",
                    "start": 262,
                    "end": 422,
                    "loc": {
                      "start": {
                        "line": 12,
                        "column": 1
                      },
                      "end": {
                        "line": 16,
                        "column": 4
                      }
                    }
                  }
                ]
              }
            ]
          },
          "leadingComments": [
            {
              "type": "CommentBlock",
              "value": "*\r\n * A color average effect.\r\n ",
              "start": 169,
              "end": 205,
              "loc": {
                "start": {
                  "line": 6,
                  "column": 0
                },
                "end": {
                  "line": 8,
                  "column": 3
                }
              }
            }
          ],
          "trailingComments": []
        },
        "leadingComments": [
          {
            "type": "CommentBlock",
            "value": "*\r\n * A color average effect.\r\n ",
            "start": 169,
            "end": 205,
            "loc": {
              "start": {
                "line": 6,
                "column": 0
              },
              "end": {
                "line": 8,
                "column": 3
              }
            }
          }
        ]
      }
    ],
    "directives": []
  },
  "comments": [
    {
      "type": "CommentBlock",
      "value": "*\r\n * A color average effect.\r\n ",
      "start": 169,
      "end": 205,
      "loc": {
        "start": {
          "line": 6,
          "column": 0
        },
        "end": {
          "line": 8,
          "column": 3
        }
      }
    },
    {
      "type": "CommentBlock",
      "value": "*\r\n\t * Constructs a new color average effect.\r\n\t *\r\n\t * @param {BlendFunction} [blendFunction=BlendFunction.NORMAL] - The blend function of this effect.\r\n\t ",
      "start": 262,
      "end": 422,
      "loc": {
        "start": {
          "line": 12,
          "column": 1
        },
        "end": {
          "line": 16,
          "column": 4
        }
      }
    }
  ],
  "tokens": [
    {
      "type": {
        "label": "import",
        "keyword": "import",
        "beforeExpr": false,
        "startsExpr": true,
        "rightAssociative": false,
        "isLoop": false,
        "isAssign": false,
        "prefix": false,
        "postfix": false,
        "binop": null,
        "updateContext": null
      },
      "value": "import",
      "start": 0,
      "end": 6,
      "loc": {
        "start": {
          "line": 1,
          "column": 0
        },
        "end": {
          "line": 1,
          "column": 6
        }
      }
    },
    {
      "type": {
        "label": "{",
        "beforeExpr": true,
        "startsExpr": true,
        "rightAssociative": false,
        "isLoop": false,
        "isAssign": false,
        "prefix": false,
        "postfix": false,
        "binop": null
      },
      "start": 7,
      "end": 8,
      "loc": {
        "start": {
          "line": 1,
          "column": 7
        },
        "end": {
          "line": 1,
          "column": 8
        }
      }
    },
    {
      "type": {
        "label": "name",
        "beforeExpr": false,
        "startsExpr": true,
        "rightAssociative": false,
        "isLoop": false,
        "isAssign": false,
        "prefix": false,
        "postfix": false,
        "binop": null
      },
      "value": "BlendFunction",
      "start": 9,
      "end": 22,
      "loc": {
        "start": {
          "line": 1,
          "column": 9
        },
        "end": {
          "line": 1,
          "column": 22
        }
      }
    },
    {
      "type": {
        "label": "}",
        "beforeExpr": false,
        "startsExpr": false,
        "rightAssociative": false,
        "isLoop": false,
        "isAssign": false,
        "prefix": false,
        "postfix": false,
        "binop": null
      },
      "start": 23,
      "end": 24,
      "loc": {
        "start": {
          "line": 1,
          "column": 23
        },
        "end": {
          "line": 1,
          "column": 24
        }
      }
    },
    {
      "type": {
        "label": "name",
        "beforeExpr": false,
        "startsExpr": true,
        "rightAssociative": false,
        "isLoop": false,
        "isAssign": false,
        "prefix": false,
        "postfix": false,
        "binop": null
      },
      "value": "from",
      "start": 25,
      "end": 29,
      "loc": {
        "start": {
          "line": 1,
          "column": 25
        },
        "end": {
          "line": 1,
          "column": 29
        }
      }
    },
    {
      "type": {
        "label": "string",
        "beforeExpr": false,
        "startsExpr": true,
        "rightAssociative": false,
        "isLoop": false,
        "isAssign": false,
        "prefix": false,
        "postfix": false,
        "binop": null,
        "updateContext": null
      },
      "value": "./blending/BlendFunction.js",
      "start": 30,
      "end": 59,
      "loc": {
        "start": {
          "line": 1,
          "column": 30
        },
        "end": {
          "line": 1,
          "column": 59
        }
      }
    },
    {
      "type": {
        "label": ";",
        "beforeExpr": true,
        "startsExpr": false,
        "rightAssociative": false,
        "isLoop": false,
        "isAssign": false,
        "prefix": false,
        "postfix": false,
        "binop": null,
        "updateContext": null
      },
      "start": 59,
      "end": 60,
      "loc": {
        "start": {
          "line": 1,
          "column": 59
        },
        "end": {
          "line": 1,
          "column": 60
        }
      }
    },
    {
      "type": {
        "label": "import",
        "keyword": "import",
        "beforeExpr": false,
        "startsExpr": true,
        "rightAssociative": false,
        "isLoop": false,
        "isAssign": false,
        "prefix": false,
        "postfix": false,
        "binop": null,
        "updateContext": null
      },
      "value": "import",
      "start": 62,
      "end": 68,
      "loc": {
        "start": {
          "line": 2,
          "column": 0
        },
        "end": {
          "line": 2,
          "column": 6
        }
      }
    },
    {
      "type": {
        "label": "{",
        "beforeExpr": true,
        "startsExpr": true,
        "rightAssociative": false,
        "isLoop": false,
        "isAssign": false,
        "prefix": false,
        "postfix": false,
        "binop": null
      },
      "start": 69,
      "end": 70,
      "loc": {
        "start": {
          "line": 2,
          "column": 7
        },
        "end": {
          "line": 2,
          "column": 8
        }
      }
    },
    {
      "type": {
        "label": "name",
        "beforeExpr": false,
        "startsExpr": true,
        "rightAssociative": false,
        "isLoop": false,
        "isAssign": false,
        "prefix": false,
        "postfix": false,
        "binop": null
      },
      "value": "Effect",
      "start": 71,
      "end": 77,
      "loc": {
        "start": {
          "line": 2,
          "column": 9
        },
        "end": {
          "line": 2,
          "column": 15
        }
      }
    },
    {
      "type": {
        "label": "}",
        "beforeExpr": false,
        "startsExpr": false,
        "rightAssociative": false,
        "isLoop": false,
        "isAssign": false,
        "prefix": false,
        "postfix": false,
        "binop": null
      },
      "start": 78,
      "end": 79,
      "loc": {
        "start": {
          "line": 2,
          "column": 16
        },
        "end": {
          "line": 2,
          "column": 17
        }
      }
    },
    {
      "type": {
        "label": "name",
        "beforeExpr": false,
        "startsExpr": true,
        "rightAssociative": false,
        "isLoop": false,
        "isAssign": false,
        "prefix": false,
        "postfix": false,
        "binop": null
      },
      "value": "from",
      "start": 80,
      "end": 84,
      "loc": {
        "start": {
          "line": 2,
          "column": 18
        },
        "end": {
          "line": 2,
          "column": 22
        }
      }
    },
    {
      "type": {
        "label": "string",
        "beforeExpr": false,
        "startsExpr": true,
        "rightAssociative": false,
        "isLoop": false,
        "isAssign": false,
        "prefix": false,
        "postfix": false,
        "binop": null,
        "updateContext": null
      },
      "value": "./Effect.js",
      "start": 85,
      "end": 98,
      "loc": {
        "start": {
          "line": 2,
          "column": 23
        },
        "end": {
          "line": 2,
          "column": 36
        }
      }
    },
    {
      "type": {
        "label": ";",
        "beforeExpr": true,
        "startsExpr": false,
        "rightAssociative": false,
        "isLoop": false,
        "isAssign": false,
        "prefix": false,
        "postfix": false,
        "binop": null,
        "updateContext": null
      },
      "start": 98,
      "end": 99,
      "loc": {
        "start": {
          "line": 2,
          "column": 36
        },
        "end": {
          "line": 2,
          "column": 37
        }
      }
    },
    {
      "type": {
        "label": "import",
        "keyword": "import",
        "beforeExpr": false,
        "startsExpr": true,
        "rightAssociative": false,
        "isLoop": false,
        "isAssign": false,
        "prefix": false,
        "postfix": false,
        "binop": null,
        "updateContext": null
      },
      "value": "import",
      "start": 103,
      "end": 109,
      "loc": {
        "start": {
          "line": 4,
          "column": 0
        },
        "end": {
          "line": 4,
          "column": 6
        }
      }
    },
    {
      "type": {
        "label": "name",
        "beforeExpr": false,
        "startsExpr": true,
        "rightAssociative": false,
        "isLoop": false,
        "isAssign": false,
        "prefix": false,
        "postfix": false,
        "binop": null
      },
      "value": "fragmentShader",
      "start": 110,
      "end": 124,
      "loc": {
        "start": {
          "line": 4,
          "column": 7
        },
        "end": {
          "line": 4,
          "column": 21
        }
      }
    },
    {
      "type": {
        "label": "name",
        "beforeExpr": false,
        "startsExpr": true,
        "rightAssociative": false,
        "isLoop": false,
        "isAssign": false,
        "prefix": false,
        "postfix": false,
        "binop": null
      },
      "value": "from",
      "start": 125,
      "end": 129,
      "loc": {
        "start": {
          "line": 4,
          "column": 22
        },
        "end": {
          "line": 4,
          "column": 26
        }
      }
    },
    {
      "type": {
        "label": "string",
        "beforeExpr": false,
        "startsExpr": true,
        "rightAssociative": false,
        "isLoop": false,
        "isAssign": false,
        "prefix": false,
        "postfix": false,
        "binop": null,
        "updateContext": null
      },
      "value": "./glsl/color-average/shader.frag",
      "start": 130,
      "end": 164,
      "loc": {
        "start": {
          "line": 4,
          "column": 27
        },
        "end": {
          "line": 4,
          "column": 61
        }
      }
    },
    {
      "type": {
        "label": ";",
        "beforeExpr": true,
        "startsExpr": false,
        "rightAssociative": false,
        "isLoop": false,
        "isAssign": false,
        "prefix": false,
        "postfix": false,
        "binop": null,
        "updateContext": null
      },
      "start": 164,
      "end": 165,
      "loc": {
        "start": {
          "line": 4,
          "column": 61
        },
        "end": {
          "line": 4,
          "column": 62
        }
      }
    },
    {
      "type": "CommentBlock",
      "value": "*\r\n * A color average effect.\r\n ",
      "start": 169,
      "end": 205,
      "loc": {
        "start": {
          "line": 6,
          "column": 0
        },
        "end": {
          "line": 8,
          "column": 3
        }
      }
    },
    {
      "type": {
        "label": "export",
        "keyword": "export",
        "beforeExpr": false,
        "startsExpr": false,
        "rightAssociative": false,
        "isLoop": false,
        "isAssign": false,
        "prefix": false,
        "postfix": false,
        "binop": null,
        "updateContext": null
      },
      "value": "export",
      "start": 209,
      "end": 215,
      "loc": {
        "start": {
          "line": 10,
          "column": 0
        },
        "end": {
          "line": 10,
          "column": 6
        }
      }
    },
    {
      "type": {
        "label": "class",
        "keyword": "class",
        "beforeExpr": false,
        "startsExpr": false,
        "rightAssociative": false,
        "isLoop": false,
        "isAssign": false,
        "prefix": false,
        "postfix": false,
        "binop": null,
        "updateContext": null
      },
      "value": "class",
      "start": 216,
      "end": 221,
      "loc": {
        "start": {
          "line": 10,
          "column": 7
        },
        "end": {
          "line": 10,
          "column": 12
        }
      }
    },
    {
      "type": {
        "label": "name",
        "beforeExpr": false,
        "startsExpr": true,
        "rightAssociative": false,
        "isLoop": false,
        "isAssign": false,
        "prefix": false,
        "postfix": false,
        "binop": null
      },
      "value": "ColorAverageEffect",
      "start": 222,
      "end": 240,
      "loc": {
        "start": {
          "line": 10,
          "column": 13
        },
        "end": {
          "line": 10,
          "column": 31
        }
      }
    },
    {
      "type": {
        "label": "extends",
        "keyword": "extends",
        "beforeExpr": true,
        "startsExpr": false,
        "rightAssociative": false,
        "isLoop": false,
        "isAssign": false,
        "prefix": false,
        "postfix": false,
        "binop": null,
        "updateContext": null
      },
      "value": "extends",
      "start": 241,
      "end": 248,
      "loc": {
        "start": {
          "line": 10,
          "column": 32
        },
        "end": {
          "line": 10,
          "column": 39
        }
      }
    },
    {
      "type": {
        "label": "name",
        "beforeExpr": false,
        "startsExpr": true,
        "rightAssociative": false,
        "isLoop": false,
        "isAssign": false,
        "prefix": false,
        "postfix": false,
        "binop": null
      },
      "value": "Effect",
      "start": 249,
      "end": 255,
      "loc": {
        "start": {
          "line": 10,
          "column": 40
        },
        "end": {
          "line": 10,
          "column": 46
        }
      }
    },
    {
      "type": {
        "label": "{",
        "beforeExpr": true,
        "startsExpr": true,
        "rightAssociative": false,
        "isLoop": false,
        "isAssign": false,
        "prefix": false,
        "postfix": false,
        "binop": null
      },
      "start": 256,
      "end": 257,
      "loc": {
        "start": {
          "line": 10,
          "column": 47
        },
        "end": {
          "line": 10,
          "column": 48
        }
      }
    },
    {
      "type": "CommentBlock",
      "value": "*\r\n\t * Constructs a new color average effect.\r\n\t *\r\n\t * @param {BlendFunction} [blendFunction=BlendFunction.NORMAL] - The blend function of this effect.\r\n\t ",
      "start": 262,
      "end": 422,
      "loc": {
        "start": {
          "line": 12,
          "column": 1
        },
        "end": {
          "line": 16,
          "column": 4
        }
      }
    },
    {
      "type": {
        "label": "name",
        "beforeExpr": false,
        "startsExpr": true,
        "rightAssociative": false,
        "isLoop": false,
        "isAssign": false,
        "prefix": false,
        "postfix": false,
        "binop": null
      },
      "value": "constructor",
      "start": 427,
      "end": 438,
      "loc": {
        "start": {
          "line": 18,
          "column": 1
        },
        "end": {
          "line": 18,
          "column": 12
        }
      }
    },
    {
      "type": {
        "label": "(",
        "beforeExpr": true,
        "startsExpr": true,
        "rightAssociative": false,
        "isLoop": false,
        "isAssign": false,
        "prefix": false,
        "postfix": false,
        "binop": null
      },
      "start": 438,
      "end": 439,
      "loc": {
        "start": {
          "line": 18,
          "column": 12
        },
        "end": {
          "line": 18,
          "column": 13
        }
      }
    },
    {
      "type": {
        "label": "name",
        "beforeExpr": false,
        "startsExpr": true,
        "rightAssociative": false,
        "isLoop": false,
        "isAssign": false,
        "prefix": false,
        "postfix": false,
        "binop": null
      },
      "value": "blendFunction",
      "start": 439,
      "end": 452,
      "loc": {
        "start": {
          "line": 18,
          "column": 13
        },
        "end": {
          "line": 18,
          "column": 26
        }
      }
    },
    {
      "type": {
        "label": "=",
        "beforeExpr": true,
        "startsExpr": false,
        "rightAssociative": false,
        "isLoop": false,
        "isAssign": true,
        "prefix": false,
        "postfix": false,
        "binop": null,
        "updateContext": null
      },
      "value": "=",
      "start": 453,
      "end": 454,
      "loc": {
        "start": {
          "line": 18,
          "column": 27
        },
        "end": {
          "line": 18,
          "column": 28
        }
      }
    },
    {
      "type": {
        "label": "name",
        "beforeExpr": false,
        "startsExpr": true,
        "rightAssociative": false,
        "isLoop": false,
        "isAssign": false,
        "prefix": false,
        "postfix": false,
        "binop": null
      },
      "value": "BlendFunction",
      "start": 455,
      "end": 468,
      "loc": {
        "start": {
          "line": 18,
          "column": 29
        },
        "end": {
          "line": 18,
          "column": 42
        }
      }
    },
    {
      "type": {
        "label": ".",
        "beforeExpr": false,
        "startsExpr": false,
        "rightAssociative": false,
        "isLoop": false,
        "isAssign": false,
        "prefix": false,
        "postfix": false,
        "binop": null,
        "updateContext": null
      },
      "start": 468,
      "end": 469,
      "loc": {
        "start": {
          "line": 18,
          "column": 42
        },
        "end": {
          "line": 18,
          "column": 43
        }
      }
    },
    {
      "type": {
        "label": "name",
        "beforeExpr": false,
        "startsExpr": true,
        "rightAssociative": false,
        "isLoop": false,
        "isAssign": false,
        "prefix": false,
        "postfix": false,
        "binop": null
      },
      "value": "NORMAL",
      "start": 469,
      "end": 475,
      "loc": {
        "start": {
          "line": 18,
          "column": 43
        },
        "end": {
          "line": 18,
          "column": 49
        }
      }
    },
    {
      "type": {
        "label": ")",
        "beforeExpr": false,
        "startsExpr": false,
        "rightAssociative": false,
        "isLoop": false,
        "isAssign": false,
        "prefix": false,
        "postfix": false,
        "binop": null
      },
      "start": 475,
      "end": 476,
      "loc": {
        "start": {
          "line": 18,
          "column": 49
        },
        "end": {
          "line": 18,
          "column": 50
        }
      }
    },
    {
      "type": {
        "label": "{",
        "beforeExpr": true,
        "startsExpr": true,
        "rightAssociative": false,
        "isLoop": false,
        "isAssign": false,
        "prefix": false,
        "postfix": false,
        "binop": null
      },
      "start": 477,
      "end": 478,
      "loc": {
        "start": {
          "line": 18,
          "column": 51
        },
        "end": {
          "line": 18,
          "column": 52
        }
      }
    },
    {
      "type": {
        "label": "super",
        "keyword": "super",
        "beforeExpr": false,
        "startsExpr": true,
        "rightAssociative": false,
        "isLoop": false,
        "isAssign": false,
        "prefix": false,
        "postfix": false,
        "binop": null,
        "updateContext": null
      },
      "value": "super",
      "start": 484,
      "end": 489,
      "loc": {
        "start": {
          "line": 20,
          "column": 2
        },
        "end": {
          "line": 20,
          "column": 7
        }
      }
    },
    {
      "type": {
        "label": "(",
        "beforeExpr": true,
        "startsExpr": true,
        "rightAssociative": false,
        "isLoop": false,
        "isAssign": false,
        "prefix": false,
        "postfix": false,
        "binop": null
      },
      "start": 489,
      "end": 490,
      "loc": {
        "start": {
          "line": 20,
          "column": 7
        },
        "end": {
          "line": 20,
          "column": 8
        }
      }
    },
    {
      "type": {
        "label": "string",
        "beforeExpr": false,
        "startsExpr": true,
        "rightAssociative": false,
        "isLoop": false,
        "isAssign": false,
        "prefix": false,
        "postfix": false,
        "binop": null,
        "updateContext": null
      },
      "value": "ColorAverageEffect",
      "start": 490,
      "end": 510,
      "loc": {
        "start": {
          "line": 20,
          "column": 8
        },
        "end": {
          "line": 20,
          "column": 28
        }
      }
    },
    {
      "type": {
        "label": ",",
        "beforeExpr": true,
        "startsExpr": false,
        "rightAssociative": false,
        "isLoop": false,
        "isAssign": false,
        "prefix": false,
        "postfix": false,
        "binop": null,
        "updateContext": null
      },
      "start": 510,
      "end": 511,
      "loc": {
        "start": {
          "line": 20,
          "column": 28
        },
        "end": {
          "line": 20,
          "column": 29
        }
      }
    },
    {
      "type": {
        "label": "name",
        "beforeExpr": false,
        "startsExpr": true,
        "rightAssociative": false,
        "isLoop": false,
        "isAssign": false,
        "prefix": false,
        "postfix": false,
        "binop": null
      },
      "value": "fragmentShader",
      "start": 512,
      "end": 526,
      "loc": {
        "start": {
          "line": 20,
          "column": 30
        },
        "end": {
          "line": 20,
          "column": 44
        }
      }
    },
    {
      "type": {
        "label": ",",
        "beforeExpr": true,
        "startsExpr": false,
        "rightAssociative": false,
        "isLoop": false,
        "isAssign": false,
        "prefix": false,
        "postfix": false,
        "binop": null,
        "updateContext": null
      },
      "start": 526,
      "end": 527,
      "loc": {
        "start": {
          "line": 20,
          "column": 44
        },
        "end": {
          "line": 20,
          "column": 45
        }
      }
    },
    {
      "type": {
        "label": "{",
        "beforeExpr": true,
        "startsExpr": true,
        "rightAssociative": false,
        "isLoop": false,
        "isAssign": false,
        "prefix": false,
        "postfix": false,
        "binop": null
      },
      "start": 528,
      "end": 529,
      "loc": {
        "start": {
          "line": 20,
          "column": 46
        },
        "end": {
          "line": 20,
          "column": 47
        }
      }
    },
    {
      "type": {
        "label": "name",
        "beforeExpr": false,
        "startsExpr": true,
        "rightAssociative": false,
        "isLoop": false,
        "isAssign": false,
        "prefix": false,
        "postfix": false,
        "binop": null
      },
      "value": "blendFunction",
      "start": 530,
      "end": 543,
      "loc": {
        "start": {
          "line": 20,
          "column": 48
        },
        "end": {
          "line": 20,
          "column": 61
        }
      }
    },
    {
      "type": {
        "label": "}",
        "beforeExpr": false,
        "startsExpr": false,
        "rightAssociative": false,
        "isLoop": false,
        "isAssign": false,
        "prefix": false,
        "postfix": false,
        "binop": null
      },
      "start": 544,
      "end": 545,
      "loc": {
        "start": {
          "line": 20,
          "column": 62
        },
        "end": {
          "line": 20,
          "column": 63
        }
      }
    },
    {
      "type": {
        "label": ")",
        "beforeExpr": false,
        "startsExpr": false,
        "rightAssociative": false,
        "isLoop": false,
        "isAssign": false,
        "prefix": false,
        "postfix": false,
        "binop": null
      },
      "start": 545,
      "end": 546,
      "loc": {
        "start": {
          "line": 20,
          "column": 63
        },
        "end": {
          "line": 20,
          "column": 64
        }
      }
    },
    {
      "type": {
        "label": ";",
        "beforeExpr": true,
        "startsExpr": false,
        "rightAssociative": false,
        "isLoop": false,
        "isAssign": false,
        "prefix": false,
        "postfix": false,
        "binop": null,
        "updateContext": null
      },
      "start": 546,
      "end": 547,
      "loc": {
        "start": {
          "line": 20,
          "column": 64
        },
        "end": {
          "line": 20,
          "column": 65
        }
      }
    },
    {
      "type": {
        "label": "}",
        "beforeExpr": false,
        "startsExpr": false,
        "rightAssociative": false,
        "isLoop": false,
        "isAssign": false,
        "prefix": false,
        "postfix": false,
        "binop": null
      },
      "start": 552,
      "end": 553,
      "loc": {
        "start": {
          "line": 22,
          "column": 1
        },
        "end": {
          "line": 22,
          "column": 2
        }
      }
    },
    {
      "type": {
        "label": "}",
        "beforeExpr": false,
        "startsExpr": false,
        "rightAssociative": false,
        "isLoop": false,
        "isAssign": false,
        "prefix": false,
        "postfix": false,
        "binop": null
      },
      "start": 557,
      "end": 558,
      "loc": {
        "start": {
          "line": 24,
          "column": 0
        },
        "end": {
          "line": 24,
          "column": 1
        }
      }
    },
    {
      "type": {
        "label": "eof",
        "beforeExpr": false,
        "startsExpr": false,
        "rightAssociative": false,
        "isLoop": false,
        "isAssign": false,
        "prefix": false,
        "postfix": false,
        "binop": null,
        "updateContext": null
      },
      "start": 560,
      "end": 560,
      "loc": {
        "start": {
          "line": 25,
          "column": 0
        },
        "end": {
          "line": 25,
          "column": 0
        }
      }
    }
  ]
}