{
  "type": "File",
  "start": 0,
  "end": 826,
  "loc": {
    "start": {
      "line": 1,
      "column": 0
    },
    "end": {
      "line": 36,
      "column": 0
    }
  },
  "program": {
    "type": "Program",
    "start": 0,
    "end": 826,
    "loc": {
      "start": {
        "line": 1,
        "column": 0
      },
      "end": {
        "line": 36,
        "column": 0
      }
    },
    "sourceType": "module",
    "body": [
      {
        "type": "ImportDeclaration",
        "start": 0,
        "end": 32,
        "loc": {
          "start": {
            "line": 1,
            "column": 0
          },
          "end": {
            "line": 1,
            "column": 32
          }
        },
        "specifiers": [
          {
            "type": "ImportSpecifier",
            "start": 9,
            "end": 16,
            "loc": {
              "start": {
                "line": 1,
                "column": 9
              },
              "end": {
                "line": 1,
                "column": 16
              }
            },
            "imported": {
              "type": "Identifier",
              "start": 9,
              "end": 16,
              "loc": {
                "start": {
                  "line": 1,
                  "column": 9
                },
                "end": {
                  "line": 1,
                  "column": 16
                },
                "identifierName": "Uniform"
              },
              "name": "Uniform"
            },
            "local": {
              "type": "Identifier",
              "start": 9,
              "end": 16,
              "loc": {
                "start": {
                  "line": 1,
                  "column": 9
                },
                "end": {
                  "line": 1,
                  "column": 16
                },
                "identifierName": "Uniform"
              },
              "name": "Uniform"
            }
          }
        ],
        "source": {
          "type": "StringLiteral",
          "start": 24,
          "end": 31,
          "loc": {
            "start": {
              "line": 1,
              "column": 24
            },
            "end": {
              "line": 1,
              "column": 31
            }
          },
          "extra": {
            "rawValue": "three",
            "raw": "\"three\""
          },
          "value": "three"
        }
      },
      {
        "type": "ImportDeclaration",
        "start": 34,
        "end": 94,
        "loc": {
          "start": {
            "line": 2,
            "column": 0
          },
          "end": {
            "line": 2,
            "column": 60
          }
        },
        "specifiers": [
          {
            "type": "ImportSpecifier",
            "start": 43,
            "end": 56,
            "loc": {
              "start": {
                "line": 2,
                "column": 9
              },
              "end": {
                "line": 2,
                "column": 22
              }
            },
            "imported": {
              "type": "Identifier",
              "start": 43,
              "end": 56,
              "loc": {
                "start": {
                  "line": 2,
                  "column": 9
                },
                "end": {
                  "line": 2,
                  "column": 22
                },
                "identifierName": "BlendFunction"
              },
              "name": "BlendFunction"
            },
            "local": {
              "type": "Identifier",
              "start": 43,
              "end": 56,
              "loc": {
                "start": {
                  "line": 2,
                  "column": 9
                },
                "end": {
                  "line": 2,
                  "column": 22
                },
                "identifierName": "BlendFunction"
              },
              "name": "BlendFunction"
            }
          }
        ],
        "source": {
          "type": "StringLiteral",
          "start": 64,
          "end": 93,
          "loc": {
            "start": {
              "line": 2,
              "column": 30
            },
            "end": {
              "line": 2,
              "column": 59
            }
          },
          "extra": {
            "rawValue": "./blending/BlendFunction.js",
            "raw": "\"./blending/BlendFunction.js\""
          },
          "value": "./blending/BlendFunction.js"
        }
      },
      {
        "type": "ImportDeclaration",
        "start": 96,
        "end": 133,
        "loc": {
          "start": {
            "line": 3,
            "column": 0
          },
          "end": {
            "line": 3,
            "column": 37
          }
        },
        "specifiers": [
          {
            "type": "ImportSpecifier",
            "start": 105,
            "end": 111,
            "loc": {
              "start": {
                "line": 3,
                "column": 9
              },
              "end": {
                "line": 3,
                "column": 15
              }
            },
            "imported": {
              "type": "Identifier",
              "start": 105,
              "end": 111,
              "loc": {
                "start": {
                  "line": 3,
                  "column": 9
                },
                "end": {
                  "line": 3,
                  "column": 15
                },
                "identifierName": "Effect"
              },
              "name": "Effect"
            },
            "local": {
              "type": "Identifier",
              "start": 105,
              "end": 111,
              "loc": {
                "start": {
                  "line": 3,
                  "column": 9
                },
                "end": {
                  "line": 3,
                  "column": 15
                },
                "identifierName": "Effect"
              },
              "name": "Effect"
            }
          }
        ],
        "source": {
          "type": "StringLiteral",
          "start": 119,
          "end": 132,
          "loc": {
            "start": {
              "line": 3,
              "column": 23
            },
            "end": {
              "line": 3,
              "column": 36
            }
          },
          "extra": {
            "rawValue": "./Effect.js",
            "raw": "\"./Effect.js\""
          },
          "value": "./Effect.js"
        }
      },
      {
        "type": "ImportDeclaration",
        "start": 137,
        "end": 202,
        "loc": {
          "start": {
            "line": 5,
            "column": 0
          },
          "end": {
            "line": 5,
            "column": 65
          }
        },
        "specifiers": [
          {
            "type": "ImportDefaultSpecifier",
            "start": 144,
            "end": 158,
            "loc": {
              "start": {
                "line": 5,
                "column": 7
              },
              "end": {
                "line": 5,
                "column": 21
              }
            },
            "local": {
              "type": "Identifier",
              "start": 144,
              "end": 158,
              "loc": {
                "start": {
                  "line": 5,
                  "column": 7
                },
                "end": {
                  "line": 5,
                  "column": 21
                },
                "identifierName": "fragmentShader"
              },
              "name": "fragmentShader"
            }
          }
        ],
        "source": {
          "type": "StringLiteral",
          "start": 164,
          "end": 201,
          "loc": {
            "start": {
              "line": 5,
              "column": 27
            },
            "end": {
              "line": 5,
              "column": 64
            }
          },
          "extra": {
            "rawValue": "./glsl/gamma-correction/shader.frag",
            "raw": "\"./glsl/gamma-correction/shader.frag\""
          },
          "value": "./glsl/gamma-correction/shader.frag"
        },
        "trailingComments": [
          {
            "type": "CommentBlock",
            "value": "*\r\n * A gamma correction effect.\r\n ",
            "start": 206,
            "end": 245,
            "loc": {
              "start": {
                "line": 7,
                "column": 0
              },
              "end": {
                "line": 9,
                "column": 3
              }
            }
          }
        ]
      },
      {
        "type": "ExportNamedDeclaration",
        "start": 249,
        "end": 824,
        "loc": {
          "start": {
            "line": 11,
            "column": 0
          },
          "end": {
            "line": 35,
            "column": 1
          }
        },
        "specifiers": [],
        "source": null,
        "declaration": {
          "type": "ClassDeclaration",
          "start": 256,
          "end": 824,
          "loc": {
            "start": {
              "line": 11,
              "column": 7
            },
            "end": {
              "line": 35,
              "column": 1
            }
          },
          "id": {
            "type": "Identifier",
            "start": 262,
            "end": 283,
            "loc": {
              "start": {
                "line": 11,
                "column": 13
              },
              "end": {
                "line": 11,
                "column": 34
              },
              "identifierName": "GammaCorrectionEffect"
            },
            "name": "GammaCorrectionEffect",
            "leadingComments": null
          },
          "superClass": {
            "type": "Identifier",
            "start": 292,
            "end": 298,
            "loc": {
              "start": {
                "line": 11,
                "column": 43
              },
              "end": {
                "line": 11,
                "column": 49
              },
              "identifierName": "Effect"
            },
            "name": "Effect"
          },
          "body": {
            "type": "ClassBody",
            "start": 299,
            "end": 824,
            "loc": {
              "start": {
                "line": 11,
                "column": 50
              },
              "end": {
                "line": 35,
                "column": 1
              }
            },
            "body": [
              {
                "type": "ClassMethod",
                "start": 588,
                "end": 819,
                "loc": {
                  "start": {
                    "line": 21,
                    "column": 1
                  },
                  "end": {
                    "line": 33,
                    "column": 2
                  }
                },
                "static": false,
                "computed": false,
                "key": {
                  "type": "Identifier",
                  "start": 588,
                  "end": 599,
                  "loc": {
                    "start": {
                      "line": 21,
                      "column": 1
                    },
                    "end": {
                      "line": 21,
                      "column": 12
                    },
                    "identifierName": "constructor"
                  },
                  "name": "constructor",
                  "leadingComments": null
                },
                "kind": "constructor",
                "id": null,
                "generator": false,
                "expression": false,
                "async": false,
                "params": [
                  {
                    "type": "AssignmentPattern",
                    "start": 600,
                    "end": 658,
                    "loc": {
                      "start": {
                        "line": 21,
                        "column": 13
                      },
                      "end": {
                        "line": 21,
                        "column": 71
                      }
                    },
                    "left": {
                      "type": "ObjectPattern",
                      "start": 600,
                      "end": 653,
                      "loc": {
                        "start": {
                          "line": 21,
                          "column": 13
                        },
                        "end": {
                          "line": 21,
                          "column": 66
                        }
                      },
                      "properties": [
                        {
                          "type": "ObjectProperty",
                          "start": 602,
                          "end": 638,
                          "loc": {
                            "start": {
                              "line": 21,
                              "column": 15
                            },
                            "end": {
                              "line": 21,
                              "column": 51
                            }
                          },
                          "method": false,
                          "shorthand": true,
                          "computed": false,
                          "key": {
                            "type": "Identifier",
                            "start": 602,
                            "end": 615,
                            "loc": {
                              "start": {
                                "line": 21,
                                "column": 15
                              },
                              "end": {
                                "line": 21,
                                "column": 28
                              },
                              "identifierName": "blendFunction"
                            },
                            "name": "blendFunction"
                          },
                          "value": {
                            "type": "AssignmentPattern",
                            "start": 602,
                            "end": 638,
                            "loc": {
                              "start": {
                                "line": 21,
                                "column": 15
                              },
                              "end": {
                                "line": 21,
                                "column": 51
                              }
                            },
                            "left": {
                              "type": "Identifier",
                              "start": 602,
                              "end": 615,
                              "loc": {
                                "start": {
                                  "line": 21,
                                  "column": 15
                                },
                                "end": {
                                  "line": 21,
                                  "column": 28
                                },
                                "identifierName": "blendFunction"
                              },
                              "name": "blendFunction"
                            },
                            "right": {
                              "type": "MemberExpression",
                              "start": 618,
                              "end": 638,
                              "loc": {
                                "start": {
                                  "line": 21,
                                  "column": 31
                                },
                                "end": {
                                  "line": 21,
                                  "column": 51
                                }
                              },
                              "object": {
                                "type": "Identifier",
                                "start": 618,
                                "end": 631,
                                "loc": {
                                  "start": {
                                    "line": 21,
                                    "column": 31
                                  },
                                  "end": {
                                    "line": 21,
                                    "column": 44
                                  },
                                  "identifierName": "BlendFunction"
                                },
                                "name": "BlendFunction"
                              },
                              "property": {
                                "type": "Identifier",
                                "start": 632,
                                "end": 638,
                                "loc": {
                                  "start": {
                                    "line": 21,
                                    "column": 45
                                  },
                                  "end": {
                                    "line": 21,
                                    "column": 51
                                  },
                                  "identifierName": "NORMAL"
                                },
                                "name": "NORMAL"
                              },
                              "computed": false
                            }
                          },
                          "extra": {
                            "shorthand": true
                          }
                        },
                        {
                          "type": "ObjectProperty",
                          "start": 640,
                          "end": 651,
                          "loc": {
                            "start": {
                              "line": 21,
                              "column": 53
                            },
                            "end": {
                              "line": 21,
                              "column": 64
                            }
                          },
                          "method": false,
                          "shorthand": true,
                          "computed": false,
                          "key": {
                            "type": "Identifier",
                            "start": 640,
                            "end": 645,
                            "loc": {
                              "start": {
                                "line": 21,
                                "column": 53
                              },
                              "end": {
                                "line": 21,
                                "column": 58
                              },
                              "identifierName": "gamma"
                            },
                            "name": "gamma"
                          },
                          "value": {
                            "type": "AssignmentPattern",
                            "start": 640,
                            "end": 651,
                            "loc": {
                              "start": {
                                "line": 21,
                                "column": 53
                              },
                              "end": {
                                "line": 21,
                                "column": 64
                              }
                            },
                            "left": {
                              "type": "Identifier",
                              "start": 640,
                              "end": 645,
                              "loc": {
                                "start": {
                                  "line": 21,
                                  "column": 53
                                },
                                "end": {
                                  "line": 21,
                                  "column": 58
                                },
                                "identifierName": "gamma"
                              },
                              "name": "gamma"
                            },
                            "right": {
                              "type": "NumericLiteral",
                              "start": 648,
                              "end": 651,
                              "loc": {
                                "start": {
                                  "line": 21,
                                  "column": 61
                                },
                                "end": {
                                  "line": 21,
                                  "column": 64
                                }
                              },
                              "extra": {
                                "rawValue": 2,
                                "raw": "2.0"
                              },
                              "value": 2
                            }
                          },
                          "extra": {
                            "shorthand": true
                          }
                        }
                      ]
                    },
                    "right": {
                      "type": "ObjectExpression",
                      "start": 656,
                      "end": 658,
                      "loc": {
                        "start": {
                          "line": 21,
                          "column": 69
                        },
                        "end": {
                          "line": 21,
                          "column": 71
                        }
                      },
                      "properties": []
                    }
                  }
                ],
                "body": {
                  "type": "BlockStatement",
                  "start": 660,
                  "end": 819,
                  "loc": {
                    "start": {
                      "line": 21,
                      "column": 73
                    },
                    "end": {
                      "line": 33,
                      "column": 2
                    }
                  },
                  "body": [
                    {
                      "type": "ExpressionStatement",
                      "start": 667,
                      "end": 813,
                      "loc": {
                        "start": {
                          "line": 23,
                          "column": 2
                        },
                        "end": {
                          "line": 31,
                          "column": 5
                        }
                      },
                      "expression": {
                        "type": "CallExpression",
                        "start": 667,
                        "end": 812,
                        "loc": {
                          "start": {
                            "line": 23,
                            "column": 2
                          },
                          "end": {
                            "line": 31,
                            "column": 4
                          }
                        },
                        "callee": {
                          "type": "Super",
                          "start": 667,
                          "end": 672,
                          "loc": {
                            "start": {
                              "line": 23,
                              "column": 2
                            },
                            "end": {
                              "line": 23,
                              "column": 7
                            }
                          }
                        },
                        "arguments": [
                          {
                            "type": "StringLiteral",
                            "start": 673,
                            "end": 696,
                            "loc": {
                              "start": {
                                "line": 23,
                                "column": 8
                              },
                              "end": {
                                "line": 23,
                                "column": 31
                              }
                            },
                            "extra": {
                              "rawValue": "GammaCorrectionEffect",
                              "raw": "\"GammaCorrectionEffect\""
                            },
                            "value": "GammaCorrectionEffect"
                          },
                          {
                            "type": "Identifier",
                            "start": 698,
                            "end": 712,
                            "loc": {
                              "start": {
                                "line": 23,
                                "column": 33
                              },
                              "end": {
                                "line": 23,
                                "column": 47
                              },
                              "identifierName": "fragmentShader"
                            },
                            "name": "fragmentShader"
                          },
                          {
                            "type": "ObjectExpression",
                            "start": 714,
                            "end": 811,
                            "loc": {
                              "start": {
                                "line": 23,
                                "column": 49
                              },
                              "end": {
                                "line": 31,
                                "column": 3
                              }
                            },
                            "properties": [
                              {
                                "type": "ObjectProperty",
                                "start": 722,
                                "end": 735,
                                "loc": {
                                  "start": {
                                    "line": 25,
                                    "column": 3
                                  },
                                  "end": {
                                    "line": 25,
                                    "column": 16
                                  }
                                },
                                "method": false,
                                "shorthand": true,
                                "computed": false,
                                "key": {
                                  "type": "Identifier",
                                  "start": 722,
                                  "end": 735,
                                  "loc": {
                                    "start": {
                                      "line": 25,
                                      "column": 3
                                    },
                                    "end": {
                                      "line": 25,
                                      "column": 16
                                    },
                                    "identifierName": "blendFunction"
                                  },
                                  "name": "blendFunction"
                                },
                                "value": {
                                  "type": "Identifier",
                                  "start": 722,
                                  "end": 735,
                                  "loc": {
                                    "start": {
                                      "line": 25,
                                      "column": 3
                                    },
                                    "end": {
                                      "line": 25,
                                      "column": 16
                                    },
                                    "identifierName": "blendFunction"
                                  },
                                  "name": "blendFunction"
                                },
                                "extra": {
                                  "shorthand": true
                                }
                              },
                              {
                                "type": "ObjectProperty",
                                "start": 743,
                                "end": 804,
                                "loc": {
                                  "start": {
                                    "line": 27,
                                    "column": 3
                                  },
                                  "end": {
                                    "line": 29,
                                    "column": 5
                                  }
                                },
                                "method": false,
                                "shorthand": false,
                                "computed": false,
                                "key": {
                                  "type": "Identifier",
                                  "start": 743,
                                  "end": 751,
                                  "loc": {
                                    "start": {
                                      "line": 27,
                                      "column": 3
                                    },
                                    "end": {
                                      "line": 27,
                                      "column": 11
                                    },
                                    "identifierName": "uniforms"
                                  },
                                  "name": "uniforms"
                                },
                                "value": {
                                  "type": "NewExpression",
                                  "start": 753,
                                  "end": 804,
                                  "loc": {
                                    "start": {
                                      "line": 27,
                                      "column": 13
                                    },
                                    "end": {
                                      "line": 29,
                                      "column": 5
                                    }
                                  },
                                  "callee": {
                                    "type": "Identifier",
                                    "start": 757,
                                    "end": 760,
                                    "loc": {
                                      "start": {
                                        "line": 27,
                                        "column": 17
                                      },
                                      "end": {
                                        "line": 27,
                                        "column": 20
                                      },
                                      "identifierName": "Map"
                                    },
                                    "name": "Map"
                                  },
                                  "arguments": [
                                    {
                                      "type": "ArrayExpression",
                                      "start": 761,
                                      "end": 803,
                                      "loc": {
                                        "start": {
                                          "line": 27,
                                          "column": 21
                                        },
                                        "end": {
                                          "line": 29,
                                          "column": 4
                                        }
                                      },
                                      "elements": [
                                        {
                                          "type": "ArrayExpression",
                                          "start": 768,
                                          "end": 797,
                                          "loc": {
                                            "start": {
                                              "line": 28,
                                              "column": 4
                                            },
                                            "end": {
                                              "line": 28,
                                              "column": 33
                                            }
                                          },
                                          "elements": [
                                            {
                                              "type": "StringLiteral",
                                              "start": 769,
                                              "end": 776,
                                              "loc": {
                                                "start": {
                                                  "line": 28,
                                                  "column": 5
                                                },
                                                "end": {
                                                  "line": 28,
                                                  "column": 12
                                                }
                                              },
                                              "extra": {
                                                "rawValue": "gamma",
                                                "raw": "\"gamma\""
                                              },
                                              "value": "gamma"
                                            },
                                            {
                                              "type": "NewExpression",
                                              "start": 778,
                                              "end": 796,
                                              "loc": {
                                                "start": {
                                                  "line": 28,
                                                  "column": 14
                                                },
                                                "end": {
                                                  "line": 28,
                                                  "column": 32
                                                }
                                              },
                                              "callee": {
                                                "type": "Identifier",
                                                "start": 782,
                                                "end": 789,
                                                "loc": {
                                                  "start": {
                                                    "line": 28,
                                                    "column": 18
                                                  },
                                                  "end": {
                                                    "line": 28,
                                                    "column": 25
                                                  },
                                                  "identifierName": "Uniform"
                                                },
                                                "name": "Uniform"
                                              },
                                              "arguments": [
                                                {
                                                  "type": "Identifier",
                                                  "start": 790,
                                                  "end": 795,
                                                  "loc": {
                                                    "start": {
                                                      "line": 28,
                                                      "column": 26
                                                    },
                                                    "end": {
                                                      "line": 28,
                                                      "column": 31
                                                    },
                                                    "identifierName": "gamma"
                                                  },
                                                  "name": "gamma"
                                                }
                                              ]
                                            }
                                          ]
                                        }
                                      ]
                                    }
                                  ]
                                }
                              }
                            ]
                          }
                        ]
                      }
                    }
                  ],
                  "directives": []
                },
                "leadingComments": [
                  {
                    "type": "CommentBlock",
                    "value": "*\r\n\t * Constructs a new gamma correction effect.\r\n\t *\r\n\t * @param {Object} [options] - The options.\r\n\t * @param {BlendFunction} [options.blendFunction=BlendFunction.NORMAL] - The blend function of this effect.\r\n\t * @param {Number} [options.gamma=2.0] - The gamma factor.\r\n\t ",
                    "start": 305,
                    "end": 583,
                    "loc": {
                      "start": {
                        "line": 13,
                        "column": 1
                      },
                      "end": {
                        "line": 19,
                        "column": 4
                      }
                    }
                  }
                ]
              }
            ]
          },
          "leadingComments": [
            {
              "type": "CommentBlock",
              "value": "*\r\n * A gamma correction effect.\r\n ",
              "start": 206,
              "end": 245,
              "loc": {
                "start": {
                  "line": 7,
                  "column": 0
                },
                "end": {
                  "line": 9,
                  "column": 3
                }
              }
            }
          ],
          "trailingComments": []
        },
        "leadingComments": [
          {
            "type": "CommentBlock",
            "value": "*\r\n * A gamma correction effect.\r\n ",
            "start": 206,
            "end": 245,
            "loc": {
              "start": {
                "line": 7,
                "column": 0
              },
              "end": {
                "line": 9,
                "column": 3
              }
            }
          }
        ]
      }
    ],
    "directives": []
  },
  "comments": [
    {
      "type": "CommentBlock",
      "value": "*\r\n * A gamma correction effect.\r\n ",
      "start": 206,
      "end": 245,
      "loc": {
        "start": {
          "line": 7,
          "column": 0
        },
        "end": {
          "line": 9,
          "column": 3
        }
      }
    },
    {
      "type": "CommentBlock",
      "value": "*\r\n\t * Constructs a new gamma correction effect.\r\n\t *\r\n\t * @param {Object} [options] - The options.\r\n\t * @param {BlendFunction} [options.blendFunction=BlendFunction.NORMAL] - The blend function of this effect.\r\n\t * @param {Number} [options.gamma=2.0] - The gamma factor.\r\n\t ",
      "start": 305,
      "end": 583,
      "loc": {
        "start": {
          "line": 13,
          "column": 1
        },
        "end": {
          "line": 19,
          "column": 4
        }
      }
    }
  ],
  "tokens": [
    {
      "type": {
        "label": "import",
        "keyword": "import",
        "beforeExpr": false,
        "startsExpr": true,
        "rightAssociative": false,
        "isLoop": false,
        "isAssign": false,
        "prefix": false,
        "postfix": false,
        "binop": null,
        "updateContext": null
      },
      "value": "import",
      "start": 0,
      "end": 6,
      "loc": {
        "start": {
          "line": 1,
          "column": 0
        },
        "end": {
          "line": 1,
          "column": 6
        }
      }
    },
    {
      "type": {
        "label": "{",
        "beforeExpr": true,
        "startsExpr": true,
        "rightAssociative": false,
        "isLoop": false,
        "isAssign": false,
        "prefix": false,
        "postfix": false,
        "binop": null
      },
      "start": 7,
      "end": 8,
      "loc": {
        "start": {
          "line": 1,
          "column": 7
        },
        "end": {
          "line": 1,
          "column": 8
        }
      }
    },
    {
      "type": {
        "label": "name",
        "beforeExpr": false,
        "startsExpr": true,
        "rightAssociative": false,
        "isLoop": false,
        "isAssign": false,
        "prefix": false,
        "postfix": false,
        "binop": null
      },
      "value": "Uniform",
      "start": 9,
      "end": 16,
      "loc": {
        "start": {
          "line": 1,
          "column": 9
        },
        "end": {
          "line": 1,
          "column": 16
        }
      }
    },
    {
      "type": {
        "label": "}",
        "beforeExpr": false,
        "startsExpr": false,
        "rightAssociative": false,
        "isLoop": false,
        "isAssign": false,
        "prefix": false,
        "postfix": false,
        "binop": null
      },
      "start": 17,
      "end": 18,
      "loc": {
        "start": {
          "line": 1,
          "column": 17
        },
        "end": {
          "line": 1,
          "column": 18
        }
      }
    },
    {
      "type": {
        "label": "name",
        "beforeExpr": false,
        "startsExpr": true,
        "rightAssociative": false,
        "isLoop": false,
        "isAssign": false,
        "prefix": false,
        "postfix": false,
        "binop": null
      },
      "value": "from",
      "start": 19,
      "end": 23,
      "loc": {
        "start": {
          "line": 1,
          "column": 19
        },
        "end": {
          "line": 1,
          "column": 23
        }
      }
    },
    {
      "type": {
        "label": "string",
        "beforeExpr": false,
        "startsExpr": true,
        "rightAssociative": false,
        "isLoop": false,
        "isAssign": false,
        "prefix": false,
        "postfix": false,
        "binop": null,
        "updateContext": null
      },
      "value": "three",
      "start": 24,
      "end": 31,
      "loc": {
        "start": {
          "line": 1,
          "column": 24
        },
        "end": {
          "line": 1,
          "column": 31
        }
      }
    },
    {
      "type": {
        "label": ";",
        "beforeExpr": true,
        "startsExpr": false,
        "rightAssociative": false,
        "isLoop": false,
        "isAssign": false,
        "prefix": false,
        "postfix": false,
        "binop": null,
        "updateContext": null
      },
      "start": 31,
      "end": 32,
      "loc": {
        "start": {
          "line": 1,
          "column": 31
        },
        "end": {
          "line": 1,
          "column": 32
        }
      }
    },
    {
      "type": {
        "label": "import",
        "keyword": "import",
        "beforeExpr": false,
        "startsExpr": true,
        "rightAssociative": false,
        "isLoop": false,
        "isAssign": false,
        "prefix": false,
        "postfix": false,
        "binop": null,
        "updateContext": null
      },
      "value": "import",
      "start": 34,
      "end": 40,
      "loc": {
        "start": {
          "line": 2,
          "column": 0
        },
        "end": {
          "line": 2,
          "column": 6
        }
      }
    },
    {
      "type": {
        "label": "{",
        "beforeExpr": true,
        "startsExpr": true,
        "rightAssociative": false,
        "isLoop": false,
        "isAssign": false,
        "prefix": false,
        "postfix": false,
        "binop": null
      },
      "start": 41,
      "end": 42,
      "loc": {
        "start": {
          "line": 2,
          "column": 7
        },
        "end": {
          "line": 2,
          "column": 8
        }
      }
    },
    {
      "type": {
        "label": "name",
        "beforeExpr": false,
        "startsExpr": true,
        "rightAssociative": false,
        "isLoop": false,
        "isAssign": false,
        "prefix": false,
        "postfix": false,
        "binop": null
      },
      "value": "BlendFunction",
      "start": 43,
      "end": 56,
      "loc": {
        "start": {
          "line": 2,
          "column": 9
        },
        "end": {
          "line": 2,
          "column": 22
        }
      }
    },
    {
      "type": {
        "label": "}",
        "beforeExpr": false,
        "startsExpr": false,
        "rightAssociative": false,
        "isLoop": false,
        "isAssign": false,
        "prefix": false,
        "postfix": false,
        "binop": null
      },
      "start": 57,
      "end": 58,
      "loc": {
        "start": {
          "line": 2,
          "column": 23
        },
        "end": {
          "line": 2,
          "column": 24
        }
      }
    },
    {
      "type": {
        "label": "name",
        "beforeExpr": false,
        "startsExpr": true,
        "rightAssociative": false,
        "isLoop": false,
        "isAssign": false,
        "prefix": false,
        "postfix": false,
        "binop": null
      },
      "value": "from",
      "start": 59,
      "end": 63,
      "loc": {
        "start": {
          "line": 2,
          "column": 25
        },
        "end": {
          "line": 2,
          "column": 29
        }
      }
    },
    {
      "type": {
        "label": "string",
        "beforeExpr": false,
        "startsExpr": true,
        "rightAssociative": false,
        "isLoop": false,
        "isAssign": false,
        "prefix": false,
        "postfix": false,
        "binop": null,
        "updateContext": null
      },
      "value": "./blending/BlendFunction.js",
      "start": 64,
      "end": 93,
      "loc": {
        "start": {
          "line": 2,
          "column": 30
        },
        "end": {
          "line": 2,
          "column": 59
        }
      }
    },
    {
      "type": {
        "label": ";",
        "beforeExpr": true,
        "startsExpr": false,
        "rightAssociative": false,
        "isLoop": false,
        "isAssign": false,
        "prefix": false,
        "postfix": false,
        "binop": null,
        "updateContext": null
      },
      "start": 93,
      "end": 94,
      "loc": {
        "start": {
          "line": 2,
          "column": 59
        },
        "end": {
          "line": 2,
          "column": 60
        }
      }
    },
    {
      "type": {
        "label": "import",
        "keyword": "import",
        "beforeExpr": false,
        "startsExpr": true,
        "rightAssociative": false,
        "isLoop": false,
        "isAssign": false,
        "prefix": false,
        "postfix": false,
        "binop": null,
        "updateContext": null
      },
      "value": "import",
      "start": 96,
      "end": 102,
      "loc": {
        "start": {
          "line": 3,
          "column": 0
        },
        "end": {
          "line": 3,
          "column": 6
        }
      }
    },
    {
      "type": {
        "label": "{",
        "beforeExpr": true,
        "startsExpr": true,
        "rightAssociative": false,
        "isLoop": false,
        "isAssign": false,
        "prefix": false,
        "postfix": false,
        "binop": null
      },
      "start": 103,
      "end": 104,
      "loc": {
        "start": {
          "line": 3,
          "column": 7
        },
        "end": {
          "line": 3,
          "column": 8
        }
      }
    },
    {
      "type": {
        "label": "name",
        "beforeExpr": false,
        "startsExpr": true,
        "rightAssociative": false,
        "isLoop": false,
        "isAssign": false,
        "prefix": false,
        "postfix": false,
        "binop": null
      },
      "value": "Effect",
      "start": 105,
      "end": 111,
      "loc": {
        "start": {
          "line": 3,
          "column": 9
        },
        "end": {
          "line": 3,
          "column": 15
        }
      }
    },
    {
      "type": {
        "label": "}",
        "beforeExpr": false,
        "startsExpr": false,
        "rightAssociative": false,
        "isLoop": false,
        "isAssign": false,
        "prefix": false,
        "postfix": false,
        "binop": null
      },
      "start": 112,
      "end": 113,
      "loc": {
        "start": {
          "line": 3,
          "column": 16
        },
        "end": {
          "line": 3,
          "column": 17
        }
      }
    },
    {
      "type": {
        "label": "name",
        "beforeExpr": false,
        "startsExpr": true,
        "rightAssociative": false,
        "isLoop": false,
        "isAssign": false,
        "prefix": false,
        "postfix": false,
        "binop": null
      },
      "value": "from",
      "start": 114,
      "end": 118,
      "loc": {
        "start": {
          "line": 3,
          "column": 18
        },
        "end": {
          "line": 3,
          "column": 22
        }
      }
    },
    {
      "type": {
        "label": "string",
        "beforeExpr": false,
        "startsExpr": true,
        "rightAssociative": false,
        "isLoop": false,
        "isAssign": false,
        "prefix": false,
        "postfix": false,
        "binop": null,
        "updateContext": null
      },
      "value": "./Effect.js",
      "start": 119,
      "end": 132,
      "loc": {
        "start": {
          "line": 3,
          "column": 23
        },
        "end": {
          "line": 3,
          "column": 36
        }
      }
    },
    {
      "type": {
        "label": ";",
        "beforeExpr": true,
        "startsExpr": false,
        "rightAssociative": false,
        "isLoop": false,
        "isAssign": false,
        "prefix": false,
        "postfix": false,
        "binop": null,
        "updateContext": null
      },
      "start": 132,
      "end": 133,
      "loc": {
        "start": {
          "line": 3,
          "column": 36
        },
        "end": {
          "line": 3,
          "column": 37
        }
      }
    },
    {
      "type": {
        "label": "import",
        "keyword": "import",
        "beforeExpr": false,
        "startsExpr": true,
        "rightAssociative": false,
        "isLoop": false,
        "isAssign": false,
        "prefix": false,
        "postfix": false,
        "binop": null,
        "updateContext": null
      },
      "value": "import",
      "start": 137,
      "end": 143,
      "loc": {
        "start": {
          "line": 5,
          "column": 0
        },
        "end": {
          "line": 5,
          "column": 6
        }
      }
    },
    {
      "type": {
        "label": "name",
        "beforeExpr": false,
        "startsExpr": true,
        "rightAssociative": false,
        "isLoop": false,
        "isAssign": false,
        "prefix": false,
        "postfix": false,
        "binop": null
      },
      "value": "fragmentShader",
      "start": 144,
      "end": 158,
      "loc": {
        "start": {
          "line": 5,
          "column": 7
        },
        "end": {
          "line": 5,
          "column": 21
        }
      }
    },
    {
      "type": {
        "label": "name",
        "beforeExpr": false,
        "startsExpr": true,
        "rightAssociative": false,
        "isLoop": false,
        "isAssign": false,
        "prefix": false,
        "postfix": false,
        "binop": null
      },
      "value": "from",
      "start": 159,
      "end": 163,
      "loc": {
        "start": {
          "line": 5,
          "column": 22
        },
        "end": {
          "line": 5,
          "column": 26
        }
      }
    },
    {
      "type": {
        "label": "string",
        "beforeExpr": false,
        "startsExpr": true,
        "rightAssociative": false,
        "isLoop": false,
        "isAssign": false,
        "prefix": false,
        "postfix": false,
        "binop": null,
        "updateContext": null
      },
      "value": "./glsl/gamma-correction/shader.frag",
      "start": 164,
      "end": 201,
      "loc": {
        "start": {
          "line": 5,
          "column": 27
        },
        "end": {
          "line": 5,
          "column": 64
        }
      }
    },
    {
      "type": {
        "label": ";",
        "beforeExpr": true,
        "startsExpr": false,
        "rightAssociative": false,
        "isLoop": false,
        "isAssign": false,
        "prefix": false,
        "postfix": false,
        "binop": null,
        "updateContext": null
      },
      "start": 201,
      "end": 202,
      "loc": {
        "start": {
          "line": 5,
          "column": 64
        },
        "end": {
          "line": 5,
          "column": 65
        }
      }
    },
    {
      "type": "CommentBlock",
      "value": "*\r\n * A gamma correction effect.\r\n ",
      "start": 206,
      "end": 245,
      "loc": {
        "start": {
          "line": 7,
          "column": 0
        },
        "end": {
          "line": 9,
          "column": 3
        }
      }
    },
    {
      "type": {
        "label": "export",
        "keyword": "export",
        "beforeExpr": false,
        "startsExpr": false,
        "rightAssociative": false,
        "isLoop": false,
        "isAssign": false,
        "prefix": false,
        "postfix": false,
        "binop": null,
        "updateContext": null
      },
      "value": "export",
      "start": 249,
      "end": 255,
      "loc": {
        "start": {
          "line": 11,
          "column": 0
        },
        "end": {
          "line": 11,
          "column": 6
        }
      }
    },
    {
      "type": {
        "label": "class",
        "keyword": "class",
        "beforeExpr": false,
        "startsExpr": false,
        "rightAssociative": false,
        "isLoop": false,
        "isAssign": false,
        "prefix": false,
        "postfix": false,
        "binop": null,
        "updateContext": null
      },
      "value": "class",
      "start": 256,
      "end": 261,
      "loc": {
        "start": {
          "line": 11,
          "column": 7
        },
        "end": {
          "line": 11,
          "column": 12
        }
      }
    },
    {
      "type": {
        "label": "name",
        "beforeExpr": false,
        "startsExpr": true,
        "rightAssociative": false,
        "isLoop": false,
        "isAssign": false,
        "prefix": false,
        "postfix": false,
        "binop": null
      },
      "value": "GammaCorrectionEffect",
      "start": 262,
      "end": 283,
      "loc": {
        "start": {
          "line": 11,
          "column": 13
        },
        "end": {
          "line": 11,
          "column": 34
        }
      }
    },
    {
      "type": {
        "label": "extends",
        "keyword": "extends",
        "beforeExpr": true,
        "startsExpr": false,
        "rightAssociative": false,
        "isLoop": false,
        "isAssign": false,
        "prefix": false,
        "postfix": false,
        "binop": null,
        "updateContext": null
      },
      "value": "extends",
      "start": 284,
      "end": 291,
      "loc": {
        "start": {
          "line": 11,
          "column": 35
        },
        "end": {
          "line": 11,
          "column": 42
        }
      }
    },
    {
      "type": {
        "label": "name",
        "beforeExpr": false,
        "startsExpr": true,
        "rightAssociative": false,
        "isLoop": false,
        "isAssign": false,
        "prefix": false,
        "postfix": false,
        "binop": null
      },
      "value": "Effect",
      "start": 292,
      "end": 298,
      "loc": {
        "start": {
          "line": 11,
          "column": 43
        },
        "end": {
          "line": 11,
          "column": 49
        }
      }
    },
    {
      "type": {
        "label": "{",
        "beforeExpr": true,
        "startsExpr": true,
        "rightAssociative": false,
        "isLoop": false,
        "isAssign": false,
        "prefix": false,
        "postfix": false,
        "binop": null
      },
      "start": 299,
      "end": 300,
      "loc": {
        "start": {
          "line": 11,
          "column": 50
        },
        "end": {
          "line": 11,
          "column": 51
        }
      }
    },
    {
      "type": "CommentBlock",
      "value": "*\r\n\t * Constructs a new gamma correction effect.\r\n\t *\r\n\t * @param {Object} [options] - The options.\r\n\t * @param {BlendFunction} [options.blendFunction=BlendFunction.NORMAL] - The blend function of this effect.\r\n\t * @param {Number} [options.gamma=2.0] - The gamma factor.\r\n\t ",
      "start": 305,
      "end": 583,
      "loc": {
        "start": {
          "line": 13,
          "column": 1
        },
        "end": {
          "line": 19,
          "column": 4
        }
      }
    },
    {
      "type": {
        "label": "name",
        "beforeExpr": false,
        "startsExpr": true,
        "rightAssociative": false,
        "isLoop": false,
        "isAssign": false,
        "prefix": false,
        "postfix": false,
        "binop": null
      },
      "value": "constructor",
      "start": 588,
      "end": 599,
      "loc": {
        "start": {
          "line": 21,
          "column": 1
        },
        "end": {
          "line": 21,
          "column": 12
        }
      }
    },
    {
      "type": {
        "label": "(",
        "beforeExpr": true,
        "startsExpr": true,
        "rightAssociative": false,
        "isLoop": false,
        "isAssign": false,
        "prefix": false,
        "postfix": false,
        "binop": null
      },
      "start": 599,
      "end": 600,
      "loc": {
        "start": {
          "line": 21,
          "column": 12
        },
        "end": {
          "line": 21,
          "column": 13
        }
      }
    },
    {
      "type": {
        "label": "{",
        "beforeExpr": true,
        "startsExpr": true,
        "rightAssociative": false,
        "isLoop": false,
        "isAssign": false,
        "prefix": false,
        "postfix": false,
        "binop": null
      },
      "start": 600,
      "end": 601,
      "loc": {
        "start": {
          "line": 21,
          "column": 13
        },
        "end": {
          "line": 21,
          "column": 14
        }
      }
    },
    {
      "type": {
        "label": "name",
        "beforeExpr": false,
        "startsExpr": true,
        "rightAssociative": false,
        "isLoop": false,
        "isAssign": false,
        "prefix": false,
        "postfix": false,
        "binop": null
      },
      "value": "blendFunction",
      "start": 602,
      "end": 615,
      "loc": {
        "start": {
          "line": 21,
          "column": 15
        },
        "end": {
          "line": 21,
          "column": 28
        }
      }
    },
    {
      "type": {
        "label": "=",
        "beforeExpr": true,
        "startsExpr": false,
        "rightAssociative": false,
        "isLoop": false,
        "isAssign": true,
        "prefix": false,
        "postfix": false,
        "binop": null,
        "updateContext": null
      },
      "value": "=",
      "start": 616,
      "end": 617,
      "loc": {
        "start": {
          "line": 21,
          "column": 29
        },
        "end": {
          "line": 21,
          "column": 30
        }
      }
    },
    {
      "type": {
        "label": "name",
        "beforeExpr": false,
        "startsExpr": true,
        "rightAssociative": false,
        "isLoop": false,
        "isAssign": false,
        "prefix": false,
        "postfix": false,
        "binop": null
      },
      "value": "BlendFunction",
      "start": 618,
      "end": 631,
      "loc": {
        "start": {
          "line": 21,
          "column": 31
        },
        "end": {
          "line": 21,
          "column": 44
        }
      }
    },
    {
      "type": {
        "label": ".",
        "beforeExpr": false,
        "startsExpr": false,
        "rightAssociative": false,
        "isLoop": false,
        "isAssign": false,
        "prefix": false,
        "postfix": false,
        "binop": null,
        "updateContext": null
      },
      "start": 631,
      "end": 632,
      "loc": {
        "start": {
          "line": 21,
          "column": 44
        },
        "end": {
          "line": 21,
          "column": 45
        }
      }
    },
    {
      "type": {
        "label": "name",
        "beforeExpr": false,
        "startsExpr": true,
        "rightAssociative": false,
        "isLoop": false,
        "isAssign": false,
        "prefix": false,
        "postfix": false,
        "binop": null
      },
      "value": "NORMAL",
      "start": 632,
      "end": 638,
      "loc": {
        "start": {
          "line": 21,
          "column": 45
        },
        "end": {
          "line": 21,
          "column": 51
        }
      }
    },
    {
      "type": {
        "label": ",",
        "beforeExpr": true,
        "startsExpr": false,
        "rightAssociative": false,
        "isLoop": false,
        "isAssign": false,
        "prefix": false,
        "postfix": false,
        "binop": null,
        "updateContext": null
      },
      "start": 638,
      "end": 639,
      "loc": {
        "start": {
          "line": 21,
          "column": 51
        },
        "end": {
          "line": 21,
          "column": 52
        }
      }
    },
    {
      "type": {
        "label": "name",
        "beforeExpr": false,
        "startsExpr": true,
        "rightAssociative": false,
        "isLoop": false,
        "isAssign": false,
        "prefix": false,
        "postfix": false,
        "binop": null
      },
      "value": "gamma",
      "start": 640,
      "end": 645,
      "loc": {
        "start": {
          "line": 21,
          "column": 53
        },
        "end": {
          "line": 21,
          "column": 58
        }
      }
    },
    {
      "type": {
        "label": "=",
        "beforeExpr": true,
        "startsExpr": false,
        "rightAssociative": false,
        "isLoop": false,
        "isAssign": true,
        "prefix": false,
        "postfix": false,
        "binop": null,
        "updateContext": null
      },
      "value": "=",
      "start": 646,
      "end": 647,
      "loc": {
        "start": {
          "line": 21,
          "column": 59
        },
        "end": {
          "line": 21,
          "column": 60
        }
      }
    },
    {
      "type": {
        "label": "num",
        "beforeExpr": false,
        "startsExpr": true,
        "rightAssociative": false,
        "isLoop": false,
        "isAssign": false,
        "prefix": false,
        "postfix": false,
        "binop": null,
        "updateContext": null
      },
      "value": 2,
      "start": 648,
      "end": 651,
      "loc": {
        "start": {
          "line": 21,
          "column": 61
        },
        "end": {
          "line": 21,
          "column": 64
        }
      }
    },
    {
      "type": {
        "label": "}",
        "beforeExpr": false,
        "startsExpr": false,
        "rightAssociative": false,
        "isLoop": false,
        "isAssign": false,
        "prefix": false,
        "postfix": false,
        "binop": null
      },
      "start": 652,
      "end": 653,
      "loc": {
        "start": {
          "line": 21,
          "column": 65
        },
        "end": {
          "line": 21,
          "column": 66
        }
      }
    },
    {
      "type": {
        "label": "=",
        "beforeExpr": true,
        "startsExpr": false,
        "rightAssociative": false,
        "isLoop": false,
        "isAssign": true,
        "prefix": false,
        "postfix": false,
        "binop": null,
        "updateContext": null
      },
      "value": "=",
      "start": 654,
      "end": 655,
      "loc": {
        "start": {
          "line": 21,
          "column": 67
        },
        "end": {
          "line": 21,
          "column": 68
        }
      }
    },
    {
      "type": {
        "label": "{",
        "beforeExpr": true,
        "startsExpr": true,
        "rightAssociative": false,
        "isLoop": false,
        "isAssign": false,
        "prefix": false,
        "postfix": false,
        "binop": null
      },
      "start": 656,
      "end": 657,
      "loc": {
        "start": {
          "line": 21,
          "column": 69
        },
        "end": {
          "line": 21,
          "column": 70
        }
      }
    },
    {
      "type": {
        "label": "}",
        "beforeExpr": false,
        "startsExpr": false,
        "rightAssociative": false,
        "isLoop": false,
        "isAssign": false,
        "prefix": false,
        "postfix": false,
        "binop": null
      },
      "start": 657,
      "end": 658,
      "loc": {
        "start": {
          "line": 21,
          "column": 70
        },
        "end": {
          "line": 21,
          "column": 71
        }
      }
    },
    {
      "type": {
        "label": ")",
        "beforeExpr": false,
        "startsExpr": false,
        "rightAssociative": false,
        "isLoop": false,
        "isAssign": false,
        "prefix": false,
        "postfix": false,
        "binop": null
      },
      "start": 658,
      "end": 659,
      "loc": {
        "start": {
          "line": 21,
          "column": 71
        },
        "end": {
          "line": 21,
          "column": 72
        }
      }
    },
    {
      "type": {
        "label": "{",
        "beforeExpr": true,
        "startsExpr": true,
        "rightAssociative": false,
        "isLoop": false,
        "isAssign": false,
        "prefix": false,
        "postfix": false,
        "binop": null
      },
      "start": 660,
      "end": 661,
      "loc": {
        "start": {
          "line": 21,
          "column": 73
        },
        "end": {
          "line": 21,
          "column": 74
        }
      }
    },
    {
      "type": {
        "label": "super",
        "keyword": "super",
        "beforeExpr": false,
        "startsExpr": true,
        "rightAssociative": false,
        "isLoop": false,
        "isAssign": false,
        "prefix": false,
        "postfix": false,
        "binop": null,
        "updateContext": null
      },
      "value": "super",
      "start": 667,
      "end": 672,
      "loc": {
        "start": {
          "line": 23,
          "column": 2
        },
        "end": {
          "line": 23,
          "column": 7
        }
      }
    },
    {
      "type": {
        "label": "(",
        "beforeExpr": true,
        "startsExpr": true,
        "rightAssociative": false,
        "isLoop": false,
        "isAssign": false,
        "prefix": false,
        "postfix": false,
        "binop": null
      },
      "start": 672,
      "end": 673,
      "loc": {
        "start": {
          "line": 23,
          "column": 7
        },
        "end": {
          "line": 23,
          "column": 8
        }
      }
    },
    {
      "type": {
        "label": "string",
        "beforeExpr": false,
        "startsExpr": true,
        "rightAssociative": false,
        "isLoop": false,
        "isAssign": false,
        "prefix": false,
        "postfix": false,
        "binop": null,
        "updateContext": null
      },
      "value": "GammaCorrectionEffect",
      "start": 673,
      "end": 696,
      "loc": {
        "start": {
          "line": 23,
          "column": 8
        },
        "end": {
          "line": 23,
          "column": 31
        }
      }
    },
    {
      "type": {
        "label": ",",
        "beforeExpr": true,
        "startsExpr": false,
        "rightAssociative": false,
        "isLoop": false,
        "isAssign": false,
        "prefix": false,
        "postfix": false,
        "binop": null,
        "updateContext": null
      },
      "start": 696,
      "end": 697,
      "loc": {
        "start": {
          "line": 23,
          "column": 31
        },
        "end": {
          "line": 23,
          "column": 32
        }
      }
    },
    {
      "type": {
        "label": "name",
        "beforeExpr": false,
        "startsExpr": true,
        "rightAssociative": false,
        "isLoop": false,
        "isAssign": false,
        "prefix": false,
        "postfix": false,
        "binop": null
      },
      "value": "fragmentShader",
      "start": 698,
      "end": 712,
      "loc": {
        "start": {
          "line": 23,
          "column": 33
        },
        "end": {
          "line": 23,
          "column": 47
        }
      }
    },
    {
      "type": {
        "label": ",",
        "beforeExpr": true,
        "startsExpr": false,
        "rightAssociative": false,
        "isLoop": false,
        "isAssign": false,
        "prefix": false,
        "postfix": false,
        "binop": null,
        "updateContext": null
      },
      "start": 712,
      "end": 713,
      "loc": {
        "start": {
          "line": 23,
          "column": 47
        },
        "end": {
          "line": 23,
          "column": 48
        }
      }
    },
    {
      "type": {
        "label": "{",
        "beforeExpr": true,
        "startsExpr": true,
        "rightAssociative": false,
        "isLoop": false,
        "isAssign": false,
        "prefix": false,
        "postfix": false,
        "binop": null
      },
      "start": 714,
      "end": 715,
      "loc": {
        "start": {
          "line": 23,
          "column": 49
        },
        "end": {
          "line": 23,
          "column": 50
        }
      }
    },
    {
      "type": {
        "label": "name",
        "beforeExpr": false,
        "startsExpr": true,
        "rightAssociative": false,
        "isLoop": false,
        "isAssign": false,
        "prefix": false,
        "postfix": false,
        "binop": null
      },
      "value": "blendFunction",
      "start": 722,
      "end": 735,
      "loc": {
        "start": {
          "line": 25,
          "column": 3
        },
        "end": {
          "line": 25,
          "column": 16
        }
      }
    },
    {
      "type": {
        "label": ",",
        "beforeExpr": true,
        "startsExpr": false,
        "rightAssociative": false,
        "isLoop": false,
        "isAssign": false,
        "prefix": false,
        "postfix": false,
        "binop": null,
        "updateContext": null
      },
      "start": 735,
      "end": 736,
      "loc": {
        "start": {
          "line": 25,
          "column": 16
        },
        "end": {
          "line": 25,
          "column": 17
        }
      }
    },
    {
      "type": {
        "label": "name",
        "beforeExpr": false,
        "startsExpr": true,
        "rightAssociative": false,
        "isLoop": false,
        "isAssign": false,
        "prefix": false,
        "postfix": false,
        "binop": null
      },
      "value": "uniforms",
      "start": 743,
      "end": 751,
      "loc": {
        "start": {
          "line": 27,
          "column": 3
        },
        "end": {
          "line": 27,
          "column": 11
        }
      }
    },
    {
      "type": {
        "label": ":",
        "beforeExpr": true,
        "startsExpr": false,
        "rightAssociative": false,
        "isLoop": false,
        "isAssign": false,
        "prefix": false,
        "postfix": false,
        "binop": null,
        "updateContext": null
      },
      "start": 751,
      "end": 752,
      "loc": {
        "start": {
          "line": 27,
          "column": 11
        },
        "end": {
          "line": 27,
          "column": 12
        }
      }
    },
    {
      "type": {
        "label": "new",
        "keyword": "new",
        "beforeExpr": true,
        "startsExpr": true,
        "rightAssociative": false,
        "isLoop": false,
        "isAssign": false,
        "prefix": false,
        "postfix": false,
        "binop": null,
        "updateContext": null
      },
      "value": "new",
      "start": 753,
      "end": 756,
      "loc": {
        "start": {
          "line": 27,
          "column": 13
        },
        "end": {
          "line": 27,
          "column": 16
        }
      }
    },
    {
      "type": {
        "label": "name",
        "beforeExpr": false,
        "startsExpr": true,
        "rightAssociative": false,
        "isLoop": false,
        "isAssign": false,
        "prefix": false,
        "postfix": false,
        "binop": null
      },
      "value": "Map",
      "start": 757,
      "end": 760,
      "loc": {
        "start": {
          "line": 27,
          "column": 17
        },
        "end": {
          "line": 27,
          "column": 20
        }
      }
    },
    {
      "type": {
        "label": "(",
        "beforeExpr": true,
        "startsExpr": true,
        "rightAssociative": false,
        "isLoop": false,
        "isAssign": false,
        "prefix": false,
        "postfix": false,
        "binop": null
      },
      "start": 760,
      "end": 761,
      "loc": {
        "start": {
          "line": 27,
          "column": 20
        },
        "end": {
          "line": 27,
          "column": 21
        }
      }
    },
    {
      "type": {
        "label": "[",
        "beforeExpr": true,
        "startsExpr": true,
        "rightAssociative": false,
        "isLoop": false,
        "isAssign": false,
        "prefix": false,
        "postfix": false,
        "binop": null,
        "updateContext": null
      },
      "start": 761,
      "end": 762,
      "loc": {
        "start": {
          "line": 27,
          "column": 21
        },
        "end": {
          "line": 27,
          "column": 22
        }
      }
    },
    {
      "type": {
        "label": "[",
        "beforeExpr": true,
        "startsExpr": true,
        "rightAssociative": false,
        "isLoop": false,
        "isAssign": false,
        "prefix": false,
        "postfix": false,
        "binop": null,
        "updateContext": null
      },
      "start": 768,
      "end": 769,
      "loc": {
        "start": {
          "line": 28,
          "column": 4
        },
        "end": {
          "line": 28,
          "column": 5
        }
      }
    },
    {
      "type": {
        "label": "string",
        "beforeExpr": false,
        "startsExpr": true,
        "rightAssociative": false,
        "isLoop": false,
        "isAssign": false,
        "prefix": false,
        "postfix": false,
        "binop": null,
        "updateContext": null
      },
      "value": "gamma",
      "start": 769,
      "end": 776,
      "loc": {
        "start": {
          "line": 28,
          "column": 5
        },
        "end": {
          "line": 28,
          "column": 12
        }
      }
    },
    {
      "type": {
        "label": ",",
        "beforeExpr": true,
        "startsExpr": false,
        "rightAssociative": false,
        "isLoop": false,
        "isAssign": false,
        "prefix": false,
        "postfix": false,
        "binop": null,
        "updateContext": null
      },
      "start": 776,
      "end": 777,
      "loc": {
        "start": {
          "line": 28,
          "column": 12
        },
        "end": {
          "line": 28,
          "column": 13
        }
      }
    },
    {
      "type": {
        "label": "new",
        "keyword": "new",
        "beforeExpr": true,
        "startsExpr": true,
        "rightAssociative": false,
        "isLoop": false,
        "isAssign": false,
        "prefix": false,
        "postfix": false,
        "binop": null,
        "updateContext": null
      },
      "value": "new",
      "start": 778,
      "end": 781,
      "loc": {
        "start": {
          "line": 28,
          "column": 14
        },
        "end": {
          "line": 28,
          "column": 17
        }
      }
    },
    {
      "type": {
        "label": "name",
        "beforeExpr": false,
        "startsExpr": true,
        "rightAssociative": false,
        "isLoop": false,
        "isAssign": false,
        "prefix": false,
        "postfix": false,
        "binop": null
      },
      "value": "Uniform",
      "start": 782,
      "end": 789,
      "loc": {
        "start": {
          "line": 28,
          "column": 18
        },
        "end": {
          "line": 28,
          "column": 25
        }
      }
    },
    {
      "type": {
        "label": "(",
        "beforeExpr": true,
        "startsExpr": true,
        "rightAssociative": false,
        "isLoop": false,
        "isAssign": false,
        "prefix": false,
        "postfix": false,
        "binop": null
      },
      "start": 789,
      "end": 790,
      "loc": {
        "start": {
          "line": 28,
          "column": 25
        },
        "end": {
          "line": 28,
          "column": 26
        }
      }
    },
    {
      "type": {
        "label": "name",
        "beforeExpr": false,
        "startsExpr": true,
        "rightAssociative": false,
        "isLoop": false,
        "isAssign": false,
        "prefix": false,
        "postfix": false,
        "binop": null
      },
      "value": "gamma",
      "start": 790,
      "end": 795,
      "loc": {
        "start": {
          "line": 28,
          "column": 26
        },
        "end": {
          "line": 28,
          "column": 31
        }
      }
    },
    {
      "type": {
        "label": ")",
        "beforeExpr": false,
        "startsExpr": false,
        "rightAssociative": false,
        "isLoop": false,
        "isAssign": false,
        "prefix": false,
        "postfix": false,
        "binop": null
      },
      "start": 795,
      "end": 796,
      "loc": {
        "start": {
          "line": 28,
          "column": 31
        },
        "end": {
          "line": 28,
          "column": 32
        }
      }
    },
    {
      "type": {
        "label": "]",
        "beforeExpr": false,
        "startsExpr": false,
        "rightAssociative": false,
        "isLoop": false,
        "isAssign": false,
        "prefix": false,
        "postfix": false,
        "binop": null,
        "updateContext": null
      },
      "start": 796,
      "end": 797,
      "loc": {
        "start": {
          "line": 28,
          "column": 32
        },
        "end": {
          "line": 28,
          "column": 33
        }
      }
    },
    {
      "type": {
        "label": "]",
        "beforeExpr": false,
        "startsExpr": false,
        "rightAssociative": false,
        "isLoop": false,
        "isAssign": false,
        "prefix": false,
        "postfix": false,
        "binop": null,
        "updateContext": null
      },
      "start": 802,
      "end": 803,
      "loc": {
        "start": {
          "line": 29,
          "column": 3
        },
        "end": {
          "line": 29,
          "column": 4
        }
      }
    },
    {
      "type": {
        "label": ")",
        "beforeExpr": false,
        "startsExpr": false,
        "rightAssociative": false,
        "isLoop": false,
        "isAssign": false,
        "prefix": false,
        "postfix": false,
        "binop": null
      },
      "start": 803,
      "end": 804,
      "loc": {
        "start": {
          "line": 29,
          "column": 4
        },
        "end": {
          "line": 29,
          "column": 5
        }
      }
    },
    {
      "type": {
        "label": "}",
        "beforeExpr": false,
        "startsExpr": false,
        "rightAssociative": false,
        "isLoop": false,
        "isAssign": false,
        "prefix": false,
        "postfix": false,
        "binop": null
      },
      "start": 810,
      "end": 811,
      "loc": {
        "start": {
          "line": 31,
          "column": 2
        },
        "end": {
          "line": 31,
          "column": 3
        }
      }
    },
    {
      "type": {
        "label": ")",
        "beforeExpr": false,
        "startsExpr": false,
        "rightAssociative": false,
        "isLoop": false,
        "isAssign": false,
        "prefix": false,
        "postfix": false,
        "binop": null
      },
      "start": 811,
      "end": 812,
      "loc": {
        "start": {
          "line": 31,
          "column": 3
        },
        "end": {
          "line": 31,
          "column": 4
        }
      }
    },
    {
      "type": {
        "label": ";",
        "beforeExpr": true,
        "startsExpr": false,
        "rightAssociative": false,
        "isLoop": false,
        "isAssign": false,
        "prefix": false,
        "postfix": false,
        "binop": null,
        "updateContext": null
      },
      "start": 812,
      "end": 813,
      "loc": {
        "start": {
          "line": 31,
          "column": 4
        },
        "end": {
          "line": 31,
          "column": 5
        }
      }
    },
    {
      "type": {
        "label": "}",
        "beforeExpr": false,
        "startsExpr": false,
        "rightAssociative": false,
        "isLoop": false,
        "isAssign": false,
        "prefix": false,
        "postfix": false,
        "binop": null
      },
      "start": 818,
      "end": 819,
      "loc": {
        "start": {
          "line": 33,
          "column": 1
        },
        "end": {
          "line": 33,
          "column": 2
        }
      }
    },
    {
      "type": {
        "label": "}",
        "beforeExpr": false,
        "startsExpr": false,
        "rightAssociative": false,
        "isLoop": false,
        "isAssign": false,
        "prefix": false,
        "postfix": false,
        "binop": null
      },
      "start": 823,
      "end": 824,
      "loc": {
        "start": {
          "line": 35,
          "column": 0
        },
        "end": {
          "line": 35,
          "column": 1
        }
      }
    },
    {
      "type": {
        "label": "eof",
        "beforeExpr": false,
        "startsExpr": false,
        "rightAssociative": false,
        "isLoop": false,
        "isAssign": false,
        "prefix": false,
        "postfix": false,
        "binop": null,
        "updateContext": null
      },
      "start": 826,
      "end": 826,
      "loc": {
        "start": {
          "line": 36,
          "column": 0
        },
        "end": {
          "line": 36,
          "column": 0
        }
      }
    }
  ]
}