{
  "type": "File",
  "start": 0,
  "end": 800,
  "loc": {
    "start": {
      "line": 1,
      "column": 0
    },
    "end": {
      "line": 36,
      "column": 0
    }
  },
  "program": {
    "type": "Program",
    "start": 0,
    "end": 800,
    "loc": {
      "start": {
        "line": 1,
        "column": 0
      },
      "end": {
        "line": 36,
        "column": 0
      }
    },
    "sourceType": "module",
    "body": [
      {
        "type": "ImportDeclaration",
        "start": 0,
        "end": 32,
        "loc": {
          "start": {
            "line": 1,
            "column": 0
          },
          "end": {
            "line": 1,
            "column": 32
          }
        },
        "specifiers": [
          {
            "type": "ImportSpecifier",
            "start": 9,
            "end": 16,
            "loc": {
              "start": {
                "line": 1,
                "column": 9
              },
              "end": {
                "line": 1,
                "column": 16
              }
            },
            "imported": {
              "type": "Identifier",
              "start": 9,
              "end": 16,
              "loc": {
                "start": {
                  "line": 1,
                  "column": 9
                },
                "end": {
                  "line": 1,
                  "column": 16
                },
                "identifierName": "Uniform"
              },
              "name": "Uniform"
            },
            "local": {
              "type": "Identifier",
              "start": 9,
              "end": 16,
              "loc": {
                "start": {
                  "line": 1,
                  "column": 9
                },
                "end": {
                  "line": 1,
                  "column": 16
                },
                "identifierName": "Uniform"
              },
              "name": "Uniform"
            }
          }
        ],
        "source": {
          "type": "StringLiteral",
          "start": 24,
          "end": 31,
          "loc": {
            "start": {
              "line": 1,
              "column": 24
            },
            "end": {
              "line": 1,
              "column": 31
            }
          },
          "extra": {
            "rawValue": "three",
            "raw": "\"three\""
          },
          "value": "three"
        }
      },
      {
        "type": "ImportDeclaration",
        "start": 34,
        "end": 94,
        "loc": {
          "start": {
            "line": 2,
            "column": 0
          },
          "end": {
            "line": 2,
            "column": 60
          }
        },
        "specifiers": [
          {
            "type": "ImportSpecifier",
            "start": 43,
            "end": 56,
            "loc": {
              "start": {
                "line": 2,
                "column": 9
              },
              "end": {
                "line": 2,
                "column": 22
              }
            },
            "imported": {
              "type": "Identifier",
              "start": 43,
              "end": 56,
              "loc": {
                "start": {
                  "line": 2,
                  "column": 9
                },
                "end": {
                  "line": 2,
                  "column": 22
                },
                "identifierName": "BlendFunction"
              },
              "name": "BlendFunction"
            },
            "local": {
              "type": "Identifier",
              "start": 43,
              "end": 56,
              "loc": {
                "start": {
                  "line": 2,
                  "column": 9
                },
                "end": {
                  "line": 2,
                  "column": 22
                },
                "identifierName": "BlendFunction"
              },
              "name": "BlendFunction"
            }
          }
        ],
        "source": {
          "type": "StringLiteral",
          "start": 64,
          "end": 93,
          "loc": {
            "start": {
              "line": 2,
              "column": 30
            },
            "end": {
              "line": 2,
              "column": 59
            }
          },
          "extra": {
            "rawValue": "./blending/BlendFunction.js",
            "raw": "\"./blending/BlendFunction.js\""
          },
          "value": "./blending/BlendFunction.js"
        }
      },
      {
        "type": "ImportDeclaration",
        "start": 96,
        "end": 133,
        "loc": {
          "start": {
            "line": 3,
            "column": 0
          },
          "end": {
            "line": 3,
            "column": 37
          }
        },
        "specifiers": [
          {
            "type": "ImportSpecifier",
            "start": 105,
            "end": 111,
            "loc": {
              "start": {
                "line": 3,
                "column": 9
              },
              "end": {
                "line": 3,
                "column": 15
              }
            },
            "imported": {
              "type": "Identifier",
              "start": 105,
              "end": 111,
              "loc": {
                "start": {
                  "line": 3,
                  "column": 9
                },
                "end": {
                  "line": 3,
                  "column": 15
                },
                "identifierName": "Effect"
              },
              "name": "Effect"
            },
            "local": {
              "type": "Identifier",
              "start": 105,
              "end": 111,
              "loc": {
                "start": {
                  "line": 3,
                  "column": 9
                },
                "end": {
                  "line": 3,
                  "column": 15
                },
                "identifierName": "Effect"
              },
              "name": "Effect"
            }
          }
        ],
        "source": {
          "type": "StringLiteral",
          "start": 119,
          "end": 132,
          "loc": {
            "start": {
              "line": 3,
              "column": 23
            },
            "end": {
              "line": 3,
              "column": 36
            }
          },
          "extra": {
            "rawValue": "./Effect.js",
            "raw": "\"./Effect.js\""
          },
          "value": "./Effect.js"
        }
      },
      {
        "type": "ImportDeclaration",
        "start": 137,
        "end": 191,
        "loc": {
          "start": {
            "line": 5,
            "column": 0
          },
          "end": {
            "line": 5,
            "column": 54
          }
        },
        "specifiers": [
          {
            "type": "ImportDefaultSpecifier",
            "start": 144,
            "end": 158,
            "loc": {
              "start": {
                "line": 5,
                "column": 7
              },
              "end": {
                "line": 5,
                "column": 21
              }
            },
            "local": {
              "type": "Identifier",
              "start": 144,
              "end": 158,
              "loc": {
                "start": {
                  "line": 5,
                  "column": 7
                },
                "end": {
                  "line": 5,
                  "column": 21
                },
                "identifierName": "fragmentShader"
              },
              "name": "fragmentShader"
            }
          }
        ],
        "source": {
          "type": "StringLiteral",
          "start": 164,
          "end": 190,
          "loc": {
            "start": {
              "line": 5,
              "column": 27
            },
            "end": {
              "line": 5,
              "column": 53
            }
          },
          "extra": {
            "rawValue": "./glsl/sepia/shader.frag",
            "raw": "\"./glsl/sepia/shader.frag\""
          },
          "value": "./glsl/sepia/shader.frag"
        },
        "trailingComments": [
          {
            "type": "CommentBlock",
            "value": "*\r\n * A sepia effect.\r\n ",
            "start": 195,
            "end": 223,
            "loc": {
              "start": {
                "line": 7,
                "column": 0
              },
              "end": {
                "line": 9,
                "column": 3
              }
            }
          }
        ]
      },
      {
        "type": "ExportNamedDeclaration",
        "start": 227,
        "end": 798,
        "loc": {
          "start": {
            "line": 11,
            "column": 0
          },
          "end": {
            "line": 35,
            "column": 1
          }
        },
        "specifiers": [],
        "source": null,
        "declaration": {
          "type": "ClassDeclaration",
          "start": 234,
          "end": 798,
          "loc": {
            "start": {
              "line": 11,
              "column": 7
            },
            "end": {
              "line": 35,
              "column": 1
            }
          },
          "id": {
            "type": "Identifier",
            "start": 240,
            "end": 251,
            "loc": {
              "start": {
                "line": 11,
                "column": 13
              },
              "end": {
                "line": 11,
                "column": 24
              },
              "identifierName": "SepiaEffect"
            },
            "name": "SepiaEffect",
            "leadingComments": null
          },
          "superClass": {
            "type": "Identifier",
            "start": 260,
            "end": 266,
            "loc": {
              "start": {
                "line": 11,
                "column": 33
              },
              "end": {
                "line": 11,
                "column": 39
              },
              "identifierName": "Effect"
            },
            "name": "Effect"
          },
          "body": {
            "type": "ClassBody",
            "start": 267,
            "end": 798,
            "loc": {
              "start": {
                "line": 11,
                "column": 40
              },
              "end": {
                "line": 35,
                "column": 1
              }
            },
            "body": [
              {
                "type": "ClassMethod",
                "start": 560,
                "end": 793,
                "loc": {
                  "start": {
                    "line": 21,
                    "column": 1
                  },
                  "end": {
                    "line": 33,
                    "column": 2
                  }
                },
                "static": false,
                "computed": false,
                "key": {
                  "type": "Identifier",
                  "start": 560,
                  "end": 571,
                  "loc": {
                    "start": {
                      "line": 21,
                      "column": 1
                    },
                    "end": {
                      "line": 21,
                      "column": 12
                    },
                    "identifierName": "constructor"
                  },
                  "name": "constructor",
                  "leadingComments": null
                },
                "kind": "constructor",
                "id": null,
                "generator": false,
                "expression": false,
                "async": false,
                "params": [
                  {
                    "type": "AssignmentPattern",
                    "start": 572,
                    "end": 634,
                    "loc": {
                      "start": {
                        "line": 21,
                        "column": 13
                      },
                      "end": {
                        "line": 21,
                        "column": 75
                      }
                    },
                    "left": {
                      "type": "ObjectPattern",
                      "start": 572,
                      "end": 629,
                      "loc": {
                        "start": {
                          "line": 21,
                          "column": 13
                        },
                        "end": {
                          "line": 21,
                          "column": 70
                        }
                      },
                      "properties": [
                        {
                          "type": "ObjectProperty",
                          "start": 574,
                          "end": 610,
                          "loc": {
                            "start": {
                              "line": 21,
                              "column": 15
                            },
                            "end": {
                              "line": 21,
                              "column": 51
                            }
                          },
                          "method": false,
                          "shorthand": true,
                          "computed": false,
                          "key": {
                            "type": "Identifier",
                            "start": 574,
                            "end": 587,
                            "loc": {
                              "start": {
                                "line": 21,
                                "column": 15
                              },
                              "end": {
                                "line": 21,
                                "column": 28
                              },
                              "identifierName": "blendFunction"
                            },
                            "name": "blendFunction"
                          },
                          "value": {
                            "type": "AssignmentPattern",
                            "start": 574,
                            "end": 610,
                            "loc": {
                              "start": {
                                "line": 21,
                                "column": 15
                              },
                              "end": {
                                "line": 21,
                                "column": 51
                              }
                            },
                            "left": {
                              "type": "Identifier",
                              "start": 574,
                              "end": 587,
                              "loc": {
                                "start": {
                                  "line": 21,
                                  "column": 15
                                },
                                "end": {
                                  "line": 21,
                                  "column": 28
                                },
                                "identifierName": "blendFunction"
                              },
                              "name": "blendFunction"
                            },
                            "right": {
                              "type": "MemberExpression",
                              "start": 590,
                              "end": 610,
                              "loc": {
                                "start": {
                                  "line": 21,
                                  "column": 31
                                },
                                "end": {
                                  "line": 21,
                                  "column": 51
                                }
                              },
                              "object": {
                                "type": "Identifier",
                                "start": 590,
                                "end": 603,
                                "loc": {
                                  "start": {
                                    "line": 21,
                                    "column": 31
                                  },
                                  "end": {
                                    "line": 21,
                                    "column": 44
                                  },
                                  "identifierName": "BlendFunction"
                                },
                                "name": "BlendFunction"
                              },
                              "property": {
                                "type": "Identifier",
                                "start": 604,
                                "end": 610,
                                "loc": {
                                  "start": {
                                    "line": 21,
                                    "column": 45
                                  },
                                  "end": {
                                    "line": 21,
                                    "column": 51
                                  },
                                  "identifierName": "NORMAL"
                                },
                                "name": "NORMAL"
                              },
                              "computed": false
                            }
                          },
                          "extra": {
                            "shorthand": true
                          }
                        },
                        {
                          "type": "ObjectProperty",
                          "start": 612,
                          "end": 627,
                          "loc": {
                            "start": {
                              "line": 21,
                              "column": 53
                            },
                            "end": {
                              "line": 21,
                              "column": 68
                            }
                          },
                          "method": false,
                          "shorthand": true,
                          "computed": false,
                          "key": {
                            "type": "Identifier",
                            "start": 612,
                            "end": 621,
                            "loc": {
                              "start": {
                                "line": 21,
                                "column": 53
                              },
                              "end": {
                                "line": 21,
                                "column": 62
                              },
                              "identifierName": "intensity"
                            },
                            "name": "intensity"
                          },
                          "value": {
                            "type": "AssignmentPattern",
                            "start": 612,
                            "end": 627,
                            "loc": {
                              "start": {
                                "line": 21,
                                "column": 53
                              },
                              "end": {
                                "line": 21,
                                "column": 68
                              }
                            },
                            "left": {
                              "type": "Identifier",
                              "start": 612,
                              "end": 621,
                              "loc": {
                                "start": {
                                  "line": 21,
                                  "column": 53
                                },
                                "end": {
                                  "line": 21,
                                  "column": 62
                                },
                                "identifierName": "intensity"
                              },
                              "name": "intensity"
                            },
                            "right": {
                              "type": "NumericLiteral",
                              "start": 624,
                              "end": 627,
                              "loc": {
                                "start": {
                                  "line": 21,
                                  "column": 65
                                },
                                "end": {
                                  "line": 21,
                                  "column": 68
                                }
                              },
                              "extra": {
                                "rawValue": 1,
                                "raw": "1.0"
                              },
                              "value": 1
                            }
                          },
                          "extra": {
                            "shorthand": true
                          }
                        }
                      ]
                    },
                    "right": {
                      "type": "ObjectExpression",
                      "start": 632,
                      "end": 634,
                      "loc": {
                        "start": {
                          "line": 21,
                          "column": 73
                        },
                        "end": {
                          "line": 21,
                          "column": 75
                        }
                      },
                      "properties": []
                    }
                  }
                ],
                "body": {
                  "type": "BlockStatement",
                  "start": 636,
                  "end": 793,
                  "loc": {
                    "start": {
                      "line": 21,
                      "column": 77
                    },
                    "end": {
                      "line": 33,
                      "column": 2
                    }
                  },
                  "body": [
                    {
                      "type": "ExpressionStatement",
                      "start": 643,
                      "end": 787,
                      "loc": {
                        "start": {
                          "line": 23,
                          "column": 2
                        },
                        "end": {
                          "line": 31,
                          "column": 5
                        }
                      },
                      "expression": {
                        "type": "CallExpression",
                        "start": 643,
                        "end": 786,
                        "loc": {
                          "start": {
                            "line": 23,
                            "column": 2
                          },
                          "end": {
                            "line": 31,
                            "column": 4
                          }
                        },
                        "callee": {
                          "type": "Super",
                          "start": 643,
                          "end": 648,
                          "loc": {
                            "start": {
                              "line": 23,
                              "column": 2
                            },
                            "end": {
                              "line": 23,
                              "column": 7
                            }
                          }
                        },
                        "arguments": [
                          {
                            "type": "StringLiteral",
                            "start": 649,
                            "end": 662,
                            "loc": {
                              "start": {
                                "line": 23,
                                "column": 8
                              },
                              "end": {
                                "line": 23,
                                "column": 21
                              }
                            },
                            "extra": {
                              "rawValue": "SepiaEffect",
                              "raw": "\"SepiaEffect\""
                            },
                            "value": "SepiaEffect"
                          },
                          {
                            "type": "Identifier",
                            "start": 664,
                            "end": 678,
                            "loc": {
                              "start": {
                                "line": 23,
                                "column": 23
                              },
                              "end": {
                                "line": 23,
                                "column": 37
                              },
                              "identifierName": "fragmentShader"
                            },
                            "name": "fragmentShader"
                          },
                          {
                            "type": "ObjectExpression",
                            "start": 680,
                            "end": 785,
                            "loc": {
                              "start": {
                                "line": 23,
                                "column": 39
                              },
                              "end": {
                                "line": 31,
                                "column": 3
                              }
                            },
                            "properties": [
                              {
                                "type": "ObjectProperty",
                                "start": 688,
                                "end": 701,
                                "loc": {
                                  "start": {
                                    "line": 25,
                                    "column": 3
                                  },
                                  "end": {
                                    "line": 25,
                                    "column": 16
                                  }
                                },
                                "method": false,
                                "shorthand": true,
                                "computed": false,
                                "key": {
                                  "type": "Identifier",
                                  "start": 688,
                                  "end": 701,
                                  "loc": {
                                    "start": {
                                      "line": 25,
                                      "column": 3
                                    },
                                    "end": {
                                      "line": 25,
                                      "column": 16
                                    },
                                    "identifierName": "blendFunction"
                                  },
                                  "name": "blendFunction"
                                },
                                "value": {
                                  "type": "Identifier",
                                  "start": 688,
                                  "end": 701,
                                  "loc": {
                                    "start": {
                                      "line": 25,
                                      "column": 3
                                    },
                                    "end": {
                                      "line": 25,
                                      "column": 16
                                    },
                                    "identifierName": "blendFunction"
                                  },
                                  "name": "blendFunction"
                                },
                                "extra": {
                                  "shorthand": true
                                }
                              },
                              {
                                "type": "ObjectProperty",
                                "start": 709,
                                "end": 778,
                                "loc": {
                                  "start": {
                                    "line": 27,
                                    "column": 3
                                  },
                                  "end": {
                                    "line": 29,
                                    "column": 5
                                  }
                                },
                                "method": false,
                                "shorthand": false,
                                "computed": false,
                                "key": {
                                  "type": "Identifier",
                                  "start": 709,
                                  "end": 717,
                                  "loc": {
                                    "start": {
                                      "line": 27,
                                      "column": 3
                                    },
                                    "end": {
                                      "line": 27,
                                      "column": 11
                                    },
                                    "identifierName": "uniforms"
                                  },
                                  "name": "uniforms"
                                },
                                "value": {
                                  "type": "NewExpression",
                                  "start": 719,
                                  "end": 778,
                                  "loc": {
                                    "start": {
                                      "line": 27,
                                      "column": 13
                                    },
                                    "end": {
                                      "line": 29,
                                      "column": 5
                                    }
                                  },
                                  "callee": {
                                    "type": "Identifier",
                                    "start": 723,
                                    "end": 726,
                                    "loc": {
                                      "start": {
                                        "line": 27,
                                        "column": 17
                                      },
                                      "end": {
                                        "line": 27,
                                        "column": 20
                                      },
                                      "identifierName": "Map"
                                    },
                                    "name": "Map"
                                  },
                                  "arguments": [
                                    {
                                      "type": "ArrayExpression",
                                      "start": 727,
                                      "end": 777,
                                      "loc": {
                                        "start": {
                                          "line": 27,
                                          "column": 21
                                        },
                                        "end": {
                                          "line": 29,
                                          "column": 4
                                        }
                                      },
                                      "elements": [
                                        {
                                          "type": "ArrayExpression",
                                          "start": 734,
                                          "end": 771,
                                          "loc": {
                                            "start": {
                                              "line": 28,
                                              "column": 4
                                            },
                                            "end": {
                                              "line": 28,
                                              "column": 41
                                            }
                                          },
                                          "elements": [
                                            {
                                              "type": "StringLiteral",
                                              "start": 735,
                                              "end": 746,
                                              "loc": {
                                                "start": {
                                                  "line": 28,
                                                  "column": 5
                                                },
                                                "end": {
                                                  "line": 28,
                                                  "column": 16
                                                }
                                              },
                                              "extra": {
                                                "rawValue": "intensity",
                                                "raw": "\"intensity\""
                                              },
                                              "value": "intensity"
                                            },
                                            {
                                              "type": "NewExpression",
                                              "start": 748,
                                              "end": 770,
                                              "loc": {
                                                "start": {
                                                  "line": 28,
                                                  "column": 18
                                                },
                                                "end": {
                                                  "line": 28,
                                                  "column": 40
                                                }
                                              },
                                              "callee": {
                                                "type": "Identifier",
                                                "start": 752,
                                                "end": 759,
                                                "loc": {
                                                  "start": {
                                                    "line": 28,
                                                    "column": 22
                                                  },
                                                  "end": {
                                                    "line": 28,
                                                    "column": 29
                                                  },
                                                  "identifierName": "Uniform"
                                                },
                                                "name": "Uniform"
                                              },
                                              "arguments": [
                                                {
                                                  "type": "Identifier",
                                                  "start": 760,
                                                  "end": 769,
                                                  "loc": {
                                                    "start": {
                                                      "line": 28,
                                                      "column": 30
                                                    },
                                                    "end": {
                                                      "line": 28,
                                                      "column": 39
                                                    },
                                                    "identifierName": "intensity"
                                                  },
                                                  "name": "intensity"
                                                }
                                              ]
                                            }
                                          ]
                                        }
                                      ]
                                    }
                                  ]
                                }
                              }
                            ]
                          }
                        ]
                      }
                    }
                  ],
                  "directives": []
                },
                "leadingComments": [
                  {
                    "type": "CommentBlock",
                    "value": "*\r\n\t * Constructs a new sepia effect.\r\n\t *\r\n\t * @param {Object} [options] - The options.\r\n\t * @param {BlendFunction} [options.blendFunction=BlendFunction.NORMAL] - The blend function of this effect.\r\n\t * @param {Number} [options.intensity=1.0] - The intensity of the effect.\r\n\t ",
                    "start": 273,
                    "end": 555,
                    "loc": {
                      "start": {
                        "line": 13,
                        "column": 1
                      },
                      "end": {
                        "line": 19,
                        "column": 4
                      }
                    }
                  }
                ]
              }
            ]
          },
          "leadingComments": [
            {
              "type": "CommentBlock",
              "value": "*\r\n * A sepia effect.\r\n ",
              "start": 195,
              "end": 223,
              "loc": {
                "start": {
                  "line": 7,
                  "column": 0
                },
                "end": {
                  "line": 9,
                  "column": 3
                }
              }
            }
          ],
          "trailingComments": []
        },
        "leadingComments": [
          {
            "type": "CommentBlock",
            "value": "*\r\n * A sepia effect.\r\n ",
            "start": 195,
            "end": 223,
            "loc": {
              "start": {
                "line": 7,
                "column": 0
              },
              "end": {
                "line": 9,
                "column": 3
              }
            }
          }
        ]
      }
    ],
    "directives": []
  },
  "comments": [
    {
      "type": "CommentBlock",
      "value": "*\r\n * A sepia effect.\r\n ",
      "start": 195,
      "end": 223,
      "loc": {
        "start": {
          "line": 7,
          "column": 0
        },
        "end": {
          "line": 9,
          "column": 3
        }
      }
    },
    {
      "type": "CommentBlock",
      "value": "*\r\n\t * Constructs a new sepia effect.\r\n\t *\r\n\t * @param {Object} [options] - The options.\r\n\t * @param {BlendFunction} [options.blendFunction=BlendFunction.NORMAL] - The blend function of this effect.\r\n\t * @param {Number} [options.intensity=1.0] - The intensity of the effect.\r\n\t ",
      "start": 273,
      "end": 555,
      "loc": {
        "start": {
          "line": 13,
          "column": 1
        },
        "end": {
          "line": 19,
          "column": 4
        }
      }
    }
  ],
  "tokens": [
    {
      "type": {
        "label": "import",
        "keyword": "import",
        "beforeExpr": false,
        "startsExpr": true,
        "rightAssociative": false,
        "isLoop": false,
        "isAssign": false,
        "prefix": false,
        "postfix": false,
        "binop": null,
        "updateContext": null
      },
      "value": "import",
      "start": 0,
      "end": 6,
      "loc": {
        "start": {
          "line": 1,
          "column": 0
        },
        "end": {
          "line": 1,
          "column": 6
        }
      }
    },
    {
      "type": {
        "label": "{",
        "beforeExpr": true,
        "startsExpr": true,
        "rightAssociative": false,
        "isLoop": false,
        "isAssign": false,
        "prefix": false,
        "postfix": false,
        "binop": null
      },
      "start": 7,
      "end": 8,
      "loc": {
        "start": {
          "line": 1,
          "column": 7
        },
        "end": {
          "line": 1,
          "column": 8
        }
      }
    },
    {
      "type": {
        "label": "name",
        "beforeExpr": false,
        "startsExpr": true,
        "rightAssociative": false,
        "isLoop": false,
        "isAssign": false,
        "prefix": false,
        "postfix": false,
        "binop": null
      },
      "value": "Uniform",
      "start": 9,
      "end": 16,
      "loc": {
        "start": {
          "line": 1,
          "column": 9
        },
        "end": {
          "line": 1,
          "column": 16
        }
      }
    },
    {
      "type": {
        "label": "}",
        "beforeExpr": false,
        "startsExpr": false,
        "rightAssociative": false,
        "isLoop": false,
        "isAssign": false,
        "prefix": false,
        "postfix": false,
        "binop": null
      },
      "start": 17,
      "end": 18,
      "loc": {
        "start": {
          "line": 1,
          "column": 17
        },
        "end": {
          "line": 1,
          "column": 18
        }
      }
    },
    {
      "type": {
        "label": "name",
        "beforeExpr": false,
        "startsExpr": true,
        "rightAssociative": false,
        "isLoop": false,
        "isAssign": false,
        "prefix": false,
        "postfix": false,
        "binop": null
      },
      "value": "from",
      "start": 19,
      "end": 23,
      "loc": {
        "start": {
          "line": 1,
          "column": 19
        },
        "end": {
          "line": 1,
          "column": 23
        }
      }
    },
    {
      "type": {
        "label": "string",
        "beforeExpr": false,
        "startsExpr": true,
        "rightAssociative": false,
        "isLoop": false,
        "isAssign": false,
        "prefix": false,
        "postfix": false,
        "binop": null,
        "updateContext": null
      },
      "value": "three",
      "start": 24,
      "end": 31,
      "loc": {
        "start": {
          "line": 1,
          "column": 24
        },
        "end": {
          "line": 1,
          "column": 31
        }
      }
    },
    {
      "type": {
        "label": ";",
        "beforeExpr": true,
        "startsExpr": false,
        "rightAssociative": false,
        "isLoop": false,
        "isAssign": false,
        "prefix": false,
        "postfix": false,
        "binop": null,
        "updateContext": null
      },
      "start": 31,
      "end": 32,
      "loc": {
        "start": {
          "line": 1,
          "column": 31
        },
        "end": {
          "line": 1,
          "column": 32
        }
      }
    },
    {
      "type": {
        "label": "import",
        "keyword": "import",
        "beforeExpr": false,
        "startsExpr": true,
        "rightAssociative": false,
        "isLoop": false,
        "isAssign": false,
        "prefix": false,
        "postfix": false,
        "binop": null,
        "updateContext": null
      },
      "value": "import",
      "start": 34,
      "end": 40,
      "loc": {
        "start": {
          "line": 2,
          "column": 0
        },
        "end": {
          "line": 2,
          "column": 6
        }
      }
    },
    {
      "type": {
        "label": "{",
        "beforeExpr": true,
        "startsExpr": true,
        "rightAssociative": false,
        "isLoop": false,
        "isAssign": false,
        "prefix": false,
        "postfix": false,
        "binop": null
      },
      "start": 41,
      "end": 42,
      "loc": {
        "start": {
          "line": 2,
          "column": 7
        },
        "end": {
          "line": 2,
          "column": 8
        }
      }
    },
    {
      "type": {
        "label": "name",
        "beforeExpr": false,
        "startsExpr": true,
        "rightAssociative": false,
        "isLoop": false,
        "isAssign": false,
        "prefix": false,
        "postfix": false,
        "binop": null
      },
      "value": "BlendFunction",
      "start": 43,
      "end": 56,
      "loc": {
        "start": {
          "line": 2,
          "column": 9
        },
        "end": {
          "line": 2,
          "column": 22
        }
      }
    },
    {
      "type": {
        "label": "}",
        "beforeExpr": false,
        "startsExpr": false,
        "rightAssociative": false,
        "isLoop": false,
        "isAssign": false,
        "prefix": false,
        "postfix": false,
        "binop": null
      },
      "start": 57,
      "end": 58,
      "loc": {
        "start": {
          "line": 2,
          "column": 23
        },
        "end": {
          "line": 2,
          "column": 24
        }
      }
    },
    {
      "type": {
        "label": "name",
        "beforeExpr": false,
        "startsExpr": true,
        "rightAssociative": false,
        "isLoop": false,
        "isAssign": false,
        "prefix": false,
        "postfix": false,
        "binop": null
      },
      "value": "from",
      "start": 59,
      "end": 63,
      "loc": {
        "start": {
          "line": 2,
          "column": 25
        },
        "end": {
          "line": 2,
          "column": 29
        }
      }
    },
    {
      "type": {
        "label": "string",
        "beforeExpr": false,
        "startsExpr": true,
        "rightAssociative": false,
        "isLoop": false,
        "isAssign": false,
        "prefix": false,
        "postfix": false,
        "binop": null,
        "updateContext": null
      },
      "value": "./blending/BlendFunction.js",
      "start": 64,
      "end": 93,
      "loc": {
        "start": {
          "line": 2,
          "column": 30
        },
        "end": {
          "line": 2,
          "column": 59
        }
      }
    },
    {
      "type": {
        "label": ";",
        "beforeExpr": true,
        "startsExpr": false,
        "rightAssociative": false,
        "isLoop": false,
        "isAssign": false,
        "prefix": false,
        "postfix": false,
        "binop": null,
        "updateContext": null
      },
      "start": 93,
      "end": 94,
      "loc": {
        "start": {
          "line": 2,
          "column": 59
        },
        "end": {
          "line": 2,
          "column": 60
        }
      }
    },
    {
      "type": {
        "label": "import",
        "keyword": "import",
        "beforeExpr": false,
        "startsExpr": true,
        "rightAssociative": false,
        "isLoop": false,
        "isAssign": false,
        "prefix": false,
        "postfix": false,
        "binop": null,
        "updateContext": null
      },
      "value": "import",
      "start": 96,
      "end": 102,
      "loc": {
        "start": {
          "line": 3,
          "column": 0
        },
        "end": {
          "line": 3,
          "column": 6
        }
      }
    },
    {
      "type": {
        "label": "{",
        "beforeExpr": true,
        "startsExpr": true,
        "rightAssociative": false,
        "isLoop": false,
        "isAssign": false,
        "prefix": false,
        "postfix": false,
        "binop": null
      },
      "start": 103,
      "end": 104,
      "loc": {
        "start": {
          "line": 3,
          "column": 7
        },
        "end": {
          "line": 3,
          "column": 8
        }
      }
    },
    {
      "type": {
        "label": "name",
        "beforeExpr": false,
        "startsExpr": true,
        "rightAssociative": false,
        "isLoop": false,
        "isAssign": false,
        "prefix": false,
        "postfix": false,
        "binop": null
      },
      "value": "Effect",
      "start": 105,
      "end": 111,
      "loc": {
        "start": {
          "line": 3,
          "column": 9
        },
        "end": {
          "line": 3,
          "column": 15
        }
      }
    },
    {
      "type": {
        "label": "}",
        "beforeExpr": false,
        "startsExpr": false,
        "rightAssociative": false,
        "isLoop": false,
        "isAssign": false,
        "prefix": false,
        "postfix": false,
        "binop": null
      },
      "start": 112,
      "end": 113,
      "loc": {
        "start": {
          "line": 3,
          "column": 16
        },
        "end": {
          "line": 3,
          "column": 17
        }
      }
    },
    {
      "type": {
        "label": "name",
        "beforeExpr": false,
        "startsExpr": true,
        "rightAssociative": false,
        "isLoop": false,
        "isAssign": false,
        "prefix": false,
        "postfix": false,
        "binop": null
      },
      "value": "from",
      "start": 114,
      "end": 118,
      "loc": {
        "start": {
          "line": 3,
          "column": 18
        },
        "end": {
          "line": 3,
          "column": 22
        }
      }
    },
    {
      "type": {
        "label": "string",
        "beforeExpr": false,
        "startsExpr": true,
        "rightAssociative": false,
        "isLoop": false,
        "isAssign": false,
        "prefix": false,
        "postfix": false,
        "binop": null,
        "updateContext": null
      },
      "value": "./Effect.js",
      "start": 119,
      "end": 132,
      "loc": {
        "start": {
          "line": 3,
          "column": 23
        },
        "end": {
          "line": 3,
          "column": 36
        }
      }
    },
    {
      "type": {
        "label": ";",
        "beforeExpr": true,
        "startsExpr": false,
        "rightAssociative": false,
        "isLoop": false,
        "isAssign": false,
        "prefix": false,
        "postfix": false,
        "binop": null,
        "updateContext": null
      },
      "start": 132,
      "end": 133,
      "loc": {
        "start": {
          "line": 3,
          "column": 36
        },
        "end": {
          "line": 3,
          "column": 37
        }
      }
    },
    {
      "type": {
        "label": "import",
        "keyword": "import",
        "beforeExpr": false,
        "startsExpr": true,
        "rightAssociative": false,
        "isLoop": false,
        "isAssign": false,
        "prefix": false,
        "postfix": false,
        "binop": null,
        "updateContext": null
      },
      "value": "import",
      "start": 137,
      "end": 143,
      "loc": {
        "start": {
          "line": 5,
          "column": 0
        },
        "end": {
          "line": 5,
          "column": 6
        }
      }
    },
    {
      "type": {
        "label": "name",
        "beforeExpr": false,
        "startsExpr": true,
        "rightAssociative": false,
        "isLoop": false,
        "isAssign": false,
        "prefix": false,
        "postfix": false,
        "binop": null
      },
      "value": "fragmentShader",
      "start": 144,
      "end": 158,
      "loc": {
        "start": {
          "line": 5,
          "column": 7
        },
        "end": {
          "line": 5,
          "column": 21
        }
      }
    },
    {
      "type": {
        "label": "name",
        "beforeExpr": false,
        "startsExpr": true,
        "rightAssociative": false,
        "isLoop": false,
        "isAssign": false,
        "prefix": false,
        "postfix": false,
        "binop": null
      },
      "value": "from",
      "start": 159,
      "end": 163,
      "loc": {
        "start": {
          "line": 5,
          "column": 22
        },
        "end": {
          "line": 5,
          "column": 26
        }
      }
    },
    {
      "type": {
        "label": "string",
        "beforeExpr": false,
        "startsExpr": true,
        "rightAssociative": false,
        "isLoop": false,
        "isAssign": false,
        "prefix": false,
        "postfix": false,
        "binop": null,
        "updateContext": null
      },
      "value": "./glsl/sepia/shader.frag",
      "start": 164,
      "end": 190,
      "loc": {
        "start": {
          "line": 5,
          "column": 27
        },
        "end": {
          "line": 5,
          "column": 53
        }
      }
    },
    {
      "type": {
        "label": ";",
        "beforeExpr": true,
        "startsExpr": false,
        "rightAssociative": false,
        "isLoop": false,
        "isAssign": false,
        "prefix": false,
        "postfix": false,
        "binop": null,
        "updateContext": null
      },
      "start": 190,
      "end": 191,
      "loc": {
        "start": {
          "line": 5,
          "column": 53
        },
        "end": {
          "line": 5,
          "column": 54
        }
      }
    },
    {
      "type": "CommentBlock",
      "value": "*\r\n * A sepia effect.\r\n ",
      "start": 195,
      "end": 223,
      "loc": {
        "start": {
          "line": 7,
          "column": 0
        },
        "end": {
          "line": 9,
          "column": 3
        }
      }
    },
    {
      "type": {
        "label": "export",
        "keyword": "export",
        "beforeExpr": false,
        "startsExpr": false,
        "rightAssociative": false,
        "isLoop": false,
        "isAssign": false,
        "prefix": false,
        "postfix": false,
        "binop": null,
        "updateContext": null
      },
      "value": "export",
      "start": 227,
      "end": 233,
      "loc": {
        "start": {
          "line": 11,
          "column": 0
        },
        "end": {
          "line": 11,
          "column": 6
        }
      }
    },
    {
      "type": {
        "label": "class",
        "keyword": "class",
        "beforeExpr": false,
        "startsExpr": false,
        "rightAssociative": false,
        "isLoop": false,
        "isAssign": false,
        "prefix": false,
        "postfix": false,
        "binop": null,
        "updateContext": null
      },
      "value": "class",
      "start": 234,
      "end": 239,
      "loc": {
        "start": {
          "line": 11,
          "column": 7
        },
        "end": {
          "line": 11,
          "column": 12
        }
      }
    },
    {
      "type": {
        "label": "name",
        "beforeExpr": false,
        "startsExpr": true,
        "rightAssociative": false,
        "isLoop": false,
        "isAssign": false,
        "prefix": false,
        "postfix": false,
        "binop": null
      },
      "value": "SepiaEffect",
      "start": 240,
      "end": 251,
      "loc": {
        "start": {
          "line": 11,
          "column": 13
        },
        "end": {
          "line": 11,
          "column": 24
        }
      }
    },
    {
      "type": {
        "label": "extends",
        "keyword": "extends",
        "beforeExpr": true,
        "startsExpr": false,
        "rightAssociative": false,
        "isLoop": false,
        "isAssign": false,
        "prefix": false,
        "postfix": false,
        "binop": null,
        "updateContext": null
      },
      "value": "extends",
      "start": 252,
      "end": 259,
      "loc": {
        "start": {
          "line": 11,
          "column": 25
        },
        "end": {
          "line": 11,
          "column": 32
        }
      }
    },
    {
      "type": {
        "label": "name",
        "beforeExpr": false,
        "startsExpr": true,
        "rightAssociative": false,
        "isLoop": false,
        "isAssign": false,
        "prefix": false,
        "postfix": false,
        "binop": null
      },
      "value": "Effect",
      "start": 260,
      "end": 266,
      "loc": {
        "start": {
          "line": 11,
          "column": 33
        },
        "end": {
          "line": 11,
          "column": 39
        }
      }
    },
    {
      "type": {
        "label": "{",
        "beforeExpr": true,
        "startsExpr": true,
        "rightAssociative": false,
        "isLoop": false,
        "isAssign": false,
        "prefix": false,
        "postfix": false,
        "binop": null
      },
      "start": 267,
      "end": 268,
      "loc": {
        "start": {
          "line": 11,
          "column": 40
        },
        "end": {
          "line": 11,
          "column": 41
        }
      }
    },
    {
      "type": "CommentBlock",
      "value": "*\r\n\t * Constructs a new sepia effect.\r\n\t *\r\n\t * @param {Object} [options] - The options.\r\n\t * @param {BlendFunction} [options.blendFunction=BlendFunction.NORMAL] - The blend function of this effect.\r\n\t * @param {Number} [options.intensity=1.0] - The intensity of the effect.\r\n\t ",
      "start": 273,
      "end": 555,
      "loc": {
        "start": {
          "line": 13,
          "column": 1
        },
        "end": {
          "line": 19,
          "column": 4
        }
      }
    },
    {
      "type": {
        "label": "name",
        "beforeExpr": false,
        "startsExpr": true,
        "rightAssociative": false,
        "isLoop": false,
        "isAssign": false,
        "prefix": false,
        "postfix": false,
        "binop": null
      },
      "value": "constructor",
      "start": 560,
      "end": 571,
      "loc": {
        "start": {
          "line": 21,
          "column": 1
        },
        "end": {
          "line": 21,
          "column": 12
        }
      }
    },
    {
      "type": {
        "label": "(",
        "beforeExpr": true,
        "startsExpr": true,
        "rightAssociative": false,
        "isLoop": false,
        "isAssign": false,
        "prefix": false,
        "postfix": false,
        "binop": null
      },
      "start": 571,
      "end": 572,
      "loc": {
        "start": {
          "line": 21,
          "column": 12
        },
        "end": {
          "line": 21,
          "column": 13
        }
      }
    },
    {
      "type": {
        "label": "{",
        "beforeExpr": true,
        "startsExpr": true,
        "rightAssociative": false,
        "isLoop": false,
        "isAssign": false,
        "prefix": false,
        "postfix": false,
        "binop": null
      },
      "start": 572,
      "end": 573,
      "loc": {
        "start": {
          "line": 21,
          "column": 13
        },
        "end": {
          "line": 21,
          "column": 14
        }
      }
    },
    {
      "type": {
        "label": "name",
        "beforeExpr": false,
        "startsExpr": true,
        "rightAssociative": false,
        "isLoop": false,
        "isAssign": false,
        "prefix": false,
        "postfix": false,
        "binop": null
      },
      "value": "blendFunction",
      "start": 574,
      "end": 587,
      "loc": {
        "start": {
          "line": 21,
          "column": 15
        },
        "end": {
          "line": 21,
          "column": 28
        }
      }
    },
    {
      "type": {
        "label": "=",
        "beforeExpr": true,
        "startsExpr": false,
        "rightAssociative": false,
        "isLoop": false,
        "isAssign": true,
        "prefix": false,
        "postfix": false,
        "binop": null,
        "updateContext": null
      },
      "value": "=",
      "start": 588,
      "end": 589,
      "loc": {
        "start": {
          "line": 21,
          "column": 29
        },
        "end": {
          "line": 21,
          "column": 30
        }
      }
    },
    {
      "type": {
        "label": "name",
        "beforeExpr": false,
        "startsExpr": true,
        "rightAssociative": false,
        "isLoop": false,
        "isAssign": false,
        "prefix": false,
        "postfix": false,
        "binop": null
      },
      "value": "BlendFunction",
      "start": 590,
      "end": 603,
      "loc": {
        "start": {
          "line": 21,
          "column": 31
        },
        "end": {
          "line": 21,
          "column": 44
        }
      }
    },
    {
      "type": {
        "label": ".",
        "beforeExpr": false,
        "startsExpr": false,
        "rightAssociative": false,
        "isLoop": false,
        "isAssign": false,
        "prefix": false,
        "postfix": false,
        "binop": null,
        "updateContext": null
      },
      "start": 603,
      "end": 604,
      "loc": {
        "start": {
          "line": 21,
          "column": 44
        },
        "end": {
          "line": 21,
          "column": 45
        }
      }
    },
    {
      "type": {
        "label": "name",
        "beforeExpr": false,
        "startsExpr": true,
        "rightAssociative": false,
        "isLoop": false,
        "isAssign": false,
        "prefix": false,
        "postfix": false,
        "binop": null
      },
      "value": "NORMAL",
      "start": 604,
      "end": 610,
      "loc": {
        "start": {
          "line": 21,
          "column": 45
        },
        "end": {
          "line": 21,
          "column": 51
        }
      }
    },
    {
      "type": {
        "label": ",",
        "beforeExpr": true,
        "startsExpr": false,
        "rightAssociative": false,
        "isLoop": false,
        "isAssign": false,
        "prefix": false,
        "postfix": false,
        "binop": null,
        "updateContext": null
      },
      "start": 610,
      "end": 611,
      "loc": {
        "start": {
          "line": 21,
          "column": 51
        },
        "end": {
          "line": 21,
          "column": 52
        }
      }
    },
    {
      "type": {
        "label": "name",
        "beforeExpr": false,
        "startsExpr": true,
        "rightAssociative": false,
        "isLoop": false,
        "isAssign": false,
        "prefix": false,
        "postfix": false,
        "binop": null
      },
      "value": "intensity",
      "start": 612,
      "end": 621,
      "loc": {
        "start": {
          "line": 21,
          "column": 53
        },
        "end": {
          "line": 21,
          "column": 62
        }
      }
    },
    {
      "type": {
        "label": "=",
        "beforeExpr": true,
        "startsExpr": false,
        "rightAssociative": false,
        "isLoop": false,
        "isAssign": true,
        "prefix": false,
        "postfix": false,
        "binop": null,
        "updateContext": null
      },
      "value": "=",
      "start": 622,
      "end": 623,
      "loc": {
        "start": {
          "line": 21,
          "column": 63
        },
        "end": {
          "line": 21,
          "column": 64
        }
      }
    },
    {
      "type": {
        "label": "num",
        "beforeExpr": false,
        "startsExpr": true,
        "rightAssociative": false,
        "isLoop": false,
        "isAssign": false,
        "prefix": false,
        "postfix": false,
        "binop": null,
        "updateContext": null
      },
      "value": 1,
      "start": 624,
      "end": 627,
      "loc": {
        "start": {
          "line": 21,
          "column": 65
        },
        "end": {
          "line": 21,
          "column": 68
        }
      }
    },
    {
      "type": {
        "label": "}",
        "beforeExpr": false,
        "startsExpr": false,
        "rightAssociative": false,
        "isLoop": false,
        "isAssign": false,
        "prefix": false,
        "postfix": false,
        "binop": null
      },
      "start": 628,
      "end": 629,
      "loc": {
        "start": {
          "line": 21,
          "column": 69
        },
        "end": {
          "line": 21,
          "column": 70
        }
      }
    },
    {
      "type": {
        "label": "=",
        "beforeExpr": true,
        "startsExpr": false,
        "rightAssociative": false,
        "isLoop": false,
        "isAssign": true,
        "prefix": false,
        "postfix": false,
        "binop": null,
        "updateContext": null
      },
      "value": "=",
      "start": 630,
      "end": 631,
      "loc": {
        "start": {
          "line": 21,
          "column": 71
        },
        "end": {
          "line": 21,
          "column": 72
        }
      }
    },
    {
      "type": {
        "label": "{",
        "beforeExpr": true,
        "startsExpr": true,
        "rightAssociative": false,
        "isLoop": false,
        "isAssign": false,
        "prefix": false,
        "postfix": false,
        "binop": null
      },
      "start": 632,
      "end": 633,
      "loc": {
        "start": {
          "line": 21,
          "column": 73
        },
        "end": {
          "line": 21,
          "column": 74
        }
      }
    },
    {
      "type": {
        "label": "}",
        "beforeExpr": false,
        "startsExpr": false,
        "rightAssociative": false,
        "isLoop": false,
        "isAssign": false,
        "prefix": false,
        "postfix": false,
        "binop": null
      },
      "start": 633,
      "end": 634,
      "loc": {
        "start": {
          "line": 21,
          "column": 74
        },
        "end": {
          "line": 21,
          "column": 75
        }
      }
    },
    {
      "type": {
        "label": ")",
        "beforeExpr": false,
        "startsExpr": false,
        "rightAssociative": false,
        "isLoop": false,
        "isAssign": false,
        "prefix": false,
        "postfix": false,
        "binop": null
      },
      "start": 634,
      "end": 635,
      "loc": {
        "start": {
          "line": 21,
          "column": 75
        },
        "end": {
          "line": 21,
          "column": 76
        }
      }
    },
    {
      "type": {
        "label": "{",
        "beforeExpr": true,
        "startsExpr": true,
        "rightAssociative": false,
        "isLoop": false,
        "isAssign": false,
        "prefix": false,
        "postfix": false,
        "binop": null
      },
      "start": 636,
      "end": 637,
      "loc": {
        "start": {
          "line": 21,
          "column": 77
        },
        "end": {
          "line": 21,
          "column": 78
        }
      }
    },
    {
      "type": {
        "label": "super",
        "keyword": "super",
        "beforeExpr": false,
        "startsExpr": true,
        "rightAssociative": false,
        "isLoop": false,
        "isAssign": false,
        "prefix": false,
        "postfix": false,
        "binop": null,
        "updateContext": null
      },
      "value": "super",
      "start": 643,
      "end": 648,
      "loc": {
        "start": {
          "line": 23,
          "column": 2
        },
        "end": {
          "line": 23,
          "column": 7
        }
      }
    },
    {
      "type": {
        "label": "(",
        "beforeExpr": true,
        "startsExpr": true,
        "rightAssociative": false,
        "isLoop": false,
        "isAssign": false,
        "prefix": false,
        "postfix": false,
        "binop": null
      },
      "start": 648,
      "end": 649,
      "loc": {
        "start": {
          "line": 23,
          "column": 7
        },
        "end": {
          "line": 23,
          "column": 8
        }
      }
    },
    {
      "type": {
        "label": "string",
        "beforeExpr": false,
        "startsExpr": true,
        "rightAssociative": false,
        "isLoop": false,
        "isAssign": false,
        "prefix": false,
        "postfix": false,
        "binop": null,
        "updateContext": null
      },
      "value": "SepiaEffect",
      "start": 649,
      "end": 662,
      "loc": {
        "start": {
          "line": 23,
          "column": 8
        },
        "end": {
          "line": 23,
          "column": 21
        }
      }
    },
    {
      "type": {
        "label": ",",
        "beforeExpr": true,
        "startsExpr": false,
        "rightAssociative": false,
        "isLoop": false,
        "isAssign": false,
        "prefix": false,
        "postfix": false,
        "binop": null,
        "updateContext": null
      },
      "start": 662,
      "end": 663,
      "loc": {
        "start": {
          "line": 23,
          "column": 21
        },
        "end": {
          "line": 23,
          "column": 22
        }
      }
    },
    {
      "type": {
        "label": "name",
        "beforeExpr": false,
        "startsExpr": true,
        "rightAssociative": false,
        "isLoop": false,
        "isAssign": false,
        "prefix": false,
        "postfix": false,
        "binop": null
      },
      "value": "fragmentShader",
      "start": 664,
      "end": 678,
      "loc": {
        "start": {
          "line": 23,
          "column": 23
        },
        "end": {
          "line": 23,
          "column": 37
        }
      }
    },
    {
      "type": {
        "label": ",",
        "beforeExpr": true,
        "startsExpr": false,
        "rightAssociative": false,
        "isLoop": false,
        "isAssign": false,
        "prefix": false,
        "postfix": false,
        "binop": null,
        "updateContext": null
      },
      "start": 678,
      "end": 679,
      "loc": {
        "start": {
          "line": 23,
          "column": 37
        },
        "end": {
          "line": 23,
          "column": 38
        }
      }
    },
    {
      "type": {
        "label": "{",
        "beforeExpr": true,
        "startsExpr": true,
        "rightAssociative": false,
        "isLoop": false,
        "isAssign": false,
        "prefix": false,
        "postfix": false,
        "binop": null
      },
      "start": 680,
      "end": 681,
      "loc": {
        "start": {
          "line": 23,
          "column": 39
        },
        "end": {
          "line": 23,
          "column": 40
        }
      }
    },
    {
      "type": {
        "label": "name",
        "beforeExpr": false,
        "startsExpr": true,
        "rightAssociative": false,
        "isLoop": false,
        "isAssign": false,
        "prefix": false,
        "postfix": false,
        "binop": null
      },
      "value": "blendFunction",
      "start": 688,
      "end": 701,
      "loc": {
        "start": {
          "line": 25,
          "column": 3
        },
        "end": {
          "line": 25,
          "column": 16
        }
      }
    },
    {
      "type": {
        "label": ",",
        "beforeExpr": true,
        "startsExpr": false,
        "rightAssociative": false,
        "isLoop": false,
        "isAssign": false,
        "prefix": false,
        "postfix": false,
        "binop": null,
        "updateContext": null
      },
      "start": 701,
      "end": 702,
      "loc": {
        "start": {
          "line": 25,
          "column": 16
        },
        "end": {
          "line": 25,
          "column": 17
        }
      }
    },
    {
      "type": {
        "label": "name",
        "beforeExpr": false,
        "startsExpr": true,
        "rightAssociative": false,
        "isLoop": false,
        "isAssign": false,
        "prefix": false,
        "postfix": false,
        "binop": null
      },
      "value": "uniforms",
      "start": 709,
      "end": 717,
      "loc": {
        "start": {
          "line": 27,
          "column": 3
        },
        "end": {
          "line": 27,
          "column": 11
        }
      }
    },
    {
      "type": {
        "label": ":",
        "beforeExpr": true,
        "startsExpr": false,
        "rightAssociative": false,
        "isLoop": false,
        "isAssign": false,
        "prefix": false,
        "postfix": false,
        "binop": null,
        "updateContext": null
      },
      "start": 717,
      "end": 718,
      "loc": {
        "start": {
          "line": 27,
          "column": 11
        },
        "end": {
          "line": 27,
          "column": 12
        }
      }
    },
    {
      "type": {
        "label": "new",
        "keyword": "new",
        "beforeExpr": true,
        "startsExpr": true,
        "rightAssociative": false,
        "isLoop": false,
        "isAssign": false,
        "prefix": false,
        "postfix": false,
        "binop": null,
        "updateContext": null
      },
      "value": "new",
      "start": 719,
      "end": 722,
      "loc": {
        "start": {
          "line": 27,
          "column": 13
        },
        "end": {
          "line": 27,
          "column": 16
        }
      }
    },
    {
      "type": {
        "label": "name",
        "beforeExpr": false,
        "startsExpr": true,
        "rightAssociative": false,
        "isLoop": false,
        "isAssign": false,
        "prefix": false,
        "postfix": false,
        "binop": null
      },
      "value": "Map",
      "start": 723,
      "end": 726,
      "loc": {
        "start": {
          "line": 27,
          "column": 17
        },
        "end": {
          "line": 27,
          "column": 20
        }
      }
    },
    {
      "type": {
        "label": "(",
        "beforeExpr": true,
        "startsExpr": true,
        "rightAssociative": false,
        "isLoop": false,
        "isAssign": false,
        "prefix": false,
        "postfix": false,
        "binop": null
      },
      "start": 726,
      "end": 727,
      "loc": {
        "start": {
          "line": 27,
          "column": 20
        },
        "end": {
          "line": 27,
          "column": 21
        }
      }
    },
    {
      "type": {
        "label": "[",
        "beforeExpr": true,
        "startsExpr": true,
        "rightAssociative": false,
        "isLoop": false,
        "isAssign": false,
        "prefix": false,
        "postfix": false,
        "binop": null,
        "updateContext": null
      },
      "start": 727,
      "end": 728,
      "loc": {
        "start": {
          "line": 27,
          "column": 21
        },
        "end": {
          "line": 27,
          "column": 22
        }
      }
    },
    {
      "type": {
        "label": "[",
        "beforeExpr": true,
        "startsExpr": true,
        "rightAssociative": false,
        "isLoop": false,
        "isAssign": false,
        "prefix": false,
        "postfix": false,
        "binop": null,
        "updateContext": null
      },
      "start": 734,
      "end": 735,
      "loc": {
        "start": {
          "line": 28,
          "column": 4
        },
        "end": {
          "line": 28,
          "column": 5
        }
      }
    },
    {
      "type": {
        "label": "string",
        "beforeExpr": false,
        "startsExpr": true,
        "rightAssociative": false,
        "isLoop": false,
        "isAssign": false,
        "prefix": false,
        "postfix": false,
        "binop": null,
        "updateContext": null
      },
      "value": "intensity",
      "start": 735,
      "end": 746,
      "loc": {
        "start": {
          "line": 28,
          "column": 5
        },
        "end": {
          "line": 28,
          "column": 16
        }
      }
    },
    {
      "type": {
        "label": ",",
        "beforeExpr": true,
        "startsExpr": false,
        "rightAssociative": false,
        "isLoop": false,
        "isAssign": false,
        "prefix": false,
        "postfix": false,
        "binop": null,
        "updateContext": null
      },
      "start": 746,
      "end": 747,
      "loc": {
        "start": {
          "line": 28,
          "column": 16
        },
        "end": {
          "line": 28,
          "column": 17
        }
      }
    },
    {
      "type": {
        "label": "new",
        "keyword": "new",
        "beforeExpr": true,
        "startsExpr": true,
        "rightAssociative": false,
        "isLoop": false,
        "isAssign": false,
        "prefix": false,
        "postfix": false,
        "binop": null,
        "updateContext": null
      },
      "value": "new",
      "start": 748,
      "end": 751,
      "loc": {
        "start": {
          "line": 28,
          "column": 18
        },
        "end": {
          "line": 28,
          "column": 21
        }
      }
    },
    {
      "type": {
        "label": "name",
        "beforeExpr": false,
        "startsExpr": true,
        "rightAssociative": false,
        "isLoop": false,
        "isAssign": false,
        "prefix": false,
        "postfix": false,
        "binop": null
      },
      "value": "Uniform",
      "start": 752,
      "end": 759,
      "loc": {
        "start": {
          "line": 28,
          "column": 22
        },
        "end": {
          "line": 28,
          "column": 29
        }
      }
    },
    {
      "type": {
        "label": "(",
        "beforeExpr": true,
        "startsExpr": true,
        "rightAssociative": false,
        "isLoop": false,
        "isAssign": false,
        "prefix": false,
        "postfix": false,
        "binop": null
      },
      "start": 759,
      "end": 760,
      "loc": {
        "start": {
          "line": 28,
          "column": 29
        },
        "end": {
          "line": 28,
          "column": 30
        }
      }
    },
    {
      "type": {
        "label": "name",
        "beforeExpr": false,
        "startsExpr": true,
        "rightAssociative": false,
        "isLoop": false,
        "isAssign": false,
        "prefix": false,
        "postfix": false,
        "binop": null
      },
      "value": "intensity",
      "start": 760,
      "end": 769,
      "loc": {
        "start": {
          "line": 28,
          "column": 30
        },
        "end": {
          "line": 28,
          "column": 39
        }
      }
    },
    {
      "type": {
        "label": ")",
        "beforeExpr": false,
        "startsExpr": false,
        "rightAssociative": false,
        "isLoop": false,
        "isAssign": false,
        "prefix": false,
        "postfix": false,
        "binop": null
      },
      "start": 769,
      "end": 770,
      "loc": {
        "start": {
          "line": 28,
          "column": 39
        },
        "end": {
          "line": 28,
          "column": 40
        }
      }
    },
    {
      "type": {
        "label": "]",
        "beforeExpr": false,
        "startsExpr": false,
        "rightAssociative": false,
        "isLoop": false,
        "isAssign": false,
        "prefix": false,
        "postfix": false,
        "binop": null,
        "updateContext": null
      },
      "start": 770,
      "end": 771,
      "loc": {
        "start": {
          "line": 28,
          "column": 40
        },
        "end": {
          "line": 28,
          "column": 41
        }
      }
    },
    {
      "type": {
        "label": "]",
        "beforeExpr": false,
        "startsExpr": false,
        "rightAssociative": false,
        "isLoop": false,
        "isAssign": false,
        "prefix": false,
        "postfix": false,
        "binop": null,
        "updateContext": null
      },
      "start": 776,
      "end": 777,
      "loc": {
        "start": {
          "line": 29,
          "column": 3
        },
        "end": {
          "line": 29,
          "column": 4
        }
      }
    },
    {
      "type": {
        "label": ")",
        "beforeExpr": false,
        "startsExpr": false,
        "rightAssociative": false,
        "isLoop": false,
        "isAssign": false,
        "prefix": false,
        "postfix": false,
        "binop": null
      },
      "start": 777,
      "end": 778,
      "loc": {
        "start": {
          "line": 29,
          "column": 4
        },
        "end": {
          "line": 29,
          "column": 5
        }
      }
    },
    {
      "type": {
        "label": "}",
        "beforeExpr": false,
        "startsExpr": false,
        "rightAssociative": false,
        "isLoop": false,
        "isAssign": false,
        "prefix": false,
        "postfix": false,
        "binop": null
      },
      "start": 784,
      "end": 785,
      "loc": {
        "start": {
          "line": 31,
          "column": 2
        },
        "end": {
          "line": 31,
          "column": 3
        }
      }
    },
    {
      "type": {
        "label": ")",
        "beforeExpr": false,
        "startsExpr": false,
        "rightAssociative": false,
        "isLoop": false,
        "isAssign": false,
        "prefix": false,
        "postfix": false,
        "binop": null
      },
      "start": 785,
      "end": 786,
      "loc": {
        "start": {
          "line": 31,
          "column": 3
        },
        "end": {
          "line": 31,
          "column": 4
        }
      }
    },
    {
      "type": {
        "label": ";",
        "beforeExpr": true,
        "startsExpr": false,
        "rightAssociative": false,
        "isLoop": false,
        "isAssign": false,
        "prefix": false,
        "postfix": false,
        "binop": null,
        "updateContext": null
      },
      "start": 786,
      "end": 787,
      "loc": {
        "start": {
          "line": 31,
          "column": 4
        },
        "end": {
          "line": 31,
          "column": 5
        }
      }
    },
    {
      "type": {
        "label": "}",
        "beforeExpr": false,
        "startsExpr": false,
        "rightAssociative": false,
        "isLoop": false,
        "isAssign": false,
        "prefix": false,
        "postfix": false,
        "binop": null
      },
      "start": 792,
      "end": 793,
      "loc": {
        "start": {
          "line": 33,
          "column": 1
        },
        "end": {
          "line": 33,
          "column": 2
        }
      }
    },
    {
      "type": {
        "label": "}",
        "beforeExpr": false,
        "startsExpr": false,
        "rightAssociative": false,
        "isLoop": false,
        "isAssign": false,
        "prefix": false,
        "postfix": false,
        "binop": null
      },
      "start": 797,
      "end": 798,
      "loc": {
        "start": {
          "line": 35,
          "column": 0
        },
        "end": {
          "line": 35,
          "column": 1
        }
      }
    },
    {
      "type": {
        "label": "eof",
        "beforeExpr": false,
        "startsExpr": false,
        "rightAssociative": false,
        "isLoop": false,
        "isAssign": false,
        "prefix": false,
        "postfix": false,
        "binop": null,
        "updateContext": null
      },
      "start": 800,
      "end": 800,
      "loc": {
        "start": {
          "line": 36,
          "column": 0
        },
        "end": {
          "line": 36,
          "column": 0
        }
      }
    }
  ]
}