{
  "type": "File",
  "start": 0,
  "end": 578,
  "loc": {
    "start": {
      "line": 1,
      "column": 0
    },
    "end": {
      "line": 40,
      "column": 0
    }
  },
  "program": {
    "type": "Program",
    "start": 0,
    "end": 578,
    "loc": {
      "start": {
        "line": 1,
        "column": 0
      },
      "end": {
        "line": 40,
        "column": 0
      }
    },
    "sourceType": "module",
    "body": [
      {
        "type": "ImportDeclaration",
        "start": 0,
        "end": 48,
        "loc": {
          "start": {
            "line": 1,
            "column": 0
          },
          "end": {
            "line": 1,
            "column": 48
          }
        },
        "specifiers": [
          {
            "type": "ImportSpecifier",
            "start": 9,
            "end": 23,
            "loc": {
              "start": {
                "line": 1,
                "column": 9
              },
              "end": {
                "line": 1,
                "column": 23
              }
            },
            "imported": {
              "type": "Identifier",
              "start": 9,
              "end": 23,
              "loc": {
                "start": {
                  "line": 1,
                  "column": 9
                },
                "end": {
                  "line": 1,
                  "column": 23
                },
                "identifierName": "ShaderMaterial"
              },
              "name": "ShaderMaterial"
            },
            "local": {
              "type": "Identifier",
              "start": 9,
              "end": 23,
              "loc": {
                "start": {
                  "line": 1,
                  "column": 9
                },
                "end": {
                  "line": 1,
                  "column": 23
                },
                "identifierName": "ShaderMaterial"
              },
              "name": "ShaderMaterial"
            }
          },
          {
            "type": "ImportSpecifier",
            "start": 25,
            "end": 32,
            "loc": {
              "start": {
                "line": 1,
                "column": 25
              },
              "end": {
                "line": 1,
                "column": 32
              }
            },
            "imported": {
              "type": "Identifier",
              "start": 25,
              "end": 32,
              "loc": {
                "start": {
                  "line": 1,
                  "column": 25
                },
                "end": {
                  "line": 1,
                  "column": 32
                },
                "identifierName": "Uniform"
              },
              "name": "Uniform"
            },
            "local": {
              "type": "Identifier",
              "start": 25,
              "end": 32,
              "loc": {
                "start": {
                  "line": 1,
                  "column": 25
                },
                "end": {
                  "line": 1,
                  "column": 32
                },
                "identifierName": "Uniform"
              },
              "name": "Uniform"
            }
          }
        ],
        "source": {
          "type": "StringLiteral",
          "start": 40,
          "end": 47,
          "loc": {
            "start": {
              "line": 1,
              "column": 40
            },
            "end": {
              "line": 1,
              "column": 47
            }
          },
          "extra": {
            "rawValue": "three",
            "raw": "\"three\""
          },
          "value": "three"
        }
      },
      {
        "type": "ImportDeclaration",
        "start": 52,
        "end": 105,
        "loc": {
          "start": {
            "line": 3,
            "column": 0
          },
          "end": {
            "line": 3,
            "column": 53
          }
        },
        "specifiers": [
          {
            "type": "ImportDefaultSpecifier",
            "start": 59,
            "end": 73,
            "loc": {
              "start": {
                "line": 3,
                "column": 7
              },
              "end": {
                "line": 3,
                "column": 21
              }
            },
            "local": {
              "type": "Identifier",
              "start": 59,
              "end": 73,
              "loc": {
                "start": {
                  "line": 3,
                  "column": 7
                },
                "end": {
                  "line": 3,
                  "column": 21
                },
                "identifierName": "fragmentShader"
              },
              "name": "fragmentShader"
            }
          }
        ],
        "source": {
          "type": "StringLiteral",
          "start": 79,
          "end": 104,
          "loc": {
            "start": {
              "line": 3,
              "column": 27
            },
            "end": {
              "line": 3,
              "column": 52
            }
          },
          "extra": {
            "rawValue": "./glsl/copy/shader.frag",
            "raw": "\"./glsl/copy/shader.frag\""
          },
          "value": "./glsl/copy/shader.frag"
        }
      },
      {
        "type": "ImportDeclaration",
        "start": 107,
        "end": 160,
        "loc": {
          "start": {
            "line": 4,
            "column": 0
          },
          "end": {
            "line": 4,
            "column": 53
          }
        },
        "specifiers": [
          {
            "type": "ImportDefaultSpecifier",
            "start": 114,
            "end": 126,
            "loc": {
              "start": {
                "line": 4,
                "column": 7
              },
              "end": {
                "line": 4,
                "column": 19
              }
            },
            "local": {
              "type": "Identifier",
              "start": 114,
              "end": 126,
              "loc": {
                "start": {
                  "line": 4,
                  "column": 7
                },
                "end": {
                  "line": 4,
                  "column": 19
                },
                "identifierName": "vertexShader"
              },
              "name": "vertexShader"
            }
          }
        ],
        "source": {
          "type": "StringLiteral",
          "start": 132,
          "end": 159,
          "loc": {
            "start": {
              "line": 4,
              "column": 25
            },
            "end": {
              "line": 4,
              "column": 52
            }
          },
          "extra": {
            "rawValue": "./glsl/common/shader.vert",
            "raw": "\"./glsl/common/shader.vert\""
          },
          "value": "./glsl/common/shader.vert"
        },
        "trailingComments": [
          {
            "type": "CommentBlock",
            "value": "*\r\n * A simple copy shader material.\r\n ",
            "start": 164,
            "end": 207,
            "loc": {
              "start": {
                "line": 6,
                "column": 0
              },
              "end": {
                "line": 8,
                "column": 3
              }
            }
          }
        ]
      },
      {
        "type": "ExportNamedDeclaration",
        "start": 211,
        "end": 576,
        "loc": {
          "start": {
            "line": 10,
            "column": 0
          },
          "end": {
            "line": 39,
            "column": 1
          }
        },
        "specifiers": [],
        "source": null,
        "declaration": {
          "type": "ClassDeclaration",
          "start": 218,
          "end": 576,
          "loc": {
            "start": {
              "line": 10,
              "column": 7
            },
            "end": {
              "line": 39,
              "column": 1
            }
          },
          "id": {
            "type": "Identifier",
            "start": 224,
            "end": 236,
            "loc": {
              "start": {
                "line": 10,
                "column": 13
              },
              "end": {
                "line": 10,
                "column": 25
              },
              "identifierName": "CopyMaterial"
            },
            "name": "CopyMaterial",
            "leadingComments": null
          },
          "superClass": {
            "type": "Identifier",
            "start": 245,
            "end": 259,
            "loc": {
              "start": {
                "line": 10,
                "column": 34
              },
              "end": {
                "line": 10,
                "column": 48
              },
              "identifierName": "ShaderMaterial"
            },
            "name": "ShaderMaterial"
          },
          "body": {
            "type": "ClassBody",
            "start": 260,
            "end": 576,
            "loc": {
              "start": {
                "line": 10,
                "column": 49
              },
              "end": {
                "line": 39,
                "column": 1
              }
            },
            "body": [
              {
                "type": "ClassMethod",
                "start": 317,
                "end": 571,
                "loc": {
                  "start": {
                    "line": 16,
                    "column": 1
                  },
                  "end": {
                    "line": 37,
                    "column": 2
                  }
                },
                "static": false,
                "computed": false,
                "key": {
                  "type": "Identifier",
                  "start": 317,
                  "end": 328,
                  "loc": {
                    "start": {
                      "line": 16,
                      "column": 1
                    },
                    "end": {
                      "line": 16,
                      "column": 12
                    },
                    "identifierName": "constructor"
                  },
                  "name": "constructor",
                  "leadingComments": null
                },
                "kind": "constructor",
                "id": null,
                "generator": false,
                "expression": false,
                "async": false,
                "params": [],
                "body": {
                  "type": "BlockStatement",
                  "start": 331,
                  "end": 571,
                  "loc": {
                    "start": {
                      "line": 16,
                      "column": 15
                    },
                    "end": {
                      "line": 37,
                      "column": 2
                    }
                  },
                  "body": [
                    {
                      "type": "ExpressionStatement",
                      "start": 338,
                      "end": 565,
                      "loc": {
                        "start": {
                          "line": 18,
                          "column": 2
                        },
                        "end": {
                          "line": 35,
                          "column": 5
                        }
                      },
                      "expression": {
                        "type": "CallExpression",
                        "start": 338,
                        "end": 564,
                        "loc": {
                          "start": {
                            "line": 18,
                            "column": 2
                          },
                          "end": {
                            "line": 35,
                            "column": 4
                          }
                        },
                        "callee": {
                          "type": "Super",
                          "start": 338,
                          "end": 343,
                          "loc": {
                            "start": {
                              "line": 18,
                              "column": 2
                            },
                            "end": {
                              "line": 18,
                              "column": 7
                            }
                          }
                        },
                        "arguments": [
                          {
                            "type": "ObjectExpression",
                            "start": 344,
                            "end": 563,
                            "loc": {
                              "start": {
                                "line": 18,
                                "column": 8
                              },
                              "end": {
                                "line": 35,
                                "column": 3
                              }
                            },
                            "properties": [
                              {
                                "type": "ObjectProperty",
                                "start": 352,
                                "end": 372,
                                "loc": {
                                  "start": {
                                    "line": 20,
                                    "column": 3
                                  },
                                  "end": {
                                    "line": 20,
                                    "column": 23
                                  }
                                },
                                "method": false,
                                "shorthand": false,
                                "computed": false,
                                "key": {
                                  "type": "Identifier",
                                  "start": 352,
                                  "end": 356,
                                  "loc": {
                                    "start": {
                                      "line": 20,
                                      "column": 3
                                    },
                                    "end": {
                                      "line": 20,
                                      "column": 7
                                    },
                                    "identifierName": "type"
                                  },
                                  "name": "type"
                                },
                                "value": {
                                  "type": "StringLiteral",
                                  "start": 358,
                                  "end": 372,
                                  "loc": {
                                    "start": {
                                      "line": 20,
                                      "column": 9
                                    },
                                    "end": {
                                      "line": 20,
                                      "column": 23
                                    }
                                  },
                                  "extra": {
                                    "rawValue": "CopyMaterial",
                                    "raw": "\"CopyMaterial\""
                                  },
                                  "value": "CopyMaterial"
                                }
                              },
                              {
                                "type": "ObjectProperty",
                                "start": 380,
                                "end": 469,
                                "loc": {
                                  "start": {
                                    "line": 22,
                                    "column": 3
                                  },
                                  "end": {
                                    "line": 27,
                                    "column": 4
                                  }
                                },
                                "method": false,
                                "shorthand": false,
                                "computed": false,
                                "key": {
                                  "type": "Identifier",
                                  "start": 380,
                                  "end": 388,
                                  "loc": {
                                    "start": {
                                      "line": 22,
                                      "column": 3
                                    },
                                    "end": {
                                      "line": 22,
                                      "column": 11
                                    },
                                    "identifierName": "uniforms"
                                  },
                                  "name": "uniforms"
                                },
                                "value": {
                                  "type": "ObjectExpression",
                                  "start": 390,
                                  "end": 469,
                                  "loc": {
                                    "start": {
                                      "line": 22,
                                      "column": 13
                                    },
                                    "end": {
                                      "line": 27,
                                      "column": 4
                                    }
                                  },
                                  "properties": [
                                    {
                                      "type": "ObjectProperty",
                                      "start": 399,
                                      "end": 429,
                                      "loc": {
                                        "start": {
                                          "line": 24,
                                          "column": 4
                                        },
                                        "end": {
                                          "line": 24,
                                          "column": 34
                                        }
                                      },
                                      "method": false,
                                      "shorthand": false,
                                      "computed": false,
                                      "key": {
                                        "type": "Identifier",
                                        "start": 399,
                                        "end": 410,
                                        "loc": {
                                          "start": {
                                            "line": 24,
                                            "column": 4
                                          },
                                          "end": {
                                            "line": 24,
                                            "column": 15
                                          },
                                          "identifierName": "inputBuffer"
                                        },
                                        "name": "inputBuffer"
                                      },
                                      "value": {
                                        "type": "NewExpression",
                                        "start": 412,
                                        "end": 429,
                                        "loc": {
                                          "start": {
                                            "line": 24,
                                            "column": 17
                                          },
                                          "end": {
                                            "line": 24,
                                            "column": 34
                                          }
                                        },
                                        "callee": {
                                          "type": "Identifier",
                                          "start": 416,
                                          "end": 423,
                                          "loc": {
                                            "start": {
                                              "line": 24,
                                              "column": 21
                                            },
                                            "end": {
                                              "line": 24,
                                              "column": 28
                                            },
                                            "identifierName": "Uniform"
                                          },
                                          "name": "Uniform"
                                        },
                                        "arguments": [
                                          {
                                            "type": "NullLiteral",
                                            "start": 424,
                                            "end": 428,
                                            "loc": {
                                              "start": {
                                                "line": 24,
                                                "column": 29
                                              },
                                              "end": {
                                                "line": 24,
                                                "column": 33
                                              }
                                            }
                                          }
                                        ]
                                      }
                                    },
                                    {
                                      "type": "ObjectProperty",
                                      "start": 436,
                                      "end": 461,
                                      "loc": {
                                        "start": {
                                          "line": 25,
                                          "column": 4
                                        },
                                        "end": {
                                          "line": 25,
                                          "column": 29
                                        }
                                      },
                                      "method": false,
                                      "shorthand": false,
                                      "computed": false,
                                      "key": {
                                        "type": "Identifier",
                                        "start": 436,
                                        "end": 443,
                                        "loc": {
                                          "start": {
                                            "line": 25,
                                            "column": 4
                                          },
                                          "end": {
                                            "line": 25,
                                            "column": 11
                                          },
                                          "identifierName": "opacity"
                                        },
                                        "name": "opacity"
                                      },
                                      "value": {
                                        "type": "NewExpression",
                                        "start": 445,
                                        "end": 461,
                                        "loc": {
                                          "start": {
                                            "line": 25,
                                            "column": 13
                                          },
                                          "end": {
                                            "line": 25,
                                            "column": 29
                                          }
                                        },
                                        "callee": {
                                          "type": "Identifier",
                                          "start": 449,
                                          "end": 456,
                                          "loc": {
                                            "start": {
                                              "line": 25,
                                              "column": 17
                                            },
                                            "end": {
                                              "line": 25,
                                              "column": 24
                                            },
                                            "identifierName": "Uniform"
                                          },
                                          "name": "Uniform"
                                        },
                                        "arguments": [
                                          {
                                            "type": "NumericLiteral",
                                            "start": 457,
                                            "end": 460,
                                            "loc": {
                                              "start": {
                                                "line": 25,
                                                "column": 25
                                              },
                                              "end": {
                                                "line": 25,
                                                "column": 28
                                              }
                                            },
                                            "extra": {
                                              "rawValue": 1,
                                              "raw": "1.0"
                                            },
                                            "value": 1
                                          }
                                        ]
                                      }
                                    }
                                  ]
                                }
                              },
                              {
                                "type": "ObjectProperty",
                                "start": 477,
                                "end": 491,
                                "loc": {
                                  "start": {
                                    "line": 29,
                                    "column": 3
                                  },
                                  "end": {
                                    "line": 29,
                                    "column": 17
                                  }
                                },
                                "method": false,
                                "shorthand": true,
                                "computed": false,
                                "key": {
                                  "type": "Identifier",
                                  "start": 477,
                                  "end": 491,
                                  "loc": {
                                    "start": {
                                      "line": 29,
                                      "column": 3
                                    },
                                    "end": {
                                      "line": 29,
                                      "column": 17
                                    },
                                    "identifierName": "fragmentShader"
                                  },
                                  "name": "fragmentShader"
                                },
                                "value": {
                                  "type": "Identifier",
                                  "start": 477,
                                  "end": 491,
                                  "loc": {
                                    "start": {
                                      "line": 29,
                                      "column": 3
                                    },
                                    "end": {
                                      "line": 29,
                                      "column": 17
                                    },
                                    "identifierName": "fragmentShader"
                                  },
                                  "name": "fragmentShader"
                                },
                                "extra": {
                                  "shorthand": true
                                }
                              },
                              {
                                "type": "ObjectProperty",
                                "start": 497,
                                "end": 509,
                                "loc": {
                                  "start": {
                                    "line": 30,
                                    "column": 3
                                  },
                                  "end": {
                                    "line": 30,
                                    "column": 15
                                  }
                                },
                                "method": false,
                                "shorthand": true,
                                "computed": false,
                                "key": {
                                  "type": "Identifier",
                                  "start": 497,
                                  "end": 509,
                                  "loc": {
                                    "start": {
                                      "line": 30,
                                      "column": 3
                                    },
                                    "end": {
                                      "line": 30,
                                      "column": 15
                                    },
                                    "identifierName": "vertexShader"
                                  },
                                  "name": "vertexShader"
                                },
                                "value": {
                                  "type": "Identifier",
                                  "start": 497,
                                  "end": 509,
                                  "loc": {
                                    "start": {
                                      "line": 30,
                                      "column": 3
                                    },
                                    "end": {
                                      "line": 30,
                                      "column": 15
                                    },
                                    "identifierName": "vertexShader"
                                  },
                                  "name": "vertexShader"
                                },
                                "extra": {
                                  "shorthand": true
                                }
                              },
                              {
                                "type": "ObjectProperty",
                                "start": 517,
                                "end": 534,
                                "loc": {
                                  "start": {
                                    "line": 32,
                                    "column": 3
                                  },
                                  "end": {
                                    "line": 32,
                                    "column": 20
                                  }
                                },
                                "method": false,
                                "shorthand": false,
                                "computed": false,
                                "key": {
                                  "type": "Identifier",
                                  "start": 517,
                                  "end": 527,
                                  "loc": {
                                    "start": {
                                      "line": 32,
                                      "column": 3
                                    },
                                    "end": {
                                      "line": 32,
                                      "column": 13
                                    },
                                    "identifierName": "depthWrite"
                                  },
                                  "name": "depthWrite"
                                },
                                "value": {
                                  "type": "BooleanLiteral",
                                  "start": 529,
                                  "end": 534,
                                  "loc": {
                                    "start": {
                                      "line": 32,
                                      "column": 15
                                    },
                                    "end": {
                                      "line": 32,
                                      "column": 20
                                    }
                                  },
                                  "value": false
                                }
                              },
                              {
                                "type": "ObjectProperty",
                                "start": 540,
                                "end": 556,
                                "loc": {
                                  "start": {
                                    "line": 33,
                                    "column": 3
                                  },
                                  "end": {
                                    "line": 33,
                                    "column": 19
                                  }
                                },
                                "method": false,
                                "shorthand": false,
                                "computed": false,
                                "key": {
                                  "type": "Identifier",
                                  "start": 540,
                                  "end": 549,
                                  "loc": {
                                    "start": {
                                      "line": 33,
                                      "column": 3
                                    },
                                    "end": {
                                      "line": 33,
                                      "column": 12
                                    },
                                    "identifierName": "depthTest"
                                  },
                                  "name": "depthTest"
                                },
                                "value": {
                                  "type": "BooleanLiteral",
                                  "start": 551,
                                  "end": 556,
                                  "loc": {
                                    "start": {
                                      "line": 33,
                                      "column": 14
                                    },
                                    "end": {
                                      "line": 33,
                                      "column": 19
                                    }
                                  },
                                  "value": false
                                }
                              }
                            ]
                          }
                        ]
                      }
                    }
                  ],
                  "directives": []
                },
                "leadingComments": [
                  {
                    "type": "CommentBlock",
                    "value": "*\r\n\t * Constructs a new copy material.\r\n\t ",
                    "start": 266,
                    "end": 312,
                    "loc": {
                      "start": {
                        "line": 12,
                        "column": 1
                      },
                      "end": {
                        "line": 14,
                        "column": 4
                      }
                    }
                  }
                ]
              }
            ]
          },
          "leadingComments": [
            {
              "type": "CommentBlock",
              "value": "*\r\n * A simple copy shader material.\r\n ",
              "start": 164,
              "end": 207,
              "loc": {
                "start": {
                  "line": 6,
                  "column": 0
                },
                "end": {
                  "line": 8,
                  "column": 3
                }
              }
            }
          ],
          "trailingComments": []
        },
        "leadingComments": [
          {
            "type": "CommentBlock",
            "value": "*\r\n * A simple copy shader material.\r\n ",
            "start": 164,
            "end": 207,
            "loc": {
              "start": {
                "line": 6,
                "column": 0
              },
              "end": {
                "line": 8,
                "column": 3
              }
            }
          }
        ]
      }
    ],
    "directives": []
  },
  "comments": [
    {
      "type": "CommentBlock",
      "value": "*\r\n * A simple copy shader material.\r\n ",
      "start": 164,
      "end": 207,
      "loc": {
        "start": {
          "line": 6,
          "column": 0
        },
        "end": {
          "line": 8,
          "column": 3
        }
      }
    },
    {
      "type": "CommentBlock",
      "value": "*\r\n\t * Constructs a new copy material.\r\n\t ",
      "start": 266,
      "end": 312,
      "loc": {
        "start": {
          "line": 12,
          "column": 1
        },
        "end": {
          "line": 14,
          "column": 4
        }
      }
    }
  ],
  "tokens": [
    {
      "type": {
        "label": "import",
        "keyword": "import",
        "beforeExpr": false,
        "startsExpr": true,
        "rightAssociative": false,
        "isLoop": false,
        "isAssign": false,
        "prefix": false,
        "postfix": false,
        "binop": null,
        "updateContext": null
      },
      "value": "import",
      "start": 0,
      "end": 6,
      "loc": {
        "start": {
          "line": 1,
          "column": 0
        },
        "end": {
          "line": 1,
          "column": 6
        }
      }
    },
    {
      "type": {
        "label": "{",
        "beforeExpr": true,
        "startsExpr": true,
        "rightAssociative": false,
        "isLoop": false,
        "isAssign": false,
        "prefix": false,
        "postfix": false,
        "binop": null
      },
      "start": 7,
      "end": 8,
      "loc": {
        "start": {
          "line": 1,
          "column": 7
        },
        "end": {
          "line": 1,
          "column": 8
        }
      }
    },
    {
      "type": {
        "label": "name",
        "beforeExpr": false,
        "startsExpr": true,
        "rightAssociative": false,
        "isLoop": false,
        "isAssign": false,
        "prefix": false,
        "postfix": false,
        "binop": null
      },
      "value": "ShaderMaterial",
      "start": 9,
      "end": 23,
      "loc": {
        "start": {
          "line": 1,
          "column": 9
        },
        "end": {
          "line": 1,
          "column": 23
        }
      }
    },
    {
      "type": {
        "label": ",",
        "beforeExpr": true,
        "startsExpr": false,
        "rightAssociative": false,
        "isLoop": false,
        "isAssign": false,
        "prefix": false,
        "postfix": false,
        "binop": null,
        "updateContext": null
      },
      "start": 23,
      "end": 24,
      "loc": {
        "start": {
          "line": 1,
          "column": 23
        },
        "end": {
          "line": 1,
          "column": 24
        }
      }
    },
    {
      "type": {
        "label": "name",
        "beforeExpr": false,
        "startsExpr": true,
        "rightAssociative": false,
        "isLoop": false,
        "isAssign": false,
        "prefix": false,
        "postfix": false,
        "binop": null
      },
      "value": "Uniform",
      "start": 25,
      "end": 32,
      "loc": {
        "start": {
          "line": 1,
          "column": 25
        },
        "end": {
          "line": 1,
          "column": 32
        }
      }
    },
    {
      "type": {
        "label": "}",
        "beforeExpr": false,
        "startsExpr": false,
        "rightAssociative": false,
        "isLoop": false,
        "isAssign": false,
        "prefix": false,
        "postfix": false,
        "binop": null
      },
      "start": 33,
      "end": 34,
      "loc": {
        "start": {
          "line": 1,
          "column": 33
        },
        "end": {
          "line": 1,
          "column": 34
        }
      }
    },
    {
      "type": {
        "label": "name",
        "beforeExpr": false,
        "startsExpr": true,
        "rightAssociative": false,
        "isLoop": false,
        "isAssign": false,
        "prefix": false,
        "postfix": false,
        "binop": null
      },
      "value": "from",
      "start": 35,
      "end": 39,
      "loc": {
        "start": {
          "line": 1,
          "column": 35
        },
        "end": {
          "line": 1,
          "column": 39
        }
      }
    },
    {
      "type": {
        "label": "string",
        "beforeExpr": false,
        "startsExpr": true,
        "rightAssociative": false,
        "isLoop": false,
        "isAssign": false,
        "prefix": false,
        "postfix": false,
        "binop": null,
        "updateContext": null
      },
      "value": "three",
      "start": 40,
      "end": 47,
      "loc": {
        "start": {
          "line": 1,
          "column": 40
        },
        "end": {
          "line": 1,
          "column": 47
        }
      }
    },
    {
      "type": {
        "label": ";",
        "beforeExpr": true,
        "startsExpr": false,
        "rightAssociative": false,
        "isLoop": false,
        "isAssign": false,
        "prefix": false,
        "postfix": false,
        "binop": null,
        "updateContext": null
      },
      "start": 47,
      "end": 48,
      "loc": {
        "start": {
          "line": 1,
          "column": 47
        },
        "end": {
          "line": 1,
          "column": 48
        }
      }
    },
    {
      "type": {
        "label": "import",
        "keyword": "import",
        "beforeExpr": false,
        "startsExpr": true,
        "rightAssociative": false,
        "isLoop": false,
        "isAssign": false,
        "prefix": false,
        "postfix": false,
        "binop": null,
        "updateContext": null
      },
      "value": "import",
      "start": 52,
      "end": 58,
      "loc": {
        "start": {
          "line": 3,
          "column": 0
        },
        "end": {
          "line": 3,
          "column": 6
        }
      }
    },
    {
      "type": {
        "label": "name",
        "beforeExpr": false,
        "startsExpr": true,
        "rightAssociative": false,
        "isLoop": false,
        "isAssign": false,
        "prefix": false,
        "postfix": false,
        "binop": null
      },
      "value": "fragmentShader",
      "start": 59,
      "end": 73,
      "loc": {
        "start": {
          "line": 3,
          "column": 7
        },
        "end": {
          "line": 3,
          "column": 21
        }
      }
    },
    {
      "type": {
        "label": "name",
        "beforeExpr": false,
        "startsExpr": true,
        "rightAssociative": false,
        "isLoop": false,
        "isAssign": false,
        "prefix": false,
        "postfix": false,
        "binop": null
      },
      "value": "from",
      "start": 74,
      "end": 78,
      "loc": {
        "start": {
          "line": 3,
          "column": 22
        },
        "end": {
          "line": 3,
          "column": 26
        }
      }
    },
    {
      "type": {
        "label": "string",
        "beforeExpr": false,
        "startsExpr": true,
        "rightAssociative": false,
        "isLoop": false,
        "isAssign": false,
        "prefix": false,
        "postfix": false,
        "binop": null,
        "updateContext": null
      },
      "value": "./glsl/copy/shader.frag",
      "start": 79,
      "end": 104,
      "loc": {
        "start": {
          "line": 3,
          "column": 27
        },
        "end": {
          "line": 3,
          "column": 52
        }
      }
    },
    {
      "type": {
        "label": ";",
        "beforeExpr": true,
        "startsExpr": false,
        "rightAssociative": false,
        "isLoop": false,
        "isAssign": false,
        "prefix": false,
        "postfix": false,
        "binop": null,
        "updateContext": null
      },
      "start": 104,
      "end": 105,
      "loc": {
        "start": {
          "line": 3,
          "column": 52
        },
        "end": {
          "line": 3,
          "column": 53
        }
      }
    },
    {
      "type": {
        "label": "import",
        "keyword": "import",
        "beforeExpr": false,
        "startsExpr": true,
        "rightAssociative": false,
        "isLoop": false,
        "isAssign": false,
        "prefix": false,
        "postfix": false,
        "binop": null,
        "updateContext": null
      },
      "value": "import",
      "start": 107,
      "end": 113,
      "loc": {
        "start": {
          "line": 4,
          "column": 0
        },
        "end": {
          "line": 4,
          "column": 6
        }
      }
    },
    {
      "type": {
        "label": "name",
        "beforeExpr": false,
        "startsExpr": true,
        "rightAssociative": false,
        "isLoop": false,
        "isAssign": false,
        "prefix": false,
        "postfix": false,
        "binop": null
      },
      "value": "vertexShader",
      "start": 114,
      "end": 126,
      "loc": {
        "start": {
          "line": 4,
          "column": 7
        },
        "end": {
          "line": 4,
          "column": 19
        }
      }
    },
    {
      "type": {
        "label": "name",
        "beforeExpr": false,
        "startsExpr": true,
        "rightAssociative": false,
        "isLoop": false,
        "isAssign": false,
        "prefix": false,
        "postfix": false,
        "binop": null
      },
      "value": "from",
      "start": 127,
      "end": 131,
      "loc": {
        "start": {
          "line": 4,
          "column": 20
        },
        "end": {
          "line": 4,
          "column": 24
        }
      }
    },
    {
      "type": {
        "label": "string",
        "beforeExpr": false,
        "startsExpr": true,
        "rightAssociative": false,
        "isLoop": false,
        "isAssign": false,
        "prefix": false,
        "postfix": false,
        "binop": null,
        "updateContext": null
      },
      "value": "./glsl/common/shader.vert",
      "start": 132,
      "end": 159,
      "loc": {
        "start": {
          "line": 4,
          "column": 25
        },
        "end": {
          "line": 4,
          "column": 52
        }
      }
    },
    {
      "type": {
        "label": ";",
        "beforeExpr": true,
        "startsExpr": false,
        "rightAssociative": false,
        "isLoop": false,
        "isAssign": false,
        "prefix": false,
        "postfix": false,
        "binop": null,
        "updateContext": null
      },
      "start": 159,
      "end": 160,
      "loc": {
        "start": {
          "line": 4,
          "column": 52
        },
        "end": {
          "line": 4,
          "column": 53
        }
      }
    },
    {
      "type": "CommentBlock",
      "value": "*\r\n * A simple copy shader material.\r\n ",
      "start": 164,
      "end": 207,
      "loc": {
        "start": {
          "line": 6,
          "column": 0
        },
        "end": {
          "line": 8,
          "column": 3
        }
      }
    },
    {
      "type": {
        "label": "export",
        "keyword": "export",
        "beforeExpr": false,
        "startsExpr": false,
        "rightAssociative": false,
        "isLoop": false,
        "isAssign": false,
        "prefix": false,
        "postfix": false,
        "binop": null,
        "updateContext": null
      },
      "value": "export",
      "start": 211,
      "end": 217,
      "loc": {
        "start": {
          "line": 10,
          "column": 0
        },
        "end": {
          "line": 10,
          "column": 6
        }
      }
    },
    {
      "type": {
        "label": "class",
        "keyword": "class",
        "beforeExpr": false,
        "startsExpr": false,
        "rightAssociative": false,
        "isLoop": false,
        "isAssign": false,
        "prefix": false,
        "postfix": false,
        "binop": null,
        "updateContext": null
      },
      "value": "class",
      "start": 218,
      "end": 223,
      "loc": {
        "start": {
          "line": 10,
          "column": 7
        },
        "end": {
          "line": 10,
          "column": 12
        }
      }
    },
    {
      "type": {
        "label": "name",
        "beforeExpr": false,
        "startsExpr": true,
        "rightAssociative": false,
        "isLoop": false,
        "isAssign": false,
        "prefix": false,
        "postfix": false,
        "binop": null
      },
      "value": "CopyMaterial",
      "start": 224,
      "end": 236,
      "loc": {
        "start": {
          "line": 10,
          "column": 13
        },
        "end": {
          "line": 10,
          "column": 25
        }
      }
    },
    {
      "type": {
        "label": "extends",
        "keyword": "extends",
        "beforeExpr": true,
        "startsExpr": false,
        "rightAssociative": false,
        "isLoop": false,
        "isAssign": false,
        "prefix": false,
        "postfix": false,
        "binop": null,
        "updateContext": null
      },
      "value": "extends",
      "start": 237,
      "end": 244,
      "loc": {
        "start": {
          "line": 10,
          "column": 26
        },
        "end": {
          "line": 10,
          "column": 33
        }
      }
    },
    {
      "type": {
        "label": "name",
        "beforeExpr": false,
        "startsExpr": true,
        "rightAssociative": false,
        "isLoop": false,
        "isAssign": false,
        "prefix": false,
        "postfix": false,
        "binop": null
      },
      "value": "ShaderMaterial",
      "start": 245,
      "end": 259,
      "loc": {
        "start": {
          "line": 10,
          "column": 34
        },
        "end": {
          "line": 10,
          "column": 48
        }
      }
    },
    {
      "type": {
        "label": "{",
        "beforeExpr": true,
        "startsExpr": true,
        "rightAssociative": false,
        "isLoop": false,
        "isAssign": false,
        "prefix": false,
        "postfix": false,
        "binop": null
      },
      "start": 260,
      "end": 261,
      "loc": {
        "start": {
          "line": 10,
          "column": 49
        },
        "end": {
          "line": 10,
          "column": 50
        }
      }
    },
    {
      "type": "CommentBlock",
      "value": "*\r\n\t * Constructs a new copy material.\r\n\t ",
      "start": 266,
      "end": 312,
      "loc": {
        "start": {
          "line": 12,
          "column": 1
        },
        "end": {
          "line": 14,
          "column": 4
        }
      }
    },
    {
      "type": {
        "label": "name",
        "beforeExpr": false,
        "startsExpr": true,
        "rightAssociative": false,
        "isLoop": false,
        "isAssign": false,
        "prefix": false,
        "postfix": false,
        "binop": null
      },
      "value": "constructor",
      "start": 317,
      "end": 328,
      "loc": {
        "start": {
          "line": 16,
          "column": 1
        },
        "end": {
          "line": 16,
          "column": 12
        }
      }
    },
    {
      "type": {
        "label": "(",
        "beforeExpr": true,
        "startsExpr": true,
        "rightAssociative": false,
        "isLoop": false,
        "isAssign": false,
        "prefix": false,
        "postfix": false,
        "binop": null
      },
      "start": 328,
      "end": 329,
      "loc": {
        "start": {
          "line": 16,
          "column": 12
        },
        "end": {
          "line": 16,
          "column": 13
        }
      }
    },
    {
      "type": {
        "label": ")",
        "beforeExpr": false,
        "startsExpr": false,
        "rightAssociative": false,
        "isLoop": false,
        "isAssign": false,
        "prefix": false,
        "postfix": false,
        "binop": null
      },
      "start": 329,
      "end": 330,
      "loc": {
        "start": {
          "line": 16,
          "column": 13
        },
        "end": {
          "line": 16,
          "column": 14
        }
      }
    },
    {
      "type": {
        "label": "{",
        "beforeExpr": true,
        "startsExpr": true,
        "rightAssociative": false,
        "isLoop": false,
        "isAssign": false,
        "prefix": false,
        "postfix": false,
        "binop": null
      },
      "start": 331,
      "end": 332,
      "loc": {
        "start": {
          "line": 16,
          "column": 15
        },
        "end": {
          "line": 16,
          "column": 16
        }
      }
    },
    {
      "type": {
        "label": "super",
        "keyword": "super",
        "beforeExpr": false,
        "startsExpr": true,
        "rightAssociative": false,
        "isLoop": false,
        "isAssign": false,
        "prefix": false,
        "postfix": false,
        "binop": null,
        "updateContext": null
      },
      "value": "super",
      "start": 338,
      "end": 343,
      "loc": {
        "start": {
          "line": 18,
          "column": 2
        },
        "end": {
          "line": 18,
          "column": 7
        }
      }
    },
    {
      "type": {
        "label": "(",
        "beforeExpr": true,
        "startsExpr": true,
        "rightAssociative": false,
        "isLoop": false,
        "isAssign": false,
        "prefix": false,
        "postfix": false,
        "binop": null
      },
      "start": 343,
      "end": 344,
      "loc": {
        "start": {
          "line": 18,
          "column": 7
        },
        "end": {
          "line": 18,
          "column": 8
        }
      }
    },
    {
      "type": {
        "label": "{",
        "beforeExpr": true,
        "startsExpr": true,
        "rightAssociative": false,
        "isLoop": false,
        "isAssign": false,
        "prefix": false,
        "postfix": false,
        "binop": null
      },
      "start": 344,
      "end": 345,
      "loc": {
        "start": {
          "line": 18,
          "column": 8
        },
        "end": {
          "line": 18,
          "column": 9
        }
      }
    },
    {
      "type": {
        "label": "name",
        "beforeExpr": false,
        "startsExpr": true,
        "rightAssociative": false,
        "isLoop": false,
        "isAssign": false,
        "prefix": false,
        "postfix": false,
        "binop": null
      },
      "value": "type",
      "start": 352,
      "end": 356,
      "loc": {
        "start": {
          "line": 20,
          "column": 3
        },
        "end": {
          "line": 20,
          "column": 7
        }
      }
    },
    {
      "type": {
        "label": ":",
        "beforeExpr": true,
        "startsExpr": false,
        "rightAssociative": false,
        "isLoop": false,
        "isAssign": false,
        "prefix": false,
        "postfix": false,
        "binop": null,
        "updateContext": null
      },
      "start": 356,
      "end": 357,
      "loc": {
        "start": {
          "line": 20,
          "column": 7
        },
        "end": {
          "line": 20,
          "column": 8
        }
      }
    },
    {
      "type": {
        "label": "string",
        "beforeExpr": false,
        "startsExpr": true,
        "rightAssociative": false,
        "isLoop": false,
        "isAssign": false,
        "prefix": false,
        "postfix": false,
        "binop": null,
        "updateContext": null
      },
      "value": "CopyMaterial",
      "start": 358,
      "end": 372,
      "loc": {
        "start": {
          "line": 20,
          "column": 9
        },
        "end": {
          "line": 20,
          "column": 23
        }
      }
    },
    {
      "type": {
        "label": ",",
        "beforeExpr": true,
        "startsExpr": false,
        "rightAssociative": false,
        "isLoop": false,
        "isAssign": false,
        "prefix": false,
        "postfix": false,
        "binop": null,
        "updateContext": null
      },
      "start": 372,
      "end": 373,
      "loc": {
        "start": {
          "line": 20,
          "column": 23
        },
        "end": {
          "line": 20,
          "column": 24
        }
      }
    },
    {
      "type": {
        "label": "name",
        "beforeExpr": false,
        "startsExpr": true,
        "rightAssociative": false,
        "isLoop": false,
        "isAssign": false,
        "prefix": false,
        "postfix": false,
        "binop": null
      },
      "value": "uniforms",
      "start": 380,
      "end": 388,
      "loc": {
        "start": {
          "line": 22,
          "column": 3
        },
        "end": {
          "line": 22,
          "column": 11
        }
      }
    },
    {
      "type": {
        "label": ":",
        "beforeExpr": true,
        "startsExpr": false,
        "rightAssociative": false,
        "isLoop": false,
        "isAssign": false,
        "prefix": false,
        "postfix": false,
        "binop": null,
        "updateContext": null
      },
      "start": 388,
      "end": 389,
      "loc": {
        "start": {
          "line": 22,
          "column": 11
        },
        "end": {
          "line": 22,
          "column": 12
        }
      }
    },
    {
      "type": {
        "label": "{",
        "beforeExpr": true,
        "startsExpr": true,
        "rightAssociative": false,
        "isLoop": false,
        "isAssign": false,
        "prefix": false,
        "postfix": false,
        "binop": null
      },
      "start": 390,
      "end": 391,
      "loc": {
        "start": {
          "line": 22,
          "column": 13
        },
        "end": {
          "line": 22,
          "column": 14
        }
      }
    },
    {
      "type": {
        "label": "name",
        "beforeExpr": false,
        "startsExpr": true,
        "rightAssociative": false,
        "isLoop": false,
        "isAssign": false,
        "prefix": false,
        "postfix": false,
        "binop": null
      },
      "value": "inputBuffer",
      "start": 399,
      "end": 410,
      "loc": {
        "start": {
          "line": 24,
          "column": 4
        },
        "end": {
          "line": 24,
          "column": 15
        }
      }
    },
    {
      "type": {
        "label": ":",
        "beforeExpr": true,
        "startsExpr": false,
        "rightAssociative": false,
        "isLoop": false,
        "isAssign": false,
        "prefix": false,
        "postfix": false,
        "binop": null,
        "updateContext": null
      },
      "start": 410,
      "end": 411,
      "loc": {
        "start": {
          "line": 24,
          "column": 15
        },
        "end": {
          "line": 24,
          "column": 16
        }
      }
    },
    {
      "type": {
        "label": "new",
        "keyword": "new",
        "beforeExpr": true,
        "startsExpr": true,
        "rightAssociative": false,
        "isLoop": false,
        "isAssign": false,
        "prefix": false,
        "postfix": false,
        "binop": null,
        "updateContext": null
      },
      "value": "new",
      "start": 412,
      "end": 415,
      "loc": {
        "start": {
          "line": 24,
          "column": 17
        },
        "end": {
          "line": 24,
          "column": 20
        }
      }
    },
    {
      "type": {
        "label": "name",
        "beforeExpr": false,
        "startsExpr": true,
        "rightAssociative": false,
        "isLoop": false,
        "isAssign": false,
        "prefix": false,
        "postfix": false,
        "binop": null
      },
      "value": "Uniform",
      "start": 416,
      "end": 423,
      "loc": {
        "start": {
          "line": 24,
          "column": 21
        },
        "end": {
          "line": 24,
          "column": 28
        }
      }
    },
    {
      "type": {
        "label": "(",
        "beforeExpr": true,
        "startsExpr": true,
        "rightAssociative": false,
        "isLoop": false,
        "isAssign": false,
        "prefix": false,
        "postfix": false,
        "binop": null
      },
      "start": 423,
      "end": 424,
      "loc": {
        "start": {
          "line": 24,
          "column": 28
        },
        "end": {
          "line": 24,
          "column": 29
        }
      }
    },
    {
      "type": {
        "label": "null",
        "keyword": "null",
        "beforeExpr": false,
        "startsExpr": true,
        "rightAssociative": false,
        "isLoop": false,
        "isAssign": false,
        "prefix": false,
        "postfix": false,
        "binop": null,
        "updateContext": null
      },
      "value": "null",
      "start": 424,
      "end": 428,
      "loc": {
        "start": {
          "line": 24,
          "column": 29
        },
        "end": {
          "line": 24,
          "column": 33
        }
      }
    },
    {
      "type": {
        "label": ")",
        "beforeExpr": false,
        "startsExpr": false,
        "rightAssociative": false,
        "isLoop": false,
        "isAssign": false,
        "prefix": false,
        "postfix": false,
        "binop": null
      },
      "start": 428,
      "end": 429,
      "loc": {
        "start": {
          "line": 24,
          "column": 33
        },
        "end": {
          "line": 24,
          "column": 34
        }
      }
    },
    {
      "type": {
        "label": ",",
        "beforeExpr": true,
        "startsExpr": false,
        "rightAssociative": false,
        "isLoop": false,
        "isAssign": false,
        "prefix": false,
        "postfix": false,
        "binop": null,
        "updateContext": null
      },
      "start": 429,
      "end": 430,
      "loc": {
        "start": {
          "line": 24,
          "column": 34
        },
        "end": {
          "line": 24,
          "column": 35
        }
      }
    },
    {
      "type": {
        "label": "name",
        "beforeExpr": false,
        "startsExpr": true,
        "rightAssociative": false,
        "isLoop": false,
        "isAssign": false,
        "prefix": false,
        "postfix": false,
        "binop": null
      },
      "value": "opacity",
      "start": 436,
      "end": 443,
      "loc": {
        "start": {
          "line": 25,
          "column": 4
        },
        "end": {
          "line": 25,
          "column": 11
        }
      }
    },
    {
      "type": {
        "label": ":",
        "beforeExpr": true,
        "startsExpr": false,
        "rightAssociative": false,
        "isLoop": false,
        "isAssign": false,
        "prefix": false,
        "postfix": false,
        "binop": null,
        "updateContext": null
      },
      "start": 443,
      "end": 444,
      "loc": {
        "start": {
          "line": 25,
          "column": 11
        },
        "end": {
          "line": 25,
          "column": 12
        }
      }
    },
    {
      "type": {
        "label": "new",
        "keyword": "new",
        "beforeExpr": true,
        "startsExpr": true,
        "rightAssociative": false,
        "isLoop": false,
        "isAssign": false,
        "prefix": false,
        "postfix": false,
        "binop": null,
        "updateContext": null
      },
      "value": "new",
      "start": 445,
      "end": 448,
      "loc": {
        "start": {
          "line": 25,
          "column": 13
        },
        "end": {
          "line": 25,
          "column": 16
        }
      }
    },
    {
      "type": {
        "label": "name",
        "beforeExpr": false,
        "startsExpr": true,
        "rightAssociative": false,
        "isLoop": false,
        "isAssign": false,
        "prefix": false,
        "postfix": false,
        "binop": null
      },
      "value": "Uniform",
      "start": 449,
      "end": 456,
      "loc": {
        "start": {
          "line": 25,
          "column": 17
        },
        "end": {
          "line": 25,
          "column": 24
        }
      }
    },
    {
      "type": {
        "label": "(",
        "beforeExpr": true,
        "startsExpr": true,
        "rightAssociative": false,
        "isLoop": false,
        "isAssign": false,
        "prefix": false,
        "postfix": false,
        "binop": null
      },
      "start": 456,
      "end": 457,
      "loc": {
        "start": {
          "line": 25,
          "column": 24
        },
        "end": {
          "line": 25,
          "column": 25
        }
      }
    },
    {
      "type": {
        "label": "num",
        "beforeExpr": false,
        "startsExpr": true,
        "rightAssociative": false,
        "isLoop": false,
        "isAssign": false,
        "prefix": false,
        "postfix": false,
        "binop": null,
        "updateContext": null
      },
      "value": 1,
      "start": 457,
      "end": 460,
      "loc": {
        "start": {
          "line": 25,
          "column": 25
        },
        "end": {
          "line": 25,
          "column": 28
        }
      }
    },
    {
      "type": {
        "label": ")",
        "beforeExpr": false,
        "startsExpr": false,
        "rightAssociative": false,
        "isLoop": false,
        "isAssign": false,
        "prefix": false,
        "postfix": false,
        "binop": null
      },
      "start": 460,
      "end": 461,
      "loc": {
        "start": {
          "line": 25,
          "column": 28
        },
        "end": {
          "line": 25,
          "column": 29
        }
      }
    },
    {
      "type": {
        "label": "}",
        "beforeExpr": false,
        "startsExpr": false,
        "rightAssociative": false,
        "isLoop": false,
        "isAssign": false,
        "prefix": false,
        "postfix": false,
        "binop": null
      },
      "start": 468,
      "end": 469,
      "loc": {
        "start": {
          "line": 27,
          "column": 3
        },
        "end": {
          "line": 27,
          "column": 4
        }
      }
    },
    {
      "type": {
        "label": ",",
        "beforeExpr": true,
        "startsExpr": false,
        "rightAssociative": false,
        "isLoop": false,
        "isAssign": false,
        "prefix": false,
        "postfix": false,
        "binop": null,
        "updateContext": null
      },
      "start": 469,
      "end": 470,
      "loc": {
        "start": {
          "line": 27,
          "column": 4
        },
        "end": {
          "line": 27,
          "column": 5
        }
      }
    },
    {
      "type": {
        "label": "name",
        "beforeExpr": false,
        "startsExpr": true,
        "rightAssociative": false,
        "isLoop": false,
        "isAssign": false,
        "prefix": false,
        "postfix": false,
        "binop": null
      },
      "value": "fragmentShader",
      "start": 477,
      "end": 491,
      "loc": {
        "start": {
          "line": 29,
          "column": 3
        },
        "end": {
          "line": 29,
          "column": 17
        }
      }
    },
    {
      "type": {
        "label": ",",
        "beforeExpr": true,
        "startsExpr": false,
        "rightAssociative": false,
        "isLoop": false,
        "isAssign": false,
        "prefix": false,
        "postfix": false,
        "binop": null,
        "updateContext": null
      },
      "start": 491,
      "end": 492,
      "loc": {
        "start": {
          "line": 29,
          "column": 17
        },
        "end": {
          "line": 29,
          "column": 18
        }
      }
    },
    {
      "type": {
        "label": "name",
        "beforeExpr": false,
        "startsExpr": true,
        "rightAssociative": false,
        "isLoop": false,
        "isAssign": false,
        "prefix": false,
        "postfix": false,
        "binop": null
      },
      "value": "vertexShader",
      "start": 497,
      "end": 509,
      "loc": {
        "start": {
          "line": 30,
          "column": 3
        },
        "end": {
          "line": 30,
          "column": 15
        }
      }
    },
    {
      "type": {
        "label": ",",
        "beforeExpr": true,
        "startsExpr": false,
        "rightAssociative": false,
        "isLoop": false,
        "isAssign": false,
        "prefix": false,
        "postfix": false,
        "binop": null,
        "updateContext": null
      },
      "start": 509,
      "end": 510,
      "loc": {
        "start": {
          "line": 30,
          "column": 15
        },
        "end": {
          "line": 30,
          "column": 16
        }
      }
    },
    {
      "type": {
        "label": "name",
        "beforeExpr": false,
        "startsExpr": true,
        "rightAssociative": false,
        "isLoop": false,
        "isAssign": false,
        "prefix": false,
        "postfix": false,
        "binop": null
      },
      "value": "depthWrite",
      "start": 517,
      "end": 527,
      "loc": {
        "start": {
          "line": 32,
          "column": 3
        },
        "end": {
          "line": 32,
          "column": 13
        }
      }
    },
    {
      "type": {
        "label": ":",
        "beforeExpr": true,
        "startsExpr": false,
        "rightAssociative": false,
        "isLoop": false,
        "isAssign": false,
        "prefix": false,
        "postfix": false,
        "binop": null,
        "updateContext": null
      },
      "start": 527,
      "end": 528,
      "loc": {
        "start": {
          "line": 32,
          "column": 13
        },
        "end": {
          "line": 32,
          "column": 14
        }
      }
    },
    {
      "type": {
        "label": "false",
        "keyword": "false",
        "beforeExpr": false,
        "startsExpr": true,
        "rightAssociative": false,
        "isLoop": false,
        "isAssign": false,
        "prefix": false,
        "postfix": false,
        "binop": null,
        "updateContext": null
      },
      "value": "false",
      "start": 529,
      "end": 534,
      "loc": {
        "start": {
          "line": 32,
          "column": 15
        },
        "end": {
          "line": 32,
          "column": 20
        }
      }
    },
    {
      "type": {
        "label": ",",
        "beforeExpr": true,
        "startsExpr": false,
        "rightAssociative": false,
        "isLoop": false,
        "isAssign": false,
        "prefix": false,
        "postfix": false,
        "binop": null,
        "updateContext": null
      },
      "start": 534,
      "end": 535,
      "loc": {
        "start": {
          "line": 32,
          "column": 20
        },
        "end": {
          "line": 32,
          "column": 21
        }
      }
    },
    {
      "type": {
        "label": "name",
        "beforeExpr": false,
        "startsExpr": true,
        "rightAssociative": false,
        "isLoop": false,
        "isAssign": false,
        "prefix": false,
        "postfix": false,
        "binop": null
      },
      "value": "depthTest",
      "start": 540,
      "end": 549,
      "loc": {
        "start": {
          "line": 33,
          "column": 3
        },
        "end": {
          "line": 33,
          "column": 12
        }
      }
    },
    {
      "type": {
        "label": ":",
        "beforeExpr": true,
        "startsExpr": false,
        "rightAssociative": false,
        "isLoop": false,
        "isAssign": false,
        "prefix": false,
        "postfix": false,
        "binop": null,
        "updateContext": null
      },
      "start": 549,
      "end": 550,
      "loc": {
        "start": {
          "line": 33,
          "column": 12
        },
        "end": {
          "line": 33,
          "column": 13
        }
      }
    },
    {
      "type": {
        "label": "false",
        "keyword": "false",
        "beforeExpr": false,
        "startsExpr": true,
        "rightAssociative": false,
        "isLoop": false,
        "isAssign": false,
        "prefix": false,
        "postfix": false,
        "binop": null,
        "updateContext": null
      },
      "value": "false",
      "start": 551,
      "end": 556,
      "loc": {
        "start": {
          "line": 33,
          "column": 14
        },
        "end": {
          "line": 33,
          "column": 19
        }
      }
    },
    {
      "type": {
        "label": "}",
        "beforeExpr": false,
        "startsExpr": false,
        "rightAssociative": false,
        "isLoop": false,
        "isAssign": false,
        "prefix": false,
        "postfix": false,
        "binop": null
      },
      "start": 562,
      "end": 563,
      "loc": {
        "start": {
          "line": 35,
          "column": 2
        },
        "end": {
          "line": 35,
          "column": 3
        }
      }
    },
    {
      "type": {
        "label": ")",
        "beforeExpr": false,
        "startsExpr": false,
        "rightAssociative": false,
        "isLoop": false,
        "isAssign": false,
        "prefix": false,
        "postfix": false,
        "binop": null
      },
      "start": 563,
      "end": 564,
      "loc": {
        "start": {
          "line": 35,
          "column": 3
        },
        "end": {
          "line": 35,
          "column": 4
        }
      }
    },
    {
      "type": {
        "label": ";",
        "beforeExpr": true,
        "startsExpr": false,
        "rightAssociative": false,
        "isLoop": false,
        "isAssign": false,
        "prefix": false,
        "postfix": false,
        "binop": null,
        "updateContext": null
      },
      "start": 564,
      "end": 565,
      "loc": {
        "start": {
          "line": 35,
          "column": 4
        },
        "end": {
          "line": 35,
          "column": 5
        }
      }
    },
    {
      "type": {
        "label": "}",
        "beforeExpr": false,
        "startsExpr": false,
        "rightAssociative": false,
        "isLoop": false,
        "isAssign": false,
        "prefix": false,
        "postfix": false,
        "binop": null
      },
      "start": 570,
      "end": 571,
      "loc": {
        "start": {
          "line": 37,
          "column": 1
        },
        "end": {
          "line": 37,
          "column": 2
        }
      }
    },
    {
      "type": {
        "label": "}",
        "beforeExpr": false,
        "startsExpr": false,
        "rightAssociative": false,
        "isLoop": false,
        "isAssign": false,
        "prefix": false,
        "postfix": false,
        "binop": null
      },
      "start": 575,
      "end": 576,
      "loc": {
        "start": {
          "line": 39,
          "column": 0
        },
        "end": {
          "line": 39,
          "column": 1
        }
      }
    },
    {
      "type": {
        "label": "eof",
        "beforeExpr": false,
        "startsExpr": false,
        "rightAssociative": false,
        "isLoop": false,
        "isAssign": false,
        "prefix": false,
        "postfix": false,
        "binop": null,
        "updateContext": null
      },
      "start": 578,
      "end": 578,
      "loc": {
        "start": {
          "line": 40,
          "column": 0
        },
        "end": {
          "line": 40,
          "column": 0
        }
      }
    }
  ]
}