{
  "type": "File",
  "start": 0,
  "end": 716,
  "loc": {
    "start": {
      "line": 1,
      "column": 0
    },
    "end": {
      "line": 12,
      "column": 0
    }
  },
  "program": {
    "type": "Program",
    "start": 0,
    "end": 716,
    "loc": {
      "start": {
        "line": 1,
        "column": 0
      },
      "end": {
        "line": 12,
        "column": 0
      }
    },
    "sourceType": "module",
    "body": [
      {
        "type": "ExportNamedDeclaration",
        "start": 0,
        "end": 75,
        "loc": {
          "start": {
            "line": 1,
            "column": 0
          },
          "end": {
            "line": 1,
            "column": 75
          }
        },
        "declaration": null,
        "specifiers": [
          {
            "type": "ExportSpecifier",
            "start": 9,
            "end": 34,
            "loc": {
              "start": {
                "line": 1,
                "column": 9
              },
              "end": {
                "line": 1,
                "column": 34
              }
            },
            "local": {
              "type": "Identifier",
              "start": 9,
              "end": 34,
              "loc": {
                "start": {
                  "line": 1,
                  "column": 9
                },
                "end": {
                  "line": 1,
                  "column": 34
                },
                "identifierName": "AdaptiveLuminanceMaterial"
              },
              "name": "AdaptiveLuminanceMaterial"
            },
            "exported": {
              "type": "Identifier",
              "start": 9,
              "end": 34,
              "loc": {
                "start": {
                  "line": 1,
                  "column": 9
                },
                "end": {
                  "line": 1,
                  "column": 34
                },
                "identifierName": "AdaptiveLuminanceMaterial"
              },
              "name": "AdaptiveLuminanceMaterial"
            }
          }
        ],
        "source": {
          "type": "StringLiteral",
          "start": 42,
          "end": 74,
          "loc": {
            "start": {
              "line": 1,
              "column": 42
            },
            "end": {
              "line": 1,
              "column": 74
            }
          },
          "extra": {
            "rawValue": "./AdaptiveLuminanceMaterial.js",
            "raw": "\"./AdaptiveLuminanceMaterial.js\""
          },
          "value": "./AdaptiveLuminanceMaterial.js"
        }
      },
      {
        "type": "ExportNamedDeclaration",
        "start": 77,
        "end": 138,
        "loc": {
          "start": {
            "line": 2,
            "column": 0
          },
          "end": {
            "line": 2,
            "column": 61
          }
        },
        "declaration": null,
        "specifiers": [
          {
            "type": "ExportSpecifier",
            "start": 86,
            "end": 104,
            "loc": {
              "start": {
                "line": 2,
                "column": 9
              },
              "end": {
                "line": 2,
                "column": 27
              }
            },
            "local": {
              "type": "Identifier",
              "start": 86,
              "end": 104,
              "loc": {
                "start": {
                  "line": 2,
                  "column": 9
                },
                "end": {
                  "line": 2,
                  "column": 27
                },
                "identifierName": "ColorEdgesMaterial"
              },
              "name": "ColorEdgesMaterial"
            },
            "exported": {
              "type": "Identifier",
              "start": 86,
              "end": 104,
              "loc": {
                "start": {
                  "line": 2,
                  "column": 9
                },
                "end": {
                  "line": 2,
                  "column": 27
                },
                "identifierName": "ColorEdgesMaterial"
              },
              "name": "ColorEdgesMaterial"
            }
          }
        ],
        "source": {
          "type": "StringLiteral",
          "start": 112,
          "end": 137,
          "loc": {
            "start": {
              "line": 2,
              "column": 35
            },
            "end": {
              "line": 2,
              "column": 60
            }
          },
          "extra": {
            "rawValue": "./ColorEdgesMaterial.js",
            "raw": "\"./ColorEdgesMaterial.js\""
          },
          "value": "./ColorEdgesMaterial.js"
        }
      },
      {
        "type": "ExportNamedDeclaration",
        "start": 140,
        "end": 215,
        "loc": {
          "start": {
            "line": 3,
            "column": 0
          },
          "end": {
            "line": 3,
            "column": 75
          }
        },
        "declaration": null,
        "specifiers": [
          {
            "type": "ExportSpecifier",
            "start": 149,
            "end": 168,
            "loc": {
              "start": {
                "line": 3,
                "column": 9
              },
              "end": {
                "line": 3,
                "column": 28
              }
            },
            "local": {
              "type": "Identifier",
              "start": 149,
              "end": 168,
              "loc": {
                "start": {
                  "line": 3,
                  "column": 9
                },
                "end": {
                  "line": 3,
                  "column": 28
                },
                "identifierName": "ConvolutionMaterial"
              },
              "name": "ConvolutionMaterial"
            },
            "exported": {
              "type": "Identifier",
              "start": 149,
              "end": 168,
              "loc": {
                "start": {
                  "line": 3,
                  "column": 9
                },
                "end": {
                  "line": 3,
                  "column": 28
                },
                "identifierName": "ConvolutionMaterial"
              },
              "name": "ConvolutionMaterial"
            }
          },
          {
            "type": "ExportSpecifier",
            "start": 170,
            "end": 180,
            "loc": {
              "start": {
                "line": 3,
                "column": 30
              },
              "end": {
                "line": 3,
                "column": 40
              }
            },
            "local": {
              "type": "Identifier",
              "start": 170,
              "end": 180,
              "loc": {
                "start": {
                  "line": 3,
                  "column": 30
                },
                "end": {
                  "line": 3,
                  "column": 40
                },
                "identifierName": "KernelSize"
              },
              "name": "KernelSize"
            },
            "exported": {
              "type": "Identifier",
              "start": 170,
              "end": 180,
              "loc": {
                "start": {
                  "line": 3,
                  "column": 30
                },
                "end": {
                  "line": 3,
                  "column": 40
                },
                "identifierName": "KernelSize"
              },
              "name": "KernelSize"
            }
          }
        ],
        "source": {
          "type": "StringLiteral",
          "start": 188,
          "end": 214,
          "loc": {
            "start": {
              "line": 3,
              "column": 48
            },
            "end": {
              "line": 3,
              "column": 74
            }
          },
          "extra": {
            "rawValue": "./ConvolutionMaterial.js",
            "raw": "\"./ConvolutionMaterial.js\""
          },
          "value": "./ConvolutionMaterial.js"
        }
      },
      {
        "type": "ExportNamedDeclaration",
        "start": 217,
        "end": 266,
        "loc": {
          "start": {
            "line": 4,
            "column": 0
          },
          "end": {
            "line": 4,
            "column": 49
          }
        },
        "declaration": null,
        "specifiers": [
          {
            "type": "ExportSpecifier",
            "start": 226,
            "end": 238,
            "loc": {
              "start": {
                "line": 4,
                "column": 9
              },
              "end": {
                "line": 4,
                "column": 21
              }
            },
            "local": {
              "type": "Identifier",
              "start": 226,
              "end": 238,
              "loc": {
                "start": {
                  "line": 4,
                  "column": 9
                },
                "end": {
                  "line": 4,
                  "column": 21
                },
                "identifierName": "CopyMaterial"
              },
              "name": "CopyMaterial"
            },
            "exported": {
              "type": "Identifier",
              "start": 226,
              "end": 238,
              "loc": {
                "start": {
                  "line": 4,
                  "column": 9
                },
                "end": {
                  "line": 4,
                  "column": 21
                },
                "identifierName": "CopyMaterial"
              },
              "name": "CopyMaterial"
            }
          }
        ],
        "source": {
          "type": "StringLiteral",
          "start": 246,
          "end": 265,
          "loc": {
            "start": {
              "line": 4,
              "column": 29
            },
            "end": {
              "line": 4,
              "column": 48
            }
          },
          "extra": {
            "rawValue": "./CopyMaterial.js",
            "raw": "\"./CopyMaterial.js\""
          },
          "value": "./CopyMaterial.js"
        }
      },
      {
        "type": "ExportNamedDeclaration",
        "start": 268,
        "end": 339,
        "loc": {
          "start": {
            "line": 5,
            "column": 0
          },
          "end": {
            "line": 5,
            "column": 71
          }
        },
        "declaration": null,
        "specifiers": [
          {
            "type": "ExportSpecifier",
            "start": 277,
            "end": 300,
            "loc": {
              "start": {
                "line": 5,
                "column": 9
              },
              "end": {
                "line": 5,
                "column": 32
              }
            },
            "local": {
              "type": "Identifier",
              "start": 277,
              "end": 300,
              "loc": {
                "start": {
                  "line": 5,
                  "column": 9
                },
                "end": {
                  "line": 5,
                  "column": 32
                },
                "identifierName": "DepthComparisonMaterial"
              },
              "name": "DepthComparisonMaterial"
            },
            "exported": {
              "type": "Identifier",
              "start": 277,
              "end": 300,
              "loc": {
                "start": {
                  "line": 5,
                  "column": 9
                },
                "end": {
                  "line": 5,
                  "column": 32
                },
                "identifierName": "DepthComparisonMaterial"
              },
              "name": "DepthComparisonMaterial"
            }
          }
        ],
        "source": {
          "type": "StringLiteral",
          "start": 308,
          "end": 338,
          "loc": {
            "start": {
              "line": 5,
              "column": 40
            },
            "end": {
              "line": 5,
              "column": 70
            }
          },
          "extra": {
            "rawValue": "./DepthComparisonMaterial.js",
            "raw": "\"./DepthComparisonMaterial.js\""
          },
          "value": "./DepthComparisonMaterial.js"
        }
      },
      {
        "type": "ExportNamedDeclaration",
        "start": 341,
        "end": 400,
        "loc": {
          "start": {
            "line": 6,
            "column": 0
          },
          "end": {
            "line": 6,
            "column": 59
          }
        },
        "declaration": null,
        "specifiers": [
          {
            "type": "ExportSpecifier",
            "start": 350,
            "end": 367,
            "loc": {
              "start": {
                "line": 6,
                "column": 9
              },
              "end": {
                "line": 6,
                "column": 26
              }
            },
            "local": {
              "type": "Identifier",
              "start": 350,
              "end": 367,
              "loc": {
                "start": {
                  "line": 6,
                  "column": 9
                },
                "end": {
                  "line": 6,
                  "column": 26
                },
                "identifierName": "DepthMaskMaterial"
              },
              "name": "DepthMaskMaterial"
            },
            "exported": {
              "type": "Identifier",
              "start": 350,
              "end": 367,
              "loc": {
                "start": {
                  "line": 6,
                  "column": 9
                },
                "end": {
                  "line": 6,
                  "column": 26
                },
                "identifierName": "DepthMaskMaterial"
              },
              "name": "DepthMaskMaterial"
            }
          }
        ],
        "source": {
          "type": "StringLiteral",
          "start": 375,
          "end": 399,
          "loc": {
            "start": {
              "line": 6,
              "column": 34
            },
            "end": {
              "line": 6,
              "column": 58
            }
          },
          "extra": {
            "rawValue": "./DepthMaskMaterial.js",
            "raw": "\"./DepthMaskMaterial.js\""
          },
          "value": "./DepthMaskMaterial.js"
        }
      },
      {
        "type": "ExportNamedDeclaration",
        "start": 402,
        "end": 464,
        "loc": {
          "start": {
            "line": 7,
            "column": 0
          },
          "end": {
            "line": 7,
            "column": 62
          }
        },
        "declaration": null,
        "specifiers": [
          {
            "type": "ExportSpecifier",
            "start": 411,
            "end": 425,
            "loc": {
              "start": {
                "line": 7,
                "column": 9
              },
              "end": {
                "line": 7,
                "column": 23
              }
            },
            "local": {
              "type": "Identifier",
              "start": 411,
              "end": 425,
              "loc": {
                "start": {
                  "line": 7,
                  "column": 9
                },
                "end": {
                  "line": 7,
                  "column": 23
                },
                "identifierName": "EffectMaterial"
              },
              "name": "EffectMaterial"
            },
            "exported": {
              "type": "Identifier",
              "start": 411,
              "end": 425,
              "loc": {
                "start": {
                  "line": 7,
                  "column": 9
                },
                "end": {
                  "line": 7,
                  "column": 23
                },
                "identifierName": "EffectMaterial"
              },
              "name": "EffectMaterial"
            }
          },
          {
            "type": "ExportSpecifier",
            "start": 427,
            "end": 434,
            "loc": {
              "start": {
                "line": 7,
                "column": 25
              },
              "end": {
                "line": 7,
                "column": 32
              }
            },
            "local": {
              "type": "Identifier",
              "start": 427,
              "end": 434,
              "loc": {
                "start": {
                  "line": 7,
                  "column": 25
                },
                "end": {
                  "line": 7,
                  "column": 32
                },
                "identifierName": "Section"
              },
              "name": "Section"
            },
            "exported": {
              "type": "Identifier",
              "start": 427,
              "end": 434,
              "loc": {
                "start": {
                  "line": 7,
                  "column": 25
                },
                "end": {
                  "line": 7,
                  "column": 32
                },
                "identifierName": "Section"
              },
              "name": "Section"
            }
          }
        ],
        "source": {
          "type": "StringLiteral",
          "start": 442,
          "end": 463,
          "loc": {
            "start": {
              "line": 7,
              "column": 40
            },
            "end": {
              "line": 7,
              "column": 61
            }
          },
          "extra": {
            "rawValue": "./EffectMaterial.js",
            "raw": "\"./EffectMaterial.js\""
          },
          "value": "./EffectMaterial.js"
        }
      },
      {
        "type": "ExportNamedDeclaration",
        "start": 466,
        "end": 521,
        "loc": {
          "start": {
            "line": 8,
            "column": 0
          },
          "end": {
            "line": 8,
            "column": 55
          }
        },
        "declaration": null,
        "specifiers": [
          {
            "type": "ExportSpecifier",
            "start": 475,
            "end": 490,
            "loc": {
              "start": {
                "line": 8,
                "column": 9
              },
              "end": {
                "line": 8,
                "column": 24
              }
            },
            "local": {
              "type": "Identifier",
              "start": 475,
              "end": 490,
              "loc": {
                "start": {
                  "line": 8,
                  "column": 9
                },
                "end": {
                  "line": 8,
                  "column": 24
                },
                "identifierName": "GodRaysMaterial"
              },
              "name": "GodRaysMaterial"
            },
            "exported": {
              "type": "Identifier",
              "start": 475,
              "end": 490,
              "loc": {
                "start": {
                  "line": 8,
                  "column": 9
                },
                "end": {
                  "line": 8,
                  "column": 24
                },
                "identifierName": "GodRaysMaterial"
              },
              "name": "GodRaysMaterial"
            }
          }
        ],
        "source": {
          "type": "StringLiteral",
          "start": 498,
          "end": 520,
          "loc": {
            "start": {
              "line": 8,
              "column": 32
            },
            "end": {
              "line": 8,
              "column": 54
            }
          },
          "extra": {
            "rawValue": "./GodRaysMaterial.js",
            "raw": "\"./GodRaysMaterial.js\""
          },
          "value": "./GodRaysMaterial.js"
        }
      },
      {
        "type": "ExportNamedDeclaration",
        "start": 523,
        "end": 582,
        "loc": {
          "start": {
            "line": 9,
            "column": 0
          },
          "end": {
            "line": 9,
            "column": 59
          }
        },
        "declaration": null,
        "specifiers": [
          {
            "type": "ExportSpecifier",
            "start": 532,
            "end": 549,
            "loc": {
              "start": {
                "line": 9,
                "column": 9
              },
              "end": {
                "line": 9,
                "column": 26
              }
            },
            "local": {
              "type": "Identifier",
              "start": 532,
              "end": 549,
              "loc": {
                "start": {
                  "line": 9,
                  "column": 9
                },
                "end": {
                  "line": 9,
                  "column": 26
                },
                "identifierName": "LuminanceMaterial"
              },
              "name": "LuminanceMaterial"
            },
            "exported": {
              "type": "Identifier",
              "start": 532,
              "end": 549,
              "loc": {
                "start": {
                  "line": 9,
                  "column": 9
                },
                "end": {
                  "line": 9,
                  "column": 26
                },
                "identifierName": "LuminanceMaterial"
              },
              "name": "LuminanceMaterial"
            }
          }
        ],
        "source": {
          "type": "StringLiteral",
          "start": 557,
          "end": 581,
          "loc": {
            "start": {
              "line": 9,
              "column": 34
            },
            "end": {
              "line": 9,
              "column": 58
            }
          },
          "extra": {
            "rawValue": "./LuminanceMaterial.js",
            "raw": "\"./LuminanceMaterial.js\""
          },
          "value": "./LuminanceMaterial.js"
        }
      },
      {
        "type": "ExportNamedDeclaration",
        "start": 584,
        "end": 649,
        "loc": {
          "start": {
            "line": 10,
            "column": 0
          },
          "end": {
            "line": 10,
            "column": 65
          }
        },
        "declaration": null,
        "specifiers": [
          {
            "type": "ExportSpecifier",
            "start": 593,
            "end": 613,
            "loc": {
              "start": {
                "line": 10,
                "column": 9
              },
              "end": {
                "line": 10,
                "column": 29
              }
            },
            "local": {
              "type": "Identifier",
              "start": 593,
              "end": 613,
              "loc": {
                "start": {
                  "line": 10,
                  "column": 9
                },
                "end": {
                  "line": 10,
                  "column": 29
                },
                "identifierName": "OutlineEdgesMaterial"
              },
              "name": "OutlineEdgesMaterial"
            },
            "exported": {
              "type": "Identifier",
              "start": 593,
              "end": 613,
              "loc": {
                "start": {
                  "line": 10,
                  "column": 9
                },
                "end": {
                  "line": 10,
                  "column": 29
                },
                "identifierName": "OutlineEdgesMaterial"
              },
              "name": "OutlineEdgesMaterial"
            }
          }
        ],
        "source": {
          "type": "StringLiteral",
          "start": 621,
          "end": 648,
          "loc": {
            "start": {
              "line": 10,
              "column": 37
            },
            "end": {
              "line": 10,
              "column": 64
            }
          },
          "extra": {
            "rawValue": "./OutlineEdgesMaterial.js",
            "raw": "\"./OutlineEdgesMaterial.js\""
          },
          "value": "./OutlineEdgesMaterial.js"
        }
      },
      {
        "type": "ExportNamedDeclaration",
        "start": 651,
        "end": 714,
        "loc": {
          "start": {
            "line": 11,
            "column": 0
          },
          "end": {
            "line": 11,
            "column": 63
          }
        },
        "declaration": null,
        "specifiers": [
          {
            "type": "ExportSpecifier",
            "start": 660,
            "end": 679,
            "loc": {
              "start": {
                "line": 11,
                "column": 9
              },
              "end": {
                "line": 11,
                "column": 28
              }
            },
            "local": {
              "type": "Identifier",
              "start": 660,
              "end": 679,
              "loc": {
                "start": {
                  "line": 11,
                  "column": 9
                },
                "end": {
                  "line": 11,
                  "column": 28
                },
                "identifierName": "SMAAWeightsMaterial"
              },
              "name": "SMAAWeightsMaterial"
            },
            "exported": {
              "type": "Identifier",
              "start": 660,
              "end": 679,
              "loc": {
                "start": {
                  "line": 11,
                  "column": 9
                },
                "end": {
                  "line": 11,
                  "column": 28
                },
                "identifierName": "SMAAWeightsMaterial"
              },
              "name": "SMAAWeightsMaterial"
            }
          }
        ],
        "source": {
          "type": "StringLiteral",
          "start": 687,
          "end": 713,
          "loc": {
            "start": {
              "line": 11,
              "column": 36
            },
            "end": {
              "line": 11,
              "column": 62
            }
          },
          "extra": {
            "rawValue": "./SMAAWeightsMaterial.js",
            "raw": "\"./SMAAWeightsMaterial.js\""
          },
          "value": "./SMAAWeightsMaterial.js"
        }
      }
    ],
    "directives": []
  },
  "comments": [],
  "tokens": [
    {
      "type": {
        "label": "export",
        "keyword": "export",
        "beforeExpr": false,
        "startsExpr": false,
        "rightAssociative": false,
        "isLoop": false,
        "isAssign": false,
        "prefix": false,
        "postfix": false,
        "binop": null,
        "updateContext": null
      },
      "value": "export",
      "start": 0,
      "end": 6,
      "loc": {
        "start": {
          "line": 1,
          "column": 0
        },
        "end": {
          "line": 1,
          "column": 6
        }
      }
    },
    {
      "type": {
        "label": "{",
        "beforeExpr": true,
        "startsExpr": true,
        "rightAssociative": false,
        "isLoop": false,
        "isAssign": false,
        "prefix": false,
        "postfix": false,
        "binop": null
      },
      "start": 7,
      "end": 8,
      "loc": {
        "start": {
          "line": 1,
          "column": 7
        },
        "end": {
          "line": 1,
          "column": 8
        }
      }
    },
    {
      "type": {
        "label": "name",
        "beforeExpr": false,
        "startsExpr": true,
        "rightAssociative": false,
        "isLoop": false,
        "isAssign": false,
        "prefix": false,
        "postfix": false,
        "binop": null
      },
      "value": "AdaptiveLuminanceMaterial",
      "start": 9,
      "end": 34,
      "loc": {
        "start": {
          "line": 1,
          "column": 9
        },
        "end": {
          "line": 1,
          "column": 34
        }
      }
    },
    {
      "type": {
        "label": "}",
        "beforeExpr": false,
        "startsExpr": false,
        "rightAssociative": false,
        "isLoop": false,
        "isAssign": false,
        "prefix": false,
        "postfix": false,
        "binop": null
      },
      "start": 35,
      "end": 36,
      "loc": {
        "start": {
          "line": 1,
          "column": 35
        },
        "end": {
          "line": 1,
          "column": 36
        }
      }
    },
    {
      "type": {
        "label": "name",
        "beforeExpr": false,
        "startsExpr": true,
        "rightAssociative": false,
        "isLoop": false,
        "isAssign": false,
        "prefix": false,
        "postfix": false,
        "binop": null
      },
      "value": "from",
      "start": 37,
      "end": 41,
      "loc": {
        "start": {
          "line": 1,
          "column": 37
        },
        "end": {
          "line": 1,
          "column": 41
        }
      }
    },
    {
      "type": {
        "label": "string",
        "beforeExpr": false,
        "startsExpr": true,
        "rightAssociative": false,
        "isLoop": false,
        "isAssign": false,
        "prefix": false,
        "postfix": false,
        "binop": null,
        "updateContext": null
      },
      "value": "./AdaptiveLuminanceMaterial.js",
      "start": 42,
      "end": 74,
      "loc": {
        "start": {
          "line": 1,
          "column": 42
        },
        "end": {
          "line": 1,
          "column": 74
        }
      }
    },
    {
      "type": {
        "label": ";",
        "beforeExpr": true,
        "startsExpr": false,
        "rightAssociative": false,
        "isLoop": false,
        "isAssign": false,
        "prefix": false,
        "postfix": false,
        "binop": null,
        "updateContext": null
      },
      "start": 74,
      "end": 75,
      "loc": {
        "start": {
          "line": 1,
          "column": 74
        },
        "end": {
          "line": 1,
          "column": 75
        }
      }
    },
    {
      "type": {
        "label": "export",
        "keyword": "export",
        "beforeExpr": false,
        "startsExpr": false,
        "rightAssociative": false,
        "isLoop": false,
        "isAssign": false,
        "prefix": false,
        "postfix": false,
        "binop": null,
        "updateContext": null
      },
      "value": "export",
      "start": 77,
      "end": 83,
      "loc": {
        "start": {
          "line": 2,
          "column": 0
        },
        "end": {
          "line": 2,
          "column": 6
        }
      }
    },
    {
      "type": {
        "label": "{",
        "beforeExpr": true,
        "startsExpr": true,
        "rightAssociative": false,
        "isLoop": false,
        "isAssign": false,
        "prefix": false,
        "postfix": false,
        "binop": null
      },
      "start": 84,
      "end": 85,
      "loc": {
        "start": {
          "line": 2,
          "column": 7
        },
        "end": {
          "line": 2,
          "column": 8
        }
      }
    },
    {
      "type": {
        "label": "name",
        "beforeExpr": false,
        "startsExpr": true,
        "rightAssociative": false,
        "isLoop": false,
        "isAssign": false,
        "prefix": false,
        "postfix": false,
        "binop": null
      },
      "value": "ColorEdgesMaterial",
      "start": 86,
      "end": 104,
      "loc": {
        "start": {
          "line": 2,
          "column": 9
        },
        "end": {
          "line": 2,
          "column": 27
        }
      }
    },
    {
      "type": {
        "label": "}",
        "beforeExpr": false,
        "startsExpr": false,
        "rightAssociative": false,
        "isLoop": false,
        "isAssign": false,
        "prefix": false,
        "postfix": false,
        "binop": null
      },
      "start": 105,
      "end": 106,
      "loc": {
        "start": {
          "line": 2,
          "column": 28
        },
        "end": {
          "line": 2,
          "column": 29
        }
      }
    },
    {
      "type": {
        "label": "name",
        "beforeExpr": false,
        "startsExpr": true,
        "rightAssociative": false,
        "isLoop": false,
        "isAssign": false,
        "prefix": false,
        "postfix": false,
        "binop": null
      },
      "value": "from",
      "start": 107,
      "end": 111,
      "loc": {
        "start": {
          "line": 2,
          "column": 30
        },
        "end": {
          "line": 2,
          "column": 34
        }
      }
    },
    {
      "type": {
        "label": "string",
        "beforeExpr": false,
        "startsExpr": true,
        "rightAssociative": false,
        "isLoop": false,
        "isAssign": false,
        "prefix": false,
        "postfix": false,
        "binop": null,
        "updateContext": null
      },
      "value": "./ColorEdgesMaterial.js",
      "start": 112,
      "end": 137,
      "loc": {
        "start": {
          "line": 2,
          "column": 35
        },
        "end": {
          "line": 2,
          "column": 60
        }
      }
    },
    {
      "type": {
        "label": ";",
        "beforeExpr": true,
        "startsExpr": false,
        "rightAssociative": false,
        "isLoop": false,
        "isAssign": false,
        "prefix": false,
        "postfix": false,
        "binop": null,
        "updateContext": null
      },
      "start": 137,
      "end": 138,
      "loc": {
        "start": {
          "line": 2,
          "column": 60
        },
        "end": {
          "line": 2,
          "column": 61
        }
      }
    },
    {
      "type": {
        "label": "export",
        "keyword": "export",
        "beforeExpr": false,
        "startsExpr": false,
        "rightAssociative": false,
        "isLoop": false,
        "isAssign": false,
        "prefix": false,
        "postfix": false,
        "binop": null,
        "updateContext": null
      },
      "value": "export",
      "start": 140,
      "end": 146,
      "loc": {
        "start": {
          "line": 3,
          "column": 0
        },
        "end": {
          "line": 3,
          "column": 6
        }
      }
    },
    {
      "type": {
        "label": "{",
        "beforeExpr": true,
        "startsExpr": true,
        "rightAssociative": false,
        "isLoop": false,
        "isAssign": false,
        "prefix": false,
        "postfix": false,
        "binop": null
      },
      "start": 147,
      "end": 148,
      "loc": {
        "start": {
          "line": 3,
          "column": 7
        },
        "end": {
          "line": 3,
          "column": 8
        }
      }
    },
    {
      "type": {
        "label": "name",
        "beforeExpr": false,
        "startsExpr": true,
        "rightAssociative": false,
        "isLoop": false,
        "isAssign": false,
        "prefix": false,
        "postfix": false,
        "binop": null
      },
      "value": "ConvolutionMaterial",
      "start": 149,
      "end": 168,
      "loc": {
        "start": {
          "line": 3,
          "column": 9
        },
        "end": {
          "line": 3,
          "column": 28
        }
      }
    },
    {
      "type": {
        "label": ",",
        "beforeExpr": true,
        "startsExpr": false,
        "rightAssociative": false,
        "isLoop": false,
        "isAssign": false,
        "prefix": false,
        "postfix": false,
        "binop": null,
        "updateContext": null
      },
      "start": 168,
      "end": 169,
      "loc": {
        "start": {
          "line": 3,
          "column": 28
        },
        "end": {
          "line": 3,
          "column": 29
        }
      }
    },
    {
      "type": {
        "label": "name",
        "beforeExpr": false,
        "startsExpr": true,
        "rightAssociative": false,
        "isLoop": false,
        "isAssign": false,
        "prefix": false,
        "postfix": false,
        "binop": null
      },
      "value": "KernelSize",
      "start": 170,
      "end": 180,
      "loc": {
        "start": {
          "line": 3,
          "column": 30
        },
        "end": {
          "line": 3,
          "column": 40
        }
      }
    },
    {
      "type": {
        "label": "}",
        "beforeExpr": false,
        "startsExpr": false,
        "rightAssociative": false,
        "isLoop": false,
        "isAssign": false,
        "prefix": false,
        "postfix": false,
        "binop": null
      },
      "start": 181,
      "end": 182,
      "loc": {
        "start": {
          "line": 3,
          "column": 41
        },
        "end": {
          "line": 3,
          "column": 42
        }
      }
    },
    {
      "type": {
        "label": "name",
        "beforeExpr": false,
        "startsExpr": true,
        "rightAssociative": false,
        "isLoop": false,
        "isAssign": false,
        "prefix": false,
        "postfix": false,
        "binop": null
      },
      "value": "from",
      "start": 183,
      "end": 187,
      "loc": {
        "start": {
          "line": 3,
          "column": 43
        },
        "end": {
          "line": 3,
          "column": 47
        }
      }
    },
    {
      "type": {
        "label": "string",
        "beforeExpr": false,
        "startsExpr": true,
        "rightAssociative": false,
        "isLoop": false,
        "isAssign": false,
        "prefix": false,
        "postfix": false,
        "binop": null,
        "updateContext": null
      },
      "value": "./ConvolutionMaterial.js",
      "start": 188,
      "end": 214,
      "loc": {
        "start": {
          "line": 3,
          "column": 48
        },
        "end": {
          "line": 3,
          "column": 74
        }
      }
    },
    {
      "type": {
        "label": ";",
        "beforeExpr": true,
        "startsExpr": false,
        "rightAssociative": false,
        "isLoop": false,
        "isAssign": false,
        "prefix": false,
        "postfix": false,
        "binop": null,
        "updateContext": null
      },
      "start": 214,
      "end": 215,
      "loc": {
        "start": {
          "line": 3,
          "column": 74
        },
        "end": {
          "line": 3,
          "column": 75
        }
      }
    },
    {
      "type": {
        "label": "export",
        "keyword": "export",
        "beforeExpr": false,
        "startsExpr": false,
        "rightAssociative": false,
        "isLoop": false,
        "isAssign": false,
        "prefix": false,
        "postfix": false,
        "binop": null,
        "updateContext": null
      },
      "value": "export",
      "start": 217,
      "end": 223,
      "loc": {
        "start": {
          "line": 4,
          "column": 0
        },
        "end": {
          "line": 4,
          "column": 6
        }
      }
    },
    {
      "type": {
        "label": "{",
        "beforeExpr": true,
        "startsExpr": true,
        "rightAssociative": false,
        "isLoop": false,
        "isAssign": false,
        "prefix": false,
        "postfix": false,
        "binop": null
      },
      "start": 224,
      "end": 225,
      "loc": {
        "start": {
          "line": 4,
          "column": 7
        },
        "end": {
          "line": 4,
          "column": 8
        }
      }
    },
    {
      "type": {
        "label": "name",
        "beforeExpr": false,
        "startsExpr": true,
        "rightAssociative": false,
        "isLoop": false,
        "isAssign": false,
        "prefix": false,
        "postfix": false,
        "binop": null
      },
      "value": "CopyMaterial",
      "start": 226,
      "end": 238,
      "loc": {
        "start": {
          "line": 4,
          "column": 9
        },
        "end": {
          "line": 4,
          "column": 21
        }
      }
    },
    {
      "type": {
        "label": "}",
        "beforeExpr": false,
        "startsExpr": false,
        "rightAssociative": false,
        "isLoop": false,
        "isAssign": false,
        "prefix": false,
        "postfix": false,
        "binop": null
      },
      "start": 239,
      "end": 240,
      "loc": {
        "start": {
          "line": 4,
          "column": 22
        },
        "end": {
          "line": 4,
          "column": 23
        }
      }
    },
    {
      "type": {
        "label": "name",
        "beforeExpr": false,
        "startsExpr": true,
        "rightAssociative": false,
        "isLoop": false,
        "isAssign": false,
        "prefix": false,
        "postfix": false,
        "binop": null
      },
      "value": "from",
      "start": 241,
      "end": 245,
      "loc": {
        "start": {
          "line": 4,
          "column": 24
        },
        "end": {
          "line": 4,
          "column": 28
        }
      }
    },
    {
      "type": {
        "label": "string",
        "beforeExpr": false,
        "startsExpr": true,
        "rightAssociative": false,
        "isLoop": false,
        "isAssign": false,
        "prefix": false,
        "postfix": false,
        "binop": null,
        "updateContext": null
      },
      "value": "./CopyMaterial.js",
      "start": 246,
      "end": 265,
      "loc": {
        "start": {
          "line": 4,
          "column": 29
        },
        "end": {
          "line": 4,
          "column": 48
        }
      }
    },
    {
      "type": {
        "label": ";",
        "beforeExpr": true,
        "startsExpr": false,
        "rightAssociative": false,
        "isLoop": false,
        "isAssign": false,
        "prefix": false,
        "postfix": false,
        "binop": null,
        "updateContext": null
      },
      "start": 265,
      "end": 266,
      "loc": {
        "start": {
          "line": 4,
          "column": 48
        },
        "end": {
          "line": 4,
          "column": 49
        }
      }
    },
    {
      "type": {
        "label": "export",
        "keyword": "export",
        "beforeExpr": false,
        "startsExpr": false,
        "rightAssociative": false,
        "isLoop": false,
        "isAssign": false,
        "prefix": false,
        "postfix": false,
        "binop": null,
        "updateContext": null
      },
      "value": "export",
      "start": 268,
      "end": 274,
      "loc": {
        "start": {
          "line": 5,
          "column": 0
        },
        "end": {
          "line": 5,
          "column": 6
        }
      }
    },
    {
      "type": {
        "label": "{",
        "beforeExpr": true,
        "startsExpr": true,
        "rightAssociative": false,
        "isLoop": false,
        "isAssign": false,
        "prefix": false,
        "postfix": false,
        "binop": null
      },
      "start": 275,
      "end": 276,
      "loc": {
        "start": {
          "line": 5,
          "column": 7
        },
        "end": {
          "line": 5,
          "column": 8
        }
      }
    },
    {
      "type": {
        "label": "name",
        "beforeExpr": false,
        "startsExpr": true,
        "rightAssociative": false,
        "isLoop": false,
        "isAssign": false,
        "prefix": false,
        "postfix": false,
        "binop": null
      },
      "value": "DepthComparisonMaterial",
      "start": 277,
      "end": 300,
      "loc": {
        "start": {
          "line": 5,
          "column": 9
        },
        "end": {
          "line": 5,
          "column": 32
        }
      }
    },
    {
      "type": {
        "label": "}",
        "beforeExpr": false,
        "startsExpr": false,
        "rightAssociative": false,
        "isLoop": false,
        "isAssign": false,
        "prefix": false,
        "postfix": false,
        "binop": null
      },
      "start": 301,
      "end": 302,
      "loc": {
        "start": {
          "line": 5,
          "column": 33
        },
        "end": {
          "line": 5,
          "column": 34
        }
      }
    },
    {
      "type": {
        "label": "name",
        "beforeExpr": false,
        "startsExpr": true,
        "rightAssociative": false,
        "isLoop": false,
        "isAssign": false,
        "prefix": false,
        "postfix": false,
        "binop": null
      },
      "value": "from",
      "start": 303,
      "end": 307,
      "loc": {
        "start": {
          "line": 5,
          "column": 35
        },
        "end": {
          "line": 5,
          "column": 39
        }
      }
    },
    {
      "type": {
        "label": "string",
        "beforeExpr": false,
        "startsExpr": true,
        "rightAssociative": false,
        "isLoop": false,
        "isAssign": false,
        "prefix": false,
        "postfix": false,
        "binop": null,
        "updateContext": null
      },
      "value": "./DepthComparisonMaterial.js",
      "start": 308,
      "end": 338,
      "loc": {
        "start": {
          "line": 5,
          "column": 40
        },
        "end": {
          "line": 5,
          "column": 70
        }
      }
    },
    {
      "type": {
        "label": ";",
        "beforeExpr": true,
        "startsExpr": false,
        "rightAssociative": false,
        "isLoop": false,
        "isAssign": false,
        "prefix": false,
        "postfix": false,
        "binop": null,
        "updateContext": null
      },
      "start": 338,
      "end": 339,
      "loc": {
        "start": {
          "line": 5,
          "column": 70
        },
        "end": {
          "line": 5,
          "column": 71
        }
      }
    },
    {
      "type": {
        "label": "export",
        "keyword": "export",
        "beforeExpr": false,
        "startsExpr": false,
        "rightAssociative": false,
        "isLoop": false,
        "isAssign": false,
        "prefix": false,
        "postfix": false,
        "binop": null,
        "updateContext": null
      },
      "value": "export",
      "start": 341,
      "end": 347,
      "loc": {
        "start": {
          "line": 6,
          "column": 0
        },
        "end": {
          "line": 6,
          "column": 6
        }
      }
    },
    {
      "type": {
        "label": "{",
        "beforeExpr": true,
        "startsExpr": true,
        "rightAssociative": false,
        "isLoop": false,
        "isAssign": false,
        "prefix": false,
        "postfix": false,
        "binop": null
      },
      "start": 348,
      "end": 349,
      "loc": {
        "start": {
          "line": 6,
          "column": 7
        },
        "end": {
          "line": 6,
          "column": 8
        }
      }
    },
    {
      "type": {
        "label": "name",
        "beforeExpr": false,
        "startsExpr": true,
        "rightAssociative": false,
        "isLoop": false,
        "isAssign": false,
        "prefix": false,
        "postfix": false,
        "binop": null
      },
      "value": "DepthMaskMaterial",
      "start": 350,
      "end": 367,
      "loc": {
        "start": {
          "line": 6,
          "column": 9
        },
        "end": {
          "line": 6,
          "column": 26
        }
      }
    },
    {
      "type": {
        "label": "}",
        "beforeExpr": false,
        "startsExpr": false,
        "rightAssociative": false,
        "isLoop": false,
        "isAssign": false,
        "prefix": false,
        "postfix": false,
        "binop": null
      },
      "start": 368,
      "end": 369,
      "loc": {
        "start": {
          "line": 6,
          "column": 27
        },
        "end": {
          "line": 6,
          "column": 28
        }
      }
    },
    {
      "type": {
        "label": "name",
        "beforeExpr": false,
        "startsExpr": true,
        "rightAssociative": false,
        "isLoop": false,
        "isAssign": false,
        "prefix": false,
        "postfix": false,
        "binop": null
      },
      "value": "from",
      "start": 370,
      "end": 374,
      "loc": {
        "start": {
          "line": 6,
          "column": 29
        },
        "end": {
          "line": 6,
          "column": 33
        }
      }
    },
    {
      "type": {
        "label": "string",
        "beforeExpr": false,
        "startsExpr": true,
        "rightAssociative": false,
        "isLoop": false,
        "isAssign": false,
        "prefix": false,
        "postfix": false,
        "binop": null,
        "updateContext": null
      },
      "value": "./DepthMaskMaterial.js",
      "start": 375,
      "end": 399,
      "loc": {
        "start": {
          "line": 6,
          "column": 34
        },
        "end": {
          "line": 6,
          "column": 58
        }
      }
    },
    {
      "type": {
        "label": ";",
        "beforeExpr": true,
        "startsExpr": false,
        "rightAssociative": false,
        "isLoop": false,
        "isAssign": false,
        "prefix": false,
        "postfix": false,
        "binop": null,
        "updateContext": null
      },
      "start": 399,
      "end": 400,
      "loc": {
        "start": {
          "line": 6,
          "column": 58
        },
        "end": {
          "line": 6,
          "column": 59
        }
      }
    },
    {
      "type": {
        "label": "export",
        "keyword": "export",
        "beforeExpr": false,
        "startsExpr": false,
        "rightAssociative": false,
        "isLoop": false,
        "isAssign": false,
        "prefix": false,
        "postfix": false,
        "binop": null,
        "updateContext": null
      },
      "value": "export",
      "start": 402,
      "end": 408,
      "loc": {
        "start": {
          "line": 7,
          "column": 0
        },
        "end": {
          "line": 7,
          "column": 6
        }
      }
    },
    {
      "type": {
        "label": "{",
        "beforeExpr": true,
        "startsExpr": true,
        "rightAssociative": false,
        "isLoop": false,
        "isAssign": false,
        "prefix": false,
        "postfix": false,
        "binop": null
      },
      "start": 409,
      "end": 410,
      "loc": {
        "start": {
          "line": 7,
          "column": 7
        },
        "end": {
          "line": 7,
          "column": 8
        }
      }
    },
    {
      "type": {
        "label": "name",
        "beforeExpr": false,
        "startsExpr": true,
        "rightAssociative": false,
        "isLoop": false,
        "isAssign": false,
        "prefix": false,
        "postfix": false,
        "binop": null
      },
      "value": "EffectMaterial",
      "start": 411,
      "end": 425,
      "loc": {
        "start": {
          "line": 7,
          "column": 9
        },
        "end": {
          "line": 7,
          "column": 23
        }
      }
    },
    {
      "type": {
        "label": ",",
        "beforeExpr": true,
        "startsExpr": false,
        "rightAssociative": false,
        "isLoop": false,
        "isAssign": false,
        "prefix": false,
        "postfix": false,
        "binop": null,
        "updateContext": null
      },
      "start": 425,
      "end": 426,
      "loc": {
        "start": {
          "line": 7,
          "column": 23
        },
        "end": {
          "line": 7,
          "column": 24
        }
      }
    },
    {
      "type": {
        "label": "name",
        "beforeExpr": false,
        "startsExpr": true,
        "rightAssociative": false,
        "isLoop": false,
        "isAssign": false,
        "prefix": false,
        "postfix": false,
        "binop": null
      },
      "value": "Section",
      "start": 427,
      "end": 434,
      "loc": {
        "start": {
          "line": 7,
          "column": 25
        },
        "end": {
          "line": 7,
          "column": 32
        }
      }
    },
    {
      "type": {
        "label": "}",
        "beforeExpr": false,
        "startsExpr": false,
        "rightAssociative": false,
        "isLoop": false,
        "isAssign": false,
        "prefix": false,
        "postfix": false,
        "binop": null
      },
      "start": 435,
      "end": 436,
      "loc": {
        "start": {
          "line": 7,
          "column": 33
        },
        "end": {
          "line": 7,
          "column": 34
        }
      }
    },
    {
      "type": {
        "label": "name",
        "beforeExpr": false,
        "startsExpr": true,
        "rightAssociative": false,
        "isLoop": false,
        "isAssign": false,
        "prefix": false,
        "postfix": false,
        "binop": null
      },
      "value": "from",
      "start": 437,
      "end": 441,
      "loc": {
        "start": {
          "line": 7,
          "column": 35
        },
        "end": {
          "line": 7,
          "column": 39
        }
      }
    },
    {
      "type": {
        "label": "string",
        "beforeExpr": false,
        "startsExpr": true,
        "rightAssociative": false,
        "isLoop": false,
        "isAssign": false,
        "prefix": false,
        "postfix": false,
        "binop": null,
        "updateContext": null
      },
      "value": "./EffectMaterial.js",
      "start": 442,
      "end": 463,
      "loc": {
        "start": {
          "line": 7,
          "column": 40
        },
        "end": {
          "line": 7,
          "column": 61
        }
      }
    },
    {
      "type": {
        "label": ";",
        "beforeExpr": true,
        "startsExpr": false,
        "rightAssociative": false,
        "isLoop": false,
        "isAssign": false,
        "prefix": false,
        "postfix": false,
        "binop": null,
        "updateContext": null
      },
      "start": 463,
      "end": 464,
      "loc": {
        "start": {
          "line": 7,
          "column": 61
        },
        "end": {
          "line": 7,
          "column": 62
        }
      }
    },
    {
      "type": {
        "label": "export",
        "keyword": "export",
        "beforeExpr": false,
        "startsExpr": false,
        "rightAssociative": false,
        "isLoop": false,
        "isAssign": false,
        "prefix": false,
        "postfix": false,
        "binop": null,
        "updateContext": null
      },
      "value": "export",
      "start": 466,
      "end": 472,
      "loc": {
        "start": {
          "line": 8,
          "column": 0
        },
        "end": {
          "line": 8,
          "column": 6
        }
      }
    },
    {
      "type": {
        "label": "{",
        "beforeExpr": true,
        "startsExpr": true,
        "rightAssociative": false,
        "isLoop": false,
        "isAssign": false,
        "prefix": false,
        "postfix": false,
        "binop": null
      },
      "start": 473,
      "end": 474,
      "loc": {
        "start": {
          "line": 8,
          "column": 7
        },
        "end": {
          "line": 8,
          "column": 8
        }
      }
    },
    {
      "type": {
        "label": "name",
        "beforeExpr": false,
        "startsExpr": true,
        "rightAssociative": false,
        "isLoop": false,
        "isAssign": false,
        "prefix": false,
        "postfix": false,
        "binop": null
      },
      "value": "GodRaysMaterial",
      "start": 475,
      "end": 490,
      "loc": {
        "start": {
          "line": 8,
          "column": 9
        },
        "end": {
          "line": 8,
          "column": 24
        }
      }
    },
    {
      "type": {
        "label": "}",
        "beforeExpr": false,
        "startsExpr": false,
        "rightAssociative": false,
        "isLoop": false,
        "isAssign": false,
        "prefix": false,
        "postfix": false,
        "binop": null
      },
      "start": 491,
      "end": 492,
      "loc": {
        "start": {
          "line": 8,
          "column": 25
        },
        "end": {
          "line": 8,
          "column": 26
        }
      }
    },
    {
      "type": {
        "label": "name",
        "beforeExpr": false,
        "startsExpr": true,
        "rightAssociative": false,
        "isLoop": false,
        "isAssign": false,
        "prefix": false,
        "postfix": false,
        "binop": null
      },
      "value": "from",
      "start": 493,
      "end": 497,
      "loc": {
        "start": {
          "line": 8,
          "column": 27
        },
        "end": {
          "line": 8,
          "column": 31
        }
      }
    },
    {
      "type": {
        "label": "string",
        "beforeExpr": false,
        "startsExpr": true,
        "rightAssociative": false,
        "isLoop": false,
        "isAssign": false,
        "prefix": false,
        "postfix": false,
        "binop": null,
        "updateContext": null
      },
      "value": "./GodRaysMaterial.js",
      "start": 498,
      "end": 520,
      "loc": {
        "start": {
          "line": 8,
          "column": 32
        },
        "end": {
          "line": 8,
          "column": 54
        }
      }
    },
    {
      "type": {
        "label": ";",
        "beforeExpr": true,
        "startsExpr": false,
        "rightAssociative": false,
        "isLoop": false,
        "isAssign": false,
        "prefix": false,
        "postfix": false,
        "binop": null,
        "updateContext": null
      },
      "start": 520,
      "end": 521,
      "loc": {
        "start": {
          "line": 8,
          "column": 54
        },
        "end": {
          "line": 8,
          "column": 55
        }
      }
    },
    {
      "type": {
        "label": "export",
        "keyword": "export",
        "beforeExpr": false,
        "startsExpr": false,
        "rightAssociative": false,
        "isLoop": false,
        "isAssign": false,
        "prefix": false,
        "postfix": false,
        "binop": null,
        "updateContext": null
      },
      "value": "export",
      "start": 523,
      "end": 529,
      "loc": {
        "start": {
          "line": 9,
          "column": 0
        },
        "end": {
          "line": 9,
          "column": 6
        }
      }
    },
    {
      "type": {
        "label": "{",
        "beforeExpr": true,
        "startsExpr": true,
        "rightAssociative": false,
        "isLoop": false,
        "isAssign": false,
        "prefix": false,
        "postfix": false,
        "binop": null
      },
      "start": 530,
      "end": 531,
      "loc": {
        "start": {
          "line": 9,
          "column": 7
        },
        "end": {
          "line": 9,
          "column": 8
        }
      }
    },
    {
      "type": {
        "label": "name",
        "beforeExpr": false,
        "startsExpr": true,
        "rightAssociative": false,
        "isLoop": false,
        "isAssign": false,
        "prefix": false,
        "postfix": false,
        "binop": null
      },
      "value": "LuminanceMaterial",
      "start": 532,
      "end": 549,
      "loc": {
        "start": {
          "line": 9,
          "column": 9
        },
        "end": {
          "line": 9,
          "column": 26
        }
      }
    },
    {
      "type": {
        "label": "}",
        "beforeExpr": false,
        "startsExpr": false,
        "rightAssociative": false,
        "isLoop": false,
        "isAssign": false,
        "prefix": false,
        "postfix": false,
        "binop": null
      },
      "start": 550,
      "end": 551,
      "loc": {
        "start": {
          "line": 9,
          "column": 27
        },
        "end": {
          "line": 9,
          "column": 28
        }
      }
    },
    {
      "type": {
        "label": "name",
        "beforeExpr": false,
        "startsExpr": true,
        "rightAssociative": false,
        "isLoop": false,
        "isAssign": false,
        "prefix": false,
        "postfix": false,
        "binop": null
      },
      "value": "from",
      "start": 552,
      "end": 556,
      "loc": {
        "start": {
          "line": 9,
          "column": 29
        },
        "end": {
          "line": 9,
          "column": 33
        }
      }
    },
    {
      "type": {
        "label": "string",
        "beforeExpr": false,
        "startsExpr": true,
        "rightAssociative": false,
        "isLoop": false,
        "isAssign": false,
        "prefix": false,
        "postfix": false,
        "binop": null,
        "updateContext": null
      },
      "value": "./LuminanceMaterial.js",
      "start": 557,
      "end": 581,
      "loc": {
        "start": {
          "line": 9,
          "column": 34
        },
        "end": {
          "line": 9,
          "column": 58
        }
      }
    },
    {
      "type": {
        "label": ";",
        "beforeExpr": true,
        "startsExpr": false,
        "rightAssociative": false,
        "isLoop": false,
        "isAssign": false,
        "prefix": false,
        "postfix": false,
        "binop": null,
        "updateContext": null
      },
      "start": 581,
      "end": 582,
      "loc": {
        "start": {
          "line": 9,
          "column": 58
        },
        "end": {
          "line": 9,
          "column": 59
        }
      }
    },
    {
      "type": {
        "label": "export",
        "keyword": "export",
        "beforeExpr": false,
        "startsExpr": false,
        "rightAssociative": false,
        "isLoop": false,
        "isAssign": false,
        "prefix": false,
        "postfix": false,
        "binop": null,
        "updateContext": null
      },
      "value": "export",
      "start": 584,
      "end": 590,
      "loc": {
        "start": {
          "line": 10,
          "column": 0
        },
        "end": {
          "line": 10,
          "column": 6
        }
      }
    },
    {
      "type": {
        "label": "{",
        "beforeExpr": true,
        "startsExpr": true,
        "rightAssociative": false,
        "isLoop": false,
        "isAssign": false,
        "prefix": false,
        "postfix": false,
        "binop": null
      },
      "start": 591,
      "end": 592,
      "loc": {
        "start": {
          "line": 10,
          "column": 7
        },
        "end": {
          "line": 10,
          "column": 8
        }
      }
    },
    {
      "type": {
        "label": "name",
        "beforeExpr": false,
        "startsExpr": true,
        "rightAssociative": false,
        "isLoop": false,
        "isAssign": false,
        "prefix": false,
        "postfix": false,
        "binop": null
      },
      "value": "OutlineEdgesMaterial",
      "start": 593,
      "end": 613,
      "loc": {
        "start": {
          "line": 10,
          "column": 9
        },
        "end": {
          "line": 10,
          "column": 29
        }
      }
    },
    {
      "type": {
        "label": "}",
        "beforeExpr": false,
        "startsExpr": false,
        "rightAssociative": false,
        "isLoop": false,
        "isAssign": false,
        "prefix": false,
        "postfix": false,
        "binop": null
      },
      "start": 614,
      "end": 615,
      "loc": {
        "start": {
          "line": 10,
          "column": 30
        },
        "end": {
          "line": 10,
          "column": 31
        }
      }
    },
    {
      "type": {
        "label": "name",
        "beforeExpr": false,
        "startsExpr": true,
        "rightAssociative": false,
        "isLoop": false,
        "isAssign": false,
        "prefix": false,
        "postfix": false,
        "binop": null
      },
      "value": "from",
      "start": 616,
      "end": 620,
      "loc": {
        "start": {
          "line": 10,
          "column": 32
        },
        "end": {
          "line": 10,
          "column": 36
        }
      }
    },
    {
      "type": {
        "label": "string",
        "beforeExpr": false,
        "startsExpr": true,
        "rightAssociative": false,
        "isLoop": false,
        "isAssign": false,
        "prefix": false,
        "postfix": false,
        "binop": null,
        "updateContext": null
      },
      "value": "./OutlineEdgesMaterial.js",
      "start": 621,
      "end": 648,
      "loc": {
        "start": {
          "line": 10,
          "column": 37
        },
        "end": {
          "line": 10,
          "column": 64
        }
      }
    },
    {
      "type": {
        "label": ";",
        "beforeExpr": true,
        "startsExpr": false,
        "rightAssociative": false,
        "isLoop": false,
        "isAssign": false,
        "prefix": false,
        "postfix": false,
        "binop": null,
        "updateContext": null
      },
      "start": 648,
      "end": 649,
      "loc": {
        "start": {
          "line": 10,
          "column": 64
        },
        "end": {
          "line": 10,
          "column": 65
        }
      }
    },
    {
      "type": {
        "label": "export",
        "keyword": "export",
        "beforeExpr": false,
        "startsExpr": false,
        "rightAssociative": false,
        "isLoop": false,
        "isAssign": false,
        "prefix": false,
        "postfix": false,
        "binop": null,
        "updateContext": null
      },
      "value": "export",
      "start": 651,
      "end": 657,
      "loc": {
        "start": {
          "line": 11,
          "column": 0
        },
        "end": {
          "line": 11,
          "column": 6
        }
      }
    },
    {
      "type": {
        "label": "{",
        "beforeExpr": true,
        "startsExpr": true,
        "rightAssociative": false,
        "isLoop": false,
        "isAssign": false,
        "prefix": false,
        "postfix": false,
        "binop": null
      },
      "start": 658,
      "end": 659,
      "loc": {
        "start": {
          "line": 11,
          "column": 7
        },
        "end": {
          "line": 11,
          "column": 8
        }
      }
    },
    {
      "type": {
        "label": "name",
        "beforeExpr": false,
        "startsExpr": true,
        "rightAssociative": false,
        "isLoop": false,
        "isAssign": false,
        "prefix": false,
        "postfix": false,
        "binop": null
      },
      "value": "SMAAWeightsMaterial",
      "start": 660,
      "end": 679,
      "loc": {
        "start": {
          "line": 11,
          "column": 9
        },
        "end": {
          "line": 11,
          "column": 28
        }
      }
    },
    {
      "type": {
        "label": "}",
        "beforeExpr": false,
        "startsExpr": false,
        "rightAssociative": false,
        "isLoop": false,
        "isAssign": false,
        "prefix": false,
        "postfix": false,
        "binop": null
      },
      "start": 680,
      "end": 681,
      "loc": {
        "start": {
          "line": 11,
          "column": 29
        },
        "end": {
          "line": 11,
          "column": 30
        }
      }
    },
    {
      "type": {
        "label": "name",
        "beforeExpr": false,
        "startsExpr": true,
        "rightAssociative": false,
        "isLoop": false,
        "isAssign": false,
        "prefix": false,
        "postfix": false,
        "binop": null
      },
      "value": "from",
      "start": 682,
      "end": 686,
      "loc": {
        "start": {
          "line": 11,
          "column": 31
        },
        "end": {
          "line": 11,
          "column": 35
        }
      }
    },
    {
      "type": {
        "label": "string",
        "beforeExpr": false,
        "startsExpr": true,
        "rightAssociative": false,
        "isLoop": false,
        "isAssign": false,
        "prefix": false,
        "postfix": false,
        "binop": null,
        "updateContext": null
      },
      "value": "./SMAAWeightsMaterial.js",
      "start": 687,
      "end": 713,
      "loc": {
        "start": {
          "line": 11,
          "column": 36
        },
        "end": {
          "line": 11,
          "column": 62
        }
      }
    },
    {
      "type": {
        "label": ";",
        "beforeExpr": true,
        "startsExpr": false,
        "rightAssociative": false,
        "isLoop": false,
        "isAssign": false,
        "prefix": false,
        "postfix": false,
        "binop": null,
        "updateContext": null
      },
      "start": 713,
      "end": 714,
      "loc": {
        "start": {
          "line": 11,
          "column": 62
        },
        "end": {
          "line": 11,
          "column": 63
        }
      }
    },
    {
      "type": {
        "label": "eof",
        "beforeExpr": false,
        "startsExpr": false,
        "rightAssociative": false,
        "isLoop": false,
        "isAssign": false,
        "prefix": false,
        "postfix": false,
        "binop": null,
        "updateContext": null
      },
      "start": 716,
      "end": 716,
      "loc": {
        "start": {
          "line": 12,
          "column": 0
        },
        "end": {
          "line": 12,
          "column": 0
        }
      }
    }
  ]
}